item_id|date|title|category|content|link|photo_link|tokens_v2|top_key_freq|sentiment|summary
電影情報_2024-04-14_2|2024-04-14|《日安，朵朵》伊莎貝雨蓓電影飛往櫻花京都戀上年下編輯，這一次能否勇敢去愛？|電影新聞|《日安，朵朵》為法國新銳女導演艾莉絲吉拉德第三部劇情長片，找來法國大滿貫影后伊莎貝雨蓓挑大樑主演，不僅遠赴日本取景拍攝，更以幽默、詼諧的巧思帶出東西文化差異所產生的火花。伊莎貝雨蓓在片中飾演一名完全不懂日文、對東方文化一無所知的女作家希朵妮，從機場入境開始，日本人一連串多禮、安靜、秩序的舉止都讓她感到新奇又有些不適應。特別是對於日本人到哪裡總是不斷鞠躬、堅持幫客人提包包等「多禮文化」感到困惑。內容目錄導演艾莉絲表示，自己希望女主角希朵妮渾身上下必須散發濃濃的「法式風情」，以此和男主角溝口（伊原剛志 飾）呈現對比。除了行為上的隔閡，語言的隔閡也是片中一大重點，一場希朵妮因房間有問題，跑到旅館櫃檯英法語夾雜地向服務人員請求協助，對方卻不斷放慢語速重複著制式的日語答覆，讓她氣到奪門而出的戲，也再次以幽默的方式帶出不同語言對話的趣味。導演艾莉絲坦言，在寫希朵妮這個角色時，腦海中自動帶入伊莎貝雨蓓的身影，很慶幸地，在向雨蓓提出邀約後，她二話不說答應參與演出。至於編輯溝口一角，則是在試鏡了多名日本男演員後，最終選定了曾參與過《來自硫磺島的信》、《第七軍團：最後戰役》、《情牽拉麵茶》等眾多國際合拍片的伊原剛志飾演，導演艾莉絲笑稱：「伊原先生的身材很高挑挺拔，站在雨蓓身邊可以凸顯出『最萌身高差』，我很喜歡這種反差感！」語言能力優異的伊原剛志，此次在《日安，朵朵》中也大秀流利法語，與來自法國的貴客希朵妮敞開心胸從工作、文學的交流，慢慢地走入彼此的內心世界。走不出喪夫之痛的法國作家希朵妮，為了首作再版而來到日本，受到當地書迷熱烈歡迎。一位年下的編輯帶著她來到有著「千寺之城」之稱的京都，還走訪了大阪、奈良和直島。當他們並肩走在櫻花盛開的京都小路上，那些煩心、悲傷的心事彷彿在這裡得到釋懷，人生的春天好似就要到來。然而，當她決定敞開心房時，卻發現亡夫的鬼魂始終如影隨形，在旅館、在浴室、在寺廟、在簽書會上。她能放下過往的包袱，重新勇敢去愛嗎？資料來源：天馬行空|https://news.agentm.tw/277116/|https://news.agentm.tw/wp-content/uploads/cover-1-2551-390x219.jpg|['日安', '朵朵', '法國', '新銳', '導演', '艾莉絲吉拉德', '劇情', '長片', '找來', '法國', '大滿貫', '影后', '伊莎貝雨蓓', '主演', '日本', '取景', '拍攝', '巧思', '帶出', '文化', '差異', '火花', '伊莎貝雨蓓', '飾演', '日文', '文化', '作家', '希朵妮', '機場', '日本人', '秩序', '舉止', '日本人', '客人', '包包', '文化', '內容', '目錄', '導演', '艾莉絲', '女主角', '朵妮', '散發', '風情', '主角', '溝口', '伊原剛志 飾', '對比', '行為', '語言', '重點', '朵妮', '房間', '問題', '旅館', '櫃檯', '法語', '服務人員', '協助', '放慢語', '重複', '日語', '方式', '帶出', '語言', '對話', '趣味', '導演', '艾莉絲', '希朵妮', '角色', '腦海', '伊莎貝雨蓓', '身影', '雨蓓', '提出', '邀約', '編輯', '溝口', '一角', '日本', '男演員', '選定', '硫磺島', '戰役', '拉麵茶', '國際合拍片', '伊原剛志', '飾演', '導演', '艾莉絲', '伊原', '先生', '身材', '雨蓓', '身邊', '反差感', '語言', '伊原', '剛志', '日安', '秀流利', '法語', '法國', '貴客', '希朵妮', '敞開', '心胸', '工作', '文學', '內心', '世界', '法國', '作家', '希朵妮', '再版', '日本', '當地', '書迷', '編輯', '京都', '大阪', '奈良', '直島', '櫻花', '京都', '心事', '人生', '敞開', '心房', '亡夫', '鬼魂', '旅館', '浴室', '寺廟', '簽書會', '放下', '包袱', '資料', '來源']|[('法國', 4), ('導演', 4), ('希朵妮', 4), ('伊莎貝雨蓓', 3), ('日本', 3), ('文化', 3), ('艾莉絲', 3), ('語言', 3), ('日安', 2), ('帶出', 2), ('飾演', 2), ('作家', 2), ('日本人', 2), ('朵妮', 2), ('溝口', 2), ('旅館', 2), ('法語', 2), ('雨蓓', 2), ('編輯', 2), ('伊原', 2), ('敞開', 2), ('京都', 2), ('朵朵', 1), ('新銳', 1), ('艾莉絲吉拉德', 1), ('劇情', 1), ('長片', 1), ('找來', 1), ('大滿貫', 1), ('影后', 1), ('主演', 1), ('取景', 1), ('拍攝', 1), ('巧思', 1), ('差異', 1), ('火花', 1), ('日文', 1), ('機場', 1), ('秩序', 1), ('舉止', 1), ('客人', 1), ('包包', 1), ('內容', 1), ('目錄', 1), ('女主角', 1), ('散發', 1), ('風情', 1), ('主角', 1), ('伊原剛志 飾', 1), ('對比', 1), ('行為', 1), ('重點', 1), ('房間', 1), ('問題', 1), ('櫃檯', 1), ('服務人員', 1), ('協助', 1), ('放慢語', 1), ('重複', 1), ('日語', 1), ('方式', 1), ('對話', 1), ('趣味', 1), ('角色', 1), ('腦海', 1), ('身影', 1), ('提出', 1), ('邀約', 1), ('一角', 1), ('男演員', 1), ('選定', 1), ('硫磺島', 1), ('戰役', 1), ('拉麵茶', 1), ('國際合拍片', 1), ('伊原剛志', 1), ('先生', 1), ('身材', 1), ('身邊', 1), ('反差感', 1), ('剛志', 1), ('秀流利', 1), ('貴客', 1), ('心胸', 1), ('工作', 1), ('文學', 1), ('內心', 1), ('世界', 1), ('再版', 1), ('當地', 1), ('書迷', 1), ('大阪', 1), ('奈良', 1), ('直島', 1), ('櫻花', 1), ('心事', 1), ('人生', 1), ('心房', 1), ('亡夫', 1), ('鬼魂', 1), ('浴室', 1), ('寺廟', 1), ('簽書會', 1), ('放下', 1), ('包袱', 1), ('資料', 1), ('來源', 1)]|1.0|"伊莎貝雨蓓在片中飾演一名完全不懂日文、對東方文化一無所知的女作家希朵妮 | 走不出喪夫之痛的法國作家希朵妮 | 導演艾莉絲笑稱：「伊原先生的身材很高挑挺拔"
電影情報_2024-04-13_3|2024-04-13|四月新番你追了沒？平坂讀與 Kantoku 輕鬆喜劇《怪人的沙拉碗》、熱血韓漫改編《格鬥實況》等推薦動畫片單線上看起來|電影新聞|新的一季動畫新番又要來了！動畫代理商回歸線娛樂 4 月新番中，代理了 4 部優質動畫作品，有全球累積破 20 億瀏覽人氣韓漫改編動畫作品《格鬥實況》，還有獲得日本 2020 年度「百合漫畫大賞」第一名、清新粉紅氛圍的寶藏百合作品《恰如細語般的戀歌》，以及畫風與角色都過分可愛的異世界動畫作品《怪人的沙拉碗》；近期受到許多人關注的運動番類型作品，這一季有高爾夫球元素的《蜻蛉高球》！快來筆記回歸線娛樂代理的 4 月新番作品陣容，列入觀看清單！內容目錄首先推薦由全球累積破 20 億瀏覽人氣韓漫改編動畫作品《格鬥實況》，故事講述校園階級最底層的高中生柳皓彬，為了賺取母親住院費用而過著貧困的生活，而在學校則被同學霸凌，過著絕望的失敗者人生，某天，他和同學黑手打架的影片意外在全世界中直播，透過這支「打架影片」一戰成名獲得千萬流量，並朝街頭格鬥實況主邁進崛起的故事。原作主角帥氣、故事題材新穎符合新世代風格，不僅擁有破億瀏覽的超人氣，更累積眾多獲獎肯定：第 25 屆日本媒體藝術節漫畫部被選為「評審團推薦作品」、最適合動畫化的 LINE 漫畫原創作品排行榜中男性向排名第一。本作動畫化聲優陣容也很精彩，有《葬送的芙莉蓮》欣梅爾聲優岡本信彦、以及《進擊的巨人》米卡莎聲優石川由依等，聲優表現也令人相當期待，喜歡的粉絲千萬不要錯過！接著是超清新粉紅氛圍校園百合動畫作品《恰如細語般的戀歌》，原作漫畫累計銷量已突破 50 萬本，更曾榮獲日本 2020 年度「百合漫畫大賞」第一名，劇情描述高一新生「木野陽鞠」在新生歡迎會上欣賞了樂團「SSGIRLS」的表演。並對樂團吉他手兼主唱朝凪依產生一見鍾情的悸動，依在得知陽鞠的仰慕之情後，也對陽鞠萌生了「一見鐘情」的戀愛情愫。一個是仰慕之情與一個是戀愛情愫，雖然都是喜歡，但感覺卻有微妙的差異。兩個人的「一見鐘情」，轉眼間奏起一段活潑生動的青春樂曲。 《恰如細語般的戀歌》唯美的校園畫風、輕柔的粉色氛圍，兩位女主角無論外型或個性皆相當討喜，動畫化消息推出後便引起粉絲期待，可以說是近期最強百合作品之一！若是喜歡異世界的粉絲千萬不要錯過《怪人的沙拉碗》！此作講述窮偵探鏑矢惣助在跟蹤目標途中，遇見會操控魔術的異世界皇女莎拉。惣助受情勢所逼，和莎拉展開了同居生活。而跟著莎拉傳送到現代日本的女騎士莉薇亞，雖然落魄成了遊民，卻意外地過起歡樂的小日子。這兩個異世界人積極勇敢地面對生命的態度，也日漸對惣助、鬼畜律師、分手業者、宗教家等生活在這塊土地上的奇葩人士們造成影響。平坂讀 X Kantoku 聯手為這個時代打造的天下無雙群像喜劇，堂堂動畫化！ 風格輕鬆歡樂、角色充滿可愛趣味感，推薦給想輕鬆追番的觀眾！最後介紹近期受到許多人關注的運動番類作品，無論是籃球、排球或是足球都受到許多關注，而這一季則有高爾夫球元素的《蜻蛉高球》，描述前職業高爾夫球選手五十嵐一賀，在鹿兒島的火之島上遇見了一位蘊含著異於常人的高爾夫球才華的少女——蜻蛉，以這一段際遇為契機，兩人的命運大幅轉變。運動番作品充滿了許多正向元素，更曾獲得《週刊高爾夫文摘》主辦的「2016 高爾夫摘要獎」的「讀者大獎」，喜歡熱血清新的感覺務必將此部作品加入播放清單！以上回歸線娛樂代理作品均有在中華電信 Hami Video、台灣大哥大 MyVideo、遠傳 friDay 影音、巴哈姆特動畫瘋、LiTV 立視線上影視、ofiii 歐飛免費線上看、KKTV、LINE TV 播放，實際播出時間以平台為主，快把喜歡的作品記下，一起在四月觀看吧！資料來源：回歸線娛樂|https://news.agentm.tw/277154/|https://news.agentm.tw/wp-content/uploads/cover-1-2556-390x219.jpg|['動畫', '新番', '動畫', '代理商', '娛樂', '新番', '代理', '動畫', '作品', '全球', '累積', '瀏覽', '人氣', '韓漫', '改編', '動畫', '作品', '實況', '日本', '漫畫', '大賞', '氛圍', '寶藏', '作品', '細語', '戀歌', '畫風', '角色', '異世界', '作品', '怪人', '沙拉碗', '運動番', '類型', '作品', '高爾夫球', '元素', '蛉高球', '筆記回歸線', '娛樂', '代理', '新番', '作品', '陣容', '觀看', '清單', '內容', '目錄', '推薦', '全球', '累積', '瀏覽', '人氣', '韓漫改編', '動畫', '作品', '實況', '故事', '校園', '階級', '底層', '高中生', '柳皓彬', '賺取', '費用', '生活', '學校', '同學', '人生', '同學', '黑手打架', '影片', '意外', '世界', '影片', '流量', '街頭', '實況', '故事', '原作', '主角', '故事', '題材', '風格', '破億瀏覽', '累積', '日本', '媒體', '漫畫部', '評審團', '推薦', '作品', '漫畫', '作品', '排行榜', '男性', '本作', '葬送', '芙莉蓮', '梅爾', '聲優', '岡本信彦', '進擊', '巨人', '米卡莎', '聲優', '石川由', '聲優', '表現', '粉絲', '粉紅', '氛圍', '校園', '百合', '動畫', '作品', '戀歌', '原作', '漫畫', '銷量', '突破', '日本', '年度', '百合', '漫畫', '大賞', '劇情', '描述', '木野陽鞠', '新生', '樂團', '表演', '樂團', '吉他手', '主唱', '悸動', '陽鞠', '鐘情', '情愫', '情愫', '差異', '青春', '樂曲', '戀歌', '校園', '畫風', '粉色', '氛圍', '女主角', '外型', '個性', '消息', '推出', '引起', '粉絲', '粉絲', '怪人', '沙拉碗', '偵探', '跟蹤', '目標途', '遇見', '操控', '魔術', '異世界', '皇女', '莎拉', '莎拉', '展開', '生活', '莎拉', '日本', '騎士莉薇亞', '遊民', '日子', '世界', '生命', '態度', '律師', '手業者', '宗教家', '土地', '奇葩', '人士', '影響', '平坂', '時代', '打造', '天下', '群像', '喜劇', '風格', '角色', '趣味感', '追番', '觀眾', '運動', '番類', '作品', '籃球', '排球', '足球', '高爾夫球', '元素', '蛉高球', '描述', '職業', '高爾夫球', '選手', '鹿兒島', '火之', '遇見', '常人', '高爾夫球', '才華', '少女', '際遇', '契機', '命運', '運動番', '作品', '元素', '週刊', '高爾夫文', '主辦', '高爾夫', '摘要獎', '讀者大獎', '感覺', '作品', '加入', '播放', '清單', '娛樂', '代理', '作品', '中華', '電信', '台灣', '大哥大 MyVideo', '遠傳', '影音', '巴哈姆特', '動畫瘋', '視線', '影視', '線上', '播放', '播出', '時間', '平台為主', '作品記', '觀看', '資料', '娛樂']|[('作品', 14), ('動畫', 6), ('娛樂', 4), ('日本', 4), ('漫畫', 4), ('高爾夫球', 4), ('新番', 3), ('代理', 3), ('累積', 3), ('實況', 3), ('氛圍', 3), ('戀歌', 3), ('元素', 3), ('故事', 3), ('校園', 3), ('聲優', 3), ('粉絲', 3), ('莎拉', 3), ('全球', 2), ('瀏覽', 2), ('人氣', 2), ('大賞', 2), ('畫風', 2), ('角色', 2), ('異世界', 2), ('怪人', 2), ('沙拉碗', 2), ('運動番', 2), ('蛉高球', 2), ('觀看', 2), ('清單', 2), ('推薦', 2), ('生活', 2), ('同學', 2), ('影片', 2), ('世界', 2), ('原作', 2), ('風格', 2), ('百合', 2), ('描述', 2), ('樂團', 2), ('情愫', 2), ('遇見', 2), ('播放', 2), ('代理商', 1), ('韓漫', 1), ('改編', 1), ('寶藏', 1), ('細語', 1), ('類型', 1), ('筆記回歸線', 1), ('陣容', 1), ('內容', 1), ('目錄', 1), ('韓漫改編', 1), ('階級', 1), ('底層', 1), ('高中生', 1), ('柳皓彬', 1), ('賺取', 1), ('費用', 1), ('學校', 1), ('人生', 1), ('黑手打架', 1), ('意外', 1), ('流量', 1), ('街頭', 1), ('主角', 1), ('題材', 1), ('破億瀏覽', 1), ('媒體', 1), ('漫畫部', 1), ('評審團', 1), ('排行榜', 1), ('男性', 1), ('本作', 1), ('葬送', 1), ('芙莉蓮', 1), ('梅爾', 1), ('岡本信彦', 1), ('進擊', 1), ('巨人', 1), ('米卡莎', 1), ('石川由', 1), ('表現', 1), ('粉紅', 1), ('銷量', 1), ('突破', 1), ('年度', 1), ('劇情', 1), ('木野陽鞠', 1), ('新生', 1), ('表演', 1), ('吉他手', 1), ('主唱', 1), ('悸動', 1), ('陽鞠', 1), ('鐘情', 1), ('差異', 1), ('青春', 1), ('樂曲', 1), ('粉色', 1), ('女主角', 1), ('外型', 1), ('個性', 1), ('消息', 1), ('推出', 1), ('引起', 1), ('偵探', 1), ('跟蹤', 1), ('目標途', 1), ('操控', 1), ('魔術', 1), ('皇女', 1), ('展開', 1), ('騎士莉薇亞', 1), ('遊民', 1), ('日子', 1), ('生命', 1), ('態度', 1), ('律師', 1), ('手業者', 1), ('宗教家', 1), ('土地', 1), ('奇葩', 1), ('人士', 1), ('影響', 1), ('平坂', 1), ('時代', 1), ('打造', 1), ('天下', 1), ('群像', 1), ('喜劇', 1), ('趣味感', 1), ('追番', 1), ('觀眾', 1), ('運動', 1), ('番類', 1), ('籃球', 1), ('排球', 1), ('足球', 1), ('職業', 1), ('選手', 1), ('鹿兒島', 1), ('火之', 1), ('常人', 1), ('才華', 1), ('少女', 1), ('際遇', 1), ('契機', 1), ('命運', 1), ('週刊', 1), ('高爾夫文', 1), ('主辦', 1), ('高爾夫', 1), ('摘要獎', 1), ('讀者大獎', 1), ('感覺', 1), ('加入', 1), ('中華', 1), ('電信', 1), ('台灣', 1), ('大哥大 MyVideo', 1), ('遠傳', 1), ('影音', 1), ('巴哈姆特', 1), ('動畫瘋', 1), ('視線', 1), ('影視', 1), ('線上', 1), ('播出', 1), ('時間', 1), ('平台為主', 1), ('作品記', 1), ('資料', 1)]|1.0|"以及畫風與角色都過分可愛的異世界動畫作品《怪人的沙拉碗》 | 有全球累積破 20 億瀏覽人氣韓漫改編動畫作品《格鬥實況》 | 還有獲得日本 2020 年度「百合漫畫大賞」第一名、清新粉紅氛圍的寶藏百合作品《恰如細語般的戀歌》"
電影情報_2024-04-13_4|2024-04-13|《鬼天廈》全台最猛凶宅為靈感打造的恐怖鬼片，奪命惡火、冰箱藏屍、紅衣女鬼等駭人事件接踵襲來！|電影新聞|恐怖片《鬼天廈》日前接連公布終極預告及故事版海報，驚悚畫面吸引大批鬼片迷熱烈討論。預告中神情詭異的高慧君，在拍攝此片時，其實正受甲狀腺功能低下導致的眼睛斜視及複視所苦，最後仍答應演出。這也是外界得知她的病狀後，目前唯一的演出。她敬業表示：「如果這是最後一次表演的機會，也必須用病徵示人。」過去很怕與小孩相處的她，坦言近來已改觀，甚至覺得演她兒子的小男孩，察覺自己病況後的反應「很可愛」，在電影裡上演感人親子戲碼。高慧君（左）在《鬼天廈》中飾演生活艱困的母親。內容目錄《鬼天廈》將於 4 月 19 日全台上映，日前釋出的終極預告，揭開此棟最猛凶宅中一連串駭人聽聞的奪命惡火、冰箱藏屍、紅衣女鬼等驚嚇事件。在一幕幕令人毛骨悚然的片段之外，高慧君的角色不但增添了鬼魅般的氛圍，其實也包辦了催淚橋段；不過，在拍攝前，卻發生了意外插曲。高慧君 2021 年出現甲狀腺功能低下並引發眼睛斜視等病狀，導致幾乎停工。原本她想辭演《鬼天廈》，但導演和主創團隊都覺得，恐怖片類型裡許多角色都會做出與平常不同的特殊化妝，她的眼部外觀並不影響，反而在角色身上合理，高慧君於是答應。但她當時仍得克服「視覺複視」問題，她說：「要先了解拍攝場域的所有動線，才能在複視的情況下，找到最精準的表演空間。」高慧君（右）在《鬼天廈》裡以資源回收維生。左為身兼劇組特化師的儲旭。片中她的工作是資源回收，角色功課對她並不陌生：「我曾在宗教台演過很長一段時間，對於回收人員的辛苦也是很清楚的。他們不僅是體力上的負擔，回收的東西越來越少也是一個困境。但很多民眾會把自己回收物集中，再交給他們。台灣人的溫情是足夠的。」有一場戲，她推著回收車經過大廈前，意外遇上跳樓雙屍慘案，但她卻異常冷靜無視。她解釋說：「對角色而言，沒有任何人事物的失去，比她失去兒子更衝擊，所以在她眼中，其他事都只是一些堆疊起來的事件， 比不上她心裡故事的沈重與哀痛。」高慧君拍攝《鬼天廈》時，眼部仍處在不適狀態。《鬼天廈》成為觀眾近期難得能見到她的新作，高慧君說：「是我唯一病狀真正讓外界知道的一次表演。當下告訴自己：『如果這是最後一次表演的機會，也必須用病徵示人，也是表演生涯裡的紀錄。』」好在高慧君的健康持續好轉，她透露近況：「甲狀腺數值目前穩定，但要長期觀察。甲狀腺眼疾的部分也做過肌肉調節手術、眼眶矯正手術。目前用中醫針灸來維持眼部的不適；在往好的方向前進。」高慧君忍甲狀腺眼疾演出《鬼天廈》。過去曾聽聞高慧君拍戲很怕和小孩子相處，但《鬼天廈》中她又有感人的親子對戲。她解釋：「或許過去拍戲接觸到許多個性特殊的孩子，我會覺得煩，畢竟工作現場，我要做的心理工作很多，會覺得小孩好吵好鬧好不受控。但我小妹生下小外甥後，我對孩子的想法改觀很多。」「這次因為是用病容跟小孩對戲，我只能一直說我是特殊化妝弄成這樣，讓他可以放鬆一點，不至於把注意力一直放在我上下斜視的問題上。他到很後面才知道，我的眼睛是生病引起的，他很單純的訝異讓我覺得很可愛。」高慧君（右）在《鬼天廈》中以資源回收維生。《鬼天廈》將於 4 月 19 日全台上映。百萬人氣恐怖作家路邊攤（徐毅涵）和導演謝志文共同編劇，集結黃瀞怡（小薰）、陳妤、潘君侖、戴平雅（白癡公主）、鄭茵聲、高慧君、游書庭及澎恰恰等卡司。《鬼天廈》電影海報。資料來源：華映娛樂 電影官方粉專：鬼天廈|https://news.agentm.tw/277101/|https://news.agentm.tw/wp-content/uploads/cover-1-2550-390x219.jpg|['恐怖片', '鬼天廈', '公布', '故事版', '海報', '畫面', '鬼片迷', '神情', '高慧君', '拍攝', '甲狀腺', '功能', '眼睛', '複視', '演出', '病狀', '演出', '表演', '機會', '病徵示人', '小孩', '兒子', '病況', '反應', '電影', '親子', '戲碼', '高慧君', '鬼天廈', '飾演', '母親', '內容目錄', '鬼天廈', '釋出', '揭開', '凶宅', '冰箱藏屍', '紅衣女鬼', '驚嚇', '事件', '片段', '高慧君', '角色', '增添', '鬼魅', '氛圍', '橋段', '拍攝', '插曲', '高慧君', '甲狀腺功', '引發', '眼睛', '病狀', '辭演', '天廈', '導演', '主創', '團隊', '恐怖片', '類型', '角色', '做出', '眼部', '外觀', '影響', '角色', '高慧君', '視覺複視', '問題', '拍攝場域', '動線', '複視', '情況', '找到', '表演', '空間', '高慧君', '鬼天廈', '資源', '回收', '劇組', '特化師', '儲旭', '工作', '資源', '回收', '角色', '功課', '宗教', '台演', '時間', '回收', '人員', '體力', '負擔', '回收', '東西', '困境', '民眾', '回收', '台灣人', '溫情', '大廈', '遇上', '慘案', '角色', '事物', '兒子', '衝擊', '事件', '故事', '高慧君', '拍攝', '鬼天廈', '眼部', '狀態', '觀眾', '新作', '高慧君', '病狀', '表演', '表演', '機會', '病徵', '表演', '生涯', '紀錄', '慧君', '近況', '甲狀腺', '數值', '甲狀腺', '眼疾', '肌肉', '調節', '手術', '眼眶', '矯正', '手術', '中醫', '眼部', '方向', '高慧君', '狀腺', '眼疾', '演出', '天廈》', '小孩子', '鬼天廈', '親子', '接觸到', '個性', '孩子', '現場', '心理', '工作', '小孩', '小妹', '生下', '外甥', '孩子', '想法', '病容', '小孩', '注意力', '問題', '眼睛', '引起', '高慧君', '鬼天廈', '資源', '鬼天廈', ' 4 月', '人氣', '作家', '路邊攤', '徐毅涵', '導演', '謝志文', '編劇', '結黃瀞怡', '小薰', '陳妤', '潘君侖', '戴平雅', '白癡公主', '鄭茵聲', '高慧君', '書庭', '澎恰恰', '卡司', '鬼天廈', '電影海報', '資料', '來源', '華映', '娛樂\n', '電影官', '方粉專']|[('高慧君', 11), ('鬼天廈', 9), ('表演', 5), ('角色', 5), ('回收', 5), ('拍攝', 3), ('甲狀腺', 3), ('眼睛', 3), ('演出', 3), ('病狀', 3), ('小孩', 3), ('眼部', 3), ('資源', 3), ('恐怖片', 2), ('複視', 2), ('機會', 2), ('兒子', 2), ('親子', 2), ('事件', 2), ('導演', 2), ('問題', 2), ('工作', 2), ('眼疾', 2), ('手術', 2), ('孩子', 2), ('公布', 1), ('故事版', 1), ('海報', 1), ('畫面', 1), ('鬼片迷', 1), ('神情', 1), ('功能', 1), ('病徵示人', 1), ('病況', 1), ('反應', 1), ('電影', 1), ('戲碼', 1), ('飾演', 1), ('母親', 1), ('內容目錄', 1), ('釋出', 1), ('揭開', 1), ('凶宅', 1), ('冰箱藏屍', 1), ('紅衣女鬼', 1), ('驚嚇', 1), ('片段', 1), ('增添', 1), ('鬼魅', 1), ('氛圍', 1), ('橋段', 1), ('插曲', 1), ('甲狀腺功', 1), ('引發', 1), ('辭演', 1), ('天廈', 1), ('主創', 1), ('團隊', 1), ('類型', 1), ('做出', 1), ('外觀', 1), ('影響', 1), ('視覺複視', 1), ('拍攝場域', 1), ('動線', 1), ('情況', 1), ('找到', 1), ('空間', 1), ('劇組', 1), ('特化師', 1), ('儲旭', 1), ('功課', 1), ('宗教', 1), ('台演', 1), ('時間', 1), ('人員', 1), ('體力', 1), ('負擔', 1), ('東西', 1), ('困境', 1), ('民眾', 1), ('台灣人', 1), ('溫情', 1), ('大廈', 1), ('遇上', 1), ('慘案', 1), ('事物', 1), ('衝擊', 1), ('故事', 1), ('狀態', 1), ('觀眾', 1), ('新作', 1), ('病徵', 1), ('生涯', 1), ('紀錄', 1), ('慧君', 1), ('近況', 1), ('數值', 1), ('肌肉', 1), ('調節', 1), ('眼眶', 1), ('矯正', 1), ('中醫', 1), ('方向', 1), ('狀腺', 1), ('天廈》', 1), ('小孩子', 1), ('接觸到', 1), ('個性', 1), ('現場', 1), ('心理', 1), ('小妹', 1), ('生下', 1), ('外甥', 1), ('想法', 1), ('病容', 1), ('注意力', 1), ('引起', 1), (' 4 月', 1), ('人氣', 1), ('作家', 1), ('路邊攤', 1), ('徐毅涵', 1), ('謝志文', 1), ('編劇', 1), ('結黃瀞怡', 1), ('小薰', 1), ('陳妤', 1), ('潘君侖', 1), ('戴平雅', 1), ('白癡公主', 1), ('鄭茵聲', 1), ('書庭', 1), ('澎恰恰', 1), ('卡司', 1), ('電影海報', 1), ('資料', 1), ('來源', 1), ('華映', 1), ('娛樂\n', 1), ('電影官', 1), ('方粉專', 1)]|4.9971446758334543e-08|"」高慧君（右）在《鬼天廈》裡以資源回收維生 | 」高慧君（右）在《鬼天廈》中以資源回收維生 | 」高慧君拍攝《鬼天廈》時"
電影情報_2024-04-12_5|2024-04-12|手繪電影看板的傳奇職人！顏振發獲頒 2024 台北電影節卓越貢獻獎|電影新聞|台北電影節日前公布 2024「卓越貢獻獎」得主為手繪電影看板畫師顏振發。隨著數位化的科技發展，手繪電影看板技藝式微，為肯定在電影專業領域默默奉獻、表現卓越的專業影人，台北電影節經過諮詢委員的遴選後，決定頒發給下月即將迎接 71 歲的顏振發 (Yan Jhen-Fa)。顏振發從業經驗超過半世紀，經手電影海報數千件，現為台南全美戲院首席畫師。在全美戲院的支持與建議下，顏振發開設手繪看板課程，大方傳授技藝給有興趣的民眾，期待技藝能被傳承、電影之美能被藝術留下。為電影奉獻一輩子的他，接獲台北電影節卓越貢獻獎肯定時，感動表示：「我會一直畫下去，會畫到眼睛看不見為止。」顏振發師傅日復一日繪製電影看板。（圖片出自：台北電影節）內容目錄熱愛電影藝術和繪畫的顏振發，18 歲時因為想要結合兩種興趣而學畫海報，他師從陳峰永，以「格放法」作畫，將範本圖像透過格線定位，再複製放大至另一張畫紙上。越複雜的細節，就需要越多格線輔助，才能畫得更細膩、更準確，尤其是五官和眼神最難還原。顏振發透露，早期當學徒時相當辛苦，一個月只有 200 元的薪酬，而且往往需磨練三年多才能出師。但在他天賦使然加上後天努力的條件下，兩年即獲師傅首肯出師，陸續曾在臺南延平、南台、國花、南都等戲院畫過海報。隨著電影產業蓬勃發展，全盛時期每個月要畫上 2、300 幅海報，有時甚至要 4、5 位畫師 24 小時輪班才能趕在電影上映前完成海報。如今年過古稀的顏振發因為長年跪地加上用眼過度，導致右眼視網膜中間損壞，已失去視力無法修補；左眼經過雷射搶救仍有部分視力，現在視力全靠左眼支撐。所幸他的功力和貢獻沒有因此被忽略，2018 年，他受國際精品 GUCCI 邀請為品牌在台北永康街繪製藝術牆，知名樂團 Coldplay 也找他幫忙打造仿舊風格的專輯封面，並曾為《雙子殺手》、《羅根》、《解憂雜貨店》等國際製作電影另繪手繪海報，作為伴手禮送給海內外影人，是台灣國寶級職人代表。對於傳承，未收弟子的他在全美戲院的建議下，他於週末時段開設「全美今日戲院手繪看板文創研習營」課程，傳授民眾手繪電影海報的技藝，不少海內外民眾慕名而來，也成為在地一片美麗的風景。顏振發於週末時段開設「全美今日戲院手繪看板文創研習營」課程，傳授民眾手繪電影海報的技藝。（圖片出自：國寶顏振發老師的日常）雖然每天在電影院工作，一生畫過數千部電影，但名字從未出現在片尾字幕中，如今因為獲得台北電影節卓越貢獻獎的肯定，終於能被電影圈看見，讓他心裡覺得很安慰，可以驕傲表示：「我覺得自己也是電影製作的一份子。」2024 台北電影節將於 6 月 21 日至 7 月 6 日在臺北市中山堂、信義威秀影城、光點華山電影館舉辦，精彩片單與活動將陸續公布，招牌雙競賽「國際新導演競賽」、「台北電影獎」入圍名單將於 5月 中旬揭曉。資料來源：台北電影節|https://news.agentm.tw/277486/|https://news.agentm.tw/wp-content/uploads/cover-1-2557-390x219.jpg|['台北', '貢獻獎', '得主', '手繪', '電影', '看板', '畫師', '顏振發', '科技', '發展', '手繪', '電影', '看板', '技藝', '電影', '領域', '表現', '台北', '委員', '遴選', '迎接', '顏振發', '顏振發', '經驗', '電影', '海報', '台南', '美戲院', '首席', '畫師', '全美', '戲院', '建議', '顏振發', '看板', '課程', '技藝', '興趣', '民眾', '技藝', '傳承', '電影', '藝術', '留下', '電影', '輩子', '接獲', '台北', '貢獻獎', '畫到', '眼睛', '顏振發', '繪製', '電影', '看板', '圖片', '台北', '內容', '目錄', '電影', '藝術', '繪畫', '顏振發', '興趣', '學畫海報', '師從', '陳峰', '放法', '範本', '圖像', '格線', '定位', '複製', '放大', '畫紙', '細節', '輔助', '畫得', '五官', '眼神', '顏振發', '薪酬', '磨練', '天賦', '條件', '師傅', '臺南', '延平', '國花', '南都', '戲院', '海報', '電影', '產業', '發展', '時期', '畫上', '海報', '畫師', '小時', '輪班', '電影', '完成', '海報', '顏振發', '加上', '視網膜', '損壞', '視力', '修補', '雷射', '搶救', '視力', '視力', '支撐', '功力', '貢獻', '國際', '精品', '品牌', '台北', '永康街', '繪製', '藝術', '樂團', '打造', '風格', '專輯', '封面', '雙子', '殺手', '羅根', '解憂', '雜貨', '國際', '製作', '電影', '繪手繪', '海報', '手禮', '海內外', '影人', '台灣', '國寶', '職人', '代表', '傳承', '全美', '戲院', '建議', '時段', '開設', '戲院手繪', '看板', '研習營', '課程', '民眾', '電影', '海報', '技藝', '民眾', '風景', '顏振發', '時段', '開設', '戲院', '手繪', '看板', '研習營', '課程', '民眾', '手繪', '電影', '海報', '技藝', '圖片', '國寶', '顏振發', '老師', '電影院工作', '一生', '電影', '名字', '片尾', '字幕', '貢獻', '電影圈', '安慰', '電影', '製作', '份子', '台北', '臺北市', '中山堂', '信義威', '秀影城', '光點', '華山', '電影館', '舉辦', '活動', '公布', '招牌', '雙競賽', '國際', '導演', '競賽', '台北', '電影獎', '名單', '資料', '來源', '台北']|[('電影', 15), ('顏振發', 10), ('台北', 8), ('海報', 7), ('看板', 6), ('技藝', 5), ('手繪', 4), ('戲院', 4), ('民眾', 4), ('畫師', 3), ('課程', 3), ('藝術', 3), ('視力', 3), ('國際', 3), ('貢獻獎', 2), ('發展', 2), ('全美', 2), ('建議', 2), ('興趣', 2), ('傳承', 2), ('繪製', 2), ('圖片', 2), ('貢獻', 2), ('製作', 2), ('國寶', 2), ('時段', 2), ('開設', 2), ('研習營', 2), ('得主', 1), ('科技', 1), ('領域', 1), ('表現', 1), ('委員', 1), ('遴選', 1), ('迎接', 1), ('經驗', 1), ('台南', 1), ('美戲院', 1), ('首席', 1), ('留下', 1), ('輩子', 1), ('接獲', 1), ('畫到', 1), ('眼睛', 1), ('內容', 1), ('目錄', 1), ('繪畫', 1), ('學畫海報', 1), ('師從', 1), ('陳峰', 1), ('放法', 1), ('範本', 1), ('圖像', 1), ('格線', 1), ('定位', 1), ('複製', 1), ('放大', 1), ('畫紙', 1), ('細節', 1), ('輔助', 1), ('畫得', 1), ('五官', 1), ('眼神', 1), ('薪酬', 1), ('磨練', 1), ('天賦', 1), ('條件', 1), ('師傅', 1), ('臺南', 1), ('延平', 1), ('國花', 1), ('南都', 1), ('產業', 1), ('時期', 1), ('畫上', 1), ('小時', 1), ('輪班', 1), ('完成', 1), ('加上', 1), ('視網膜', 1), ('損壞', 1), ('修補', 1), ('雷射', 1), ('搶救', 1), ('支撐', 1), ('功力', 1), ('精品', 1), ('品牌', 1), ('永康街', 1), ('樂團', 1), ('打造', 1), ('風格', 1), ('專輯', 1), ('封面', 1), ('雙子', 1), ('殺手', 1), ('羅根', 1), ('解憂', 1), ('雜貨', 1), ('繪手繪', 1), ('手禮', 1), ('海內外', 1), ('影人', 1), ('台灣', 1), ('職人', 1), ('代表', 1), ('戲院手繪', 1), ('風景', 1), ('老師', 1), ('電影院工作', 1), ('一生', 1), ('名字', 1), ('片尾', 1), ('字幕', 1), ('電影圈', 1), ('安慰', 1), ('份子', 1), ('臺北市', 1), ('中山堂', 1), ('信義威', 1), ('秀影城', 1), ('光點', 1), ('華山', 1), ('電影館', 1), ('舉辦', 1), ('活動', 1), ('公布', 1), ('招牌', 1), ('雙競賽', 1), ('導演', 1), ('競賽', 1), ('電影獎', 1), ('名單', 1), ('資料', 1), ('來源', 1)]|5.17433496050046e-07|"台北電影節日前公布 2024「卓越貢獻獎」得主為手繪電影看板畫師顏振發 | （圖片出自：台北電影節）內容目錄熱愛電影藝術和繪畫的顏振發 | 傳授民眾手繪電影海報的技藝"
電影情報_2024-04-12_6|2024-04-12|英雄美劇始祖《超異能英雄》將重啟！《超異能英雄：蝕》找回主創提姆克林編劇|電影新聞|根據《Deadline》的報導，由提姆克林擔任主創的 2006 年經典影集《超異能英雄》即將推出重啟版本《超異能英雄：蝕》(Heroes：Ecli psed)，早在《復仇者聯盟》與《正義聯盟》火紅之前，《超異能英雄》在當時就引起極大轟動，「Save the cheerleader, Save the world」劇中這句台詞幾乎影迷們都耳熟能詳，此消息一出自然也讓不少人開始期待。《超異能英雄》故事描述一群平凡人發現自己擁有超能力，像是心靈感應、飛行、自癒能力等，劇情聚焦這些超能力是如何影響他們的日常生活，以及他們是如何運用能力拯救人類。劇中有可以控制時間與穿越時空的日本上班族、會飄浮飛行的護理師、擁有殺手人格的負債單親媽媽、可以讀懂他人心思的紐約警察、擁有不死之身的高中啦啦隊長等…各式各樣的能力設定，為故事帶來許多趣味。而《超異能英雄：蝕》將由提姆克林回歸擔任編劇，時間點設置在原版影集屆數得多年後，新的異能者開始覺醒，了解到自身足以改變人生的神秘力量。許多熟悉反派、全新敵人都再次露面。《超異能英雄》共有四季，對當時流行文化帶來不小影響，也入圍艾美獎戲劇類最佳影集。《超異能英雄：蝕》相關計劃目前已向 NBC 及串流平台提出，確定由提姆克林擔任執行製作人。|https://news.agentm.tw/277404/|https://news.agentm.tw/wp-content/uploads/p7892394_b_h10_aa-390x219.jpg|['報導', '提姆克林', '主創', '經典', '影集', '英雄', '推出', '重啟', '版本', '英雄', '聯盟', '正義聯盟', '英雄', '引起', '台詞', '影迷', '消息', '故事', '描述', '平凡人', '超能力', '心靈', '感應', '能力', '劇情', '超能力', '影響', '生活', '運用', '能力', '拯救', '人類', '控制', '時間', '日本', '上班族', '護理師', '殺手', '人格', '媽媽', '心思', '紐約', '警察', '不死之身', '高中啦啦', '隊長', '能力', '設定', '故事', '帶來', '趣味', '英雄：蝕', '姆克林', '編劇', '時間點設置', '影集', '異能者', '改變', '人生', '力量', '反派', '超異能英雄', '文化', '帶來', '影響', '艾美獎', '戲劇類', '影集', '超異能英雄：蝕', '計劃', '串流', '平台', '提出', '姆克林', '製作人']|[('影集', 3), ('英雄', 3), ('能力', 3), ('故事', 2), ('超能力', 2), ('影響', 2), ('帶來', 2), ('姆克林', 2), ('報導', 1), ('提姆克林', 1), ('主創', 1), ('經典', 1), ('推出', 1), ('重啟', 1), ('版本', 1), ('聯盟', 1), ('正義聯盟', 1), ('引起', 1), ('台詞', 1), ('影迷', 1), ('消息', 1), ('描述', 1), ('平凡人', 1), ('心靈', 1), ('感應', 1), ('劇情', 1), ('生活', 1), ('運用', 1), ('拯救', 1), ('人類', 1), ('控制', 1), ('時間', 1), ('日本', 1), ('上班族', 1), ('護理師', 1), ('殺手', 1), ('人格', 1), ('媽媽', 1), ('心思', 1), ('紐約', 1), ('警察', 1), ('不死之身', 1), ('高中啦啦', 1), ('隊長', 1), ('設定', 1), ('趣味', 1), ('英雄：蝕', 1), ('編劇', 1), ('時間點設置', 1), ('異能者', 1), ('改變', 1), ('人生', 1), ('力量', 1), ('反派', 1), ('超異能英雄', 1), ('文化', 1), ('艾美獎', 1), ('戲劇類', 1), ('超異能英雄：蝕', 1), ('計劃', 1), ('串流', 1), ('平台', 1), ('提出', 1), ('製作人', 1)]|1.0|"由提姆克林擔任主創的 2006 年經典影集《超異能英雄》即將推出重啟版本《超異能英雄：蝕》(Heroes：Ecli psed) | 而《超異能英雄：蝕》將由提姆克林回歸擔任編劇 | 《超異能英雄》故事描述一群平凡人發現自己擁有超能力"
電影情報_2024-04-12_7|2024-04-12|越看越困惑？盤點影史評價兩極、讓不少人滿頭問號的 13 部電影|電影新聞|《蜘蛛夫人》讓看過的人都感到非常困惑，這部漫畫改編電影到底在哪個環節出錯才變成這副德行，我們永遠不得而知。但影史上許多導演的電影劇情都會故意設定令人摸不著頭腦的劇情，好讓觀眾在觀影過程中試圖解開劇情線索，找到故事的真正含義。但有些電影播完後觀眾還是會滿頭問號，遍尋不著電影的意義，以下整理 13 部以令人困惑聞名的電影。內容目錄雖然有許多論壇文章和 YouTube 影片聲稱能完整解釋本作的時間線及劇情邏輯，但就連諾蘭自己也承認，這部電影「很難理解」，所以如果要觀看這部腦洞大開的驚悚片，就別想太多，盡情享受吧。老實說，所有由大衛林區所導演的電影都可以列入這個清單，但其中只有《沙丘》會需要專門的術語表來解釋每個專有名詞。一想到新版《沙丘》被導演丹尼維勒納夫成功拍成老嫗能解的熱門電影時，不禁開始好奇《穆荷蘭大道》是不是也可以改編成比較易懂的版本。沙丘 (1984) 的術語表提到導演丹尼維勒納夫，他在 2014 年繼《私法爭鋒》後再次與傑克葛倫霍合作，這部關於分身的犯罪電影非常難懂，而本作發行商 A24 在當時似乎只有比較掌握恐怖電影要如何行銷，所以本片在上映時並沒有引起太多關注。後來丹尼維勒納夫導演便轉向了大製作電影，例如《異星入境》和他的兩部《沙丘》。這部柯恩兄弟的電影講述一個自命不凡的編劇在理想與現實間掙扎，並陷入創作瓶頸的痛苦過程，在 1991 年坎城影展上收穫一大堆獎項，包括坎城最高榮譽的金棕櫚獎。究竟是因為這部電影成功諷刺好萊塢的種種現象，還是因為對天堂和地獄的隱喻才讓電影斬獲如此多獎項？可能兩者都有，但當你看到約翰古德曼在烈火燃燒的酒店走廊拿著一把獵槍奔跑時，你可能會非常疑惑導演到底想要傳達什麼訊息。想一睹《巴頓芬克》的話今年金馬奇幻影展有播映，不要錯過！瓦昆菲尼克斯在《性本惡》裡飾演一名調查員，試圖找到他失蹤的前女友和她富有的新男友。這部電影充滿 70 年代的搖滾樂、各種令人迷惑的矛盾和錯綜複雜的情節，需要多次觀看才能理解。不過儘管放心，保羅湯瑪斯安德森將原本更混亂的小說，改編成一部會讓人想要重看的電影，所以請享受多次觀看的解謎快感。《2001 太空漫遊》由史丹利庫柏力克執導，特效非常令人驚豔，時至今日來看還是相當有水準，絕對值得一看。你喜歡的大導演，可能最喜歡的電影清單裡都會有這一部，但這部的結局非常難懂，為了理解電影的含義，你得去找沒那麼好看的續集《威震太陽神》來看。這部電影找來過去 30 年來所有傑出的英國演員同台演出，但似乎沒辦法把約翰勒卡雷複雜細膩的間諜小說拍成易於理解的電影。建議大家去找 1979 年 BBC 改編的版本來看，由亞歷堅尼斯飾演間諜喬治史邁利，這個版本在僅僅五個多小時的時間裡，精彩地講述雙重間諜和背叛的故事。電影講述一個外星人（史嘉蕾喬韓森 飾）偽裝成人類，用美色引誘搭便車的人，讓他們成為母國星球的佳餚，但外星人後來逐漸開始對人類產生同情。其中電影裡一個場景引起爭議——一個獨自在沙灘上的嬰兒，對某些人來說，這個場景凸顯了電影的主題，但對一些人來說則使劇情變得更加混亂。菲利浦西摩霍夫曼在電影中所飾演的角色象徵，其實就是該片編劇兼導演查理考夫曼。電影裡講述他在 1:1 尺寸的紐約城市模型中舉辦一場戲劇表演，隨著時間的推移，戲劇與現實間的界限變得模糊，這使得演員（以及電影的觀眾）都很難理解到底發生了什麼事。這部由娜塔莉波曼和奧斯卡伊薩克主演的科幻電影，不但視覺效果驚人又充滿奇幻色彩，也讓觀眾帶著滿頭問號離開電影院，光看爛番茄上影評和觀眾評價分數差了超過 20% 就看得出來。劇情講述一位生物學家試圖探索她的丈夫在超自然現象中發生什麼，但是電影模棱兩可的結局很有可能讓觀眾困惑到不行。一開始就像是典型的魏斯安德森風格的電影，講述外星人與人類在一個沙漠小鎮取得聯繫，但隨著角色們應對這些外星事件，整部電影突然變成了一部諷刺作品？如果你本來就是魏斯安德森的粉絲，那這部電影有非常多值得喜愛的地方。但如果不是，就算這部電影找了很多明星演出可能也無法打動你。本來飾演男主角的布萊德彼特，因為發現電影劇本超級不合邏輯而退出，後來休傑克曼取代了他的位子，電影描述了主角在三個不同的時間線上尋找永生。對於少數看過這部電影的人來說，劇情從頭到尾沒有合理過，是有史以來最大的票房失敗之一。美國影評吉恩西斯科和羅傑埃伯特在他們的評論中表示，他們非常欣賞導演大衛柯能堡對威廉柏洛茲的原著小說所進行的改編，探討偏執狂和成癮問題，但他們無法推薦這部電影。其實看過就很容易理解為什麼，大衛柯能堡將「垮掉的一代」作家的生活和作品元素融入劇本，但電影中的神秘元素和台詞漏洞使得劇情幾乎難以理解。|https://news.agentm.tw/277352/|https://news.agentm.tw/wp-content/uploads/未命名設計-86-e1712903214929-390x213.png|['蜘蛛', '夫人', '漫畫', '改編', '電影', '環節', '德行', '影史', '導演', '電影', '劇情', '設定', '劇情', '觀眾', '觀影', '過程', '解開', '劇情', '線索', '找到', '故事', '含義', '電影', '觀眾', '電影', '意義', '整理', '電影', '內容', '目錄', '論壇', '文章', '影片', '本作', '時間線', '劇情', '邏輯', '諾蘭', '電影', '觀看', '腦洞大開', '驚悚片', '大衛林區', '導演', '電影', '清單', '沙丘', '術語表', '名詞', '新版', '沙丘', '導演', '丹尼維勒納夫', '電影', '穆荷蘭', '大道', '版本', '沙丘 ', '術語表提到', '導演', '丹尼維勒納夫', '私法爭鋒》', '克葛倫霍', '電影', '行商', '掌握', '電影', '行銷', '引起', '丹尼維勒納夫', '導演便', '電影', '沙丘', '柯恩', '兄弟', '電影', '編劇', '理想', '現實', '創作', '瓶頸', '過程', '收穫', '獎項', '坎城', '榮譽', '金棕櫚獎', '電影', '諷刺', '好萊塢', '現象', '天堂', '地獄', '隱喻', '電影', '斬獲', '約翰古德曼', '烈火', '燃燒', '酒店', '走廊', '獵槍', '導演', '訊息', '一睹', '巴頓芬克', '金馬奇', '影展', '播映', '瓦昆菲尼克斯', '性本惡', '飾演', '調查員', '女友', '男友', '電影', '搖滾樂', '情節', '觀看', '保羅', '瑪斯安德森', '小說', '重看', '電影', '觀看', '解謎', '快感', '太空', '史丹利庫柏力克', '執導', '特效', '水準', '導演', '電影', '清單', '結局', '電影', '含義', '續集', '威震太陽神', '電影', '英國', '演員', '演出', '約翰勒卡雷', '間諜', '小說', '電影', '改編', '版本', '亞歷堅尼斯', '飾演', '間諜', '喬治史邁利', '版本', '小時', '時間', '間諜', '背叛', '故事', '電影', '外星人', '史嘉蕾喬', '韓森 飾', '人類', '美色', '引誘', '便車', '母國', '星球', '佳餚', '外星人', '人類', '電影', '場景', '引起', '爭議', '沙灘', '嬰兒', '場景', '電影', '主題', '劇情', '菲利浦西摩霍夫曼', '電影', '飾演', '角色', '象徵', '編劇', '導演', '查理考夫曼', '電影', '尺寸', '紐約', '城市', '模型', '舉辦', '戲劇', '表演', '時間', '戲劇', '現實', '界限', '演員', '電影', '觀眾', '娜塔莉波曼', '斯卡伊薩克', '主演', '電影', '視覺', '效果', '色彩', '觀眾', '帶著', '問號', '離開', '電影院', '影評', '觀眾', '評價', '分數', '劇情', '丈夫', '現象', '電影模棱兩可', '結局', '可能', '觀眾', '魏斯安德森', '風格', '電影', '外星人', '人類', '沙漠', '小鎮', '取得', '聯繫', '角色', '外星', '事件', '電影', '作品', '魏斯安德森', '粉絲', '電影', '地方', '電影', '明星', '演出', '飾演', '男主角', '布萊德彼特', '電影', '劇本', '邏輯', '休傑克曼', '取代', '位子', '電影', '描述', '主角', '時間線', '尋找', '看過', '電影', '劇情', '史以來', '票房', '美國', '影評', '吉恩西斯科', '羅傑埃伯特', '評論', '導演', '大衛柯能堡', '廉柏洛茲', '小說', '進行', '改編', '問題', '推薦', '電影', '看過', '大衛柯能堡', '作家', '生活', '作品', '元素', '融入', '劇本', '電影', '元素', '台詞', '漏洞', '劇情']|[('電影', 36), ('導演', 8), ('劇情', 8), ('觀眾', 6), ('飾演', 4), ('改編', 3), ('觀看', 3), ('沙丘', 3), ('丹尼維勒納夫', 3), ('版本', 3), ('小說', 3), ('間諜', 3), ('外星人', 3), ('人類', 3), ('過程', 2), ('故事', 2), ('含義', 2), ('時間線', 2), ('邏輯', 2), ('清單', 2), ('引起', 2), ('編劇', 2), ('現實', 2), ('現象', 2), ('結局', 2), ('演員', 2), ('演出', 2), ('時間', 2), ('場景', 2), ('角色', 2), ('戲劇', 2), ('影評', 2), ('魏斯安德森', 2), ('作品', 2), ('劇本', 2), ('看過', 2), ('大衛柯能堡', 2), ('元素', 2), ('蜘蛛', 1), ('夫人', 1), ('漫畫', 1), ('環節', 1), ('德行', 1), ('影史', 1), ('設定', 1), ('觀影', 1), ('解開', 1), ('線索', 1), ('找到', 1), ('意義', 1), ('整理', 1), ('內容', 1), ('目錄', 1), ('論壇', 1), ('文章', 1), ('影片', 1), ('本作', 1), ('諾蘭', 1), ('腦洞大開', 1), ('驚悚片', 1), ('大衛林區', 1), ('術語表', 1), ('名詞', 1), ('新版', 1), ('穆荷蘭', 1), ('大道', 1), ('沙丘 ', 1), ('術語表提到', 1), ('私法爭鋒》', 1), ('克葛倫霍', 1), ('行商', 1), ('掌握', 1), ('行銷', 1), ('導演便', 1), ('柯恩', 1), ('兄弟', 1), ('理想', 1), ('創作', 1), ('瓶頸', 1), ('收穫', 1), ('獎項', 1), ('坎城', 1), ('榮譽', 1), ('金棕櫚獎', 1), ('諷刺', 1), ('好萊塢', 1), ('天堂', 1), ('地獄', 1), ('隱喻', 1), ('斬獲', 1), ('約翰古德曼', 1), ('烈火', 1), ('燃燒', 1), ('酒店', 1), ('走廊', 1), ('獵槍', 1), ('訊息', 1), ('一睹', 1), ('巴頓芬克', 1), ('金馬奇', 1), ('影展', 1), ('播映', 1), ('瓦昆菲尼克斯', 1), ('性本惡', 1), ('調查員', 1), ('女友', 1), ('男友', 1), ('搖滾樂', 1), ('情節', 1), ('保羅', 1), ('瑪斯安德森', 1), ('重看', 1), ('解謎', 1), ('快感', 1), ('太空', 1), ('史丹利庫柏力克', 1), ('執導', 1), ('特效', 1), ('水準', 1), ('續集', 1), ('威震太陽神', 1), ('英國', 1), ('約翰勒卡雷', 1), ('亞歷堅尼斯', 1), ('喬治史邁利', 1), ('小時', 1), ('背叛', 1), ('史嘉蕾喬', 1), ('韓森 飾', 1), ('美色', 1), ('引誘', 1), ('便車', 1), ('母國', 1), ('星球', 1), ('佳餚', 1), ('爭議', 1), ('沙灘', 1), ('嬰兒', 1), ('主題', 1), ('菲利浦西摩霍夫曼', 1), ('象徵', 1), ('查理考夫曼', 1), ('尺寸', 1), ('紐約', 1), ('城市', 1), ('模型', 1), ('舉辦', 1), ('表演', 1), ('界限', 1), ('娜塔莉波曼', 1), ('斯卡伊薩克', 1), ('主演', 1), ('視覺', 1), ('效果', 1), ('色彩', 1), ('帶著', 1), ('問號', 1), ('離開', 1), ('電影院', 1), ('評價', 1), ('分數', 1), ('丈夫', 1), ('電影模棱兩可', 1), ('可能', 1), ('風格', 1), ('沙漠', 1), ('小鎮', 1), ('取得', 1), ('聯繫', 1), ('外星', 1), ('事件', 1), ('粉絲', 1), ('地方', 1), ('明星', 1), ('男主角', 1), ('布萊德彼特', 1), ('休傑克曼', 1), ('取代', 1), ('位子', 1), ('描述', 1), ('主角', 1), ('尋找', 1), ('史以來', 1), ('票房', 1), ('美國', 1), ('吉恩西斯科', 1), ('羅傑埃伯特', 1), ('評論', 1), ('廉柏洛茲', 1), ('進行', 1), ('問題', 1), ('推薦', 1), ('作家', 1), ('生活', 1), ('融入', 1), ('台詞', 1), ('漏洞', 1)]|0.9999999999999988|"但影史上許多導演的電影劇情都會故意設定令人摸不著頭腦的劇情 | 對於少數看過這部電影的人來說 | 改編成一部會讓人想要重看的電影"
電影情報_2024-04-12_8|2024-04-12|《君主計畫：神祕組織與怪獸之謎》正式續訂第二季！Apple TV+ 將推出更多「怪獸宇宙」衍伸影集|電影新聞|根據《綜藝報》接獲的最新消息，衍伸自傳奇影業怪獸宇宙的 Apple TV+ 影集《君主計畫：神祕組織與怪獸之謎》已經正式續訂第二季。除此之外，Apple 也已經與傳奇影業達成了新的協議，即將推出更多怪獸宇宙衍伸影集，至於詳細內容目前依然處於保密狀態。Apple TV+ 全球發展部門領導摩根汪戴爾表示：「《君主計畫》在全球觀眾的心中、腦海以及想像中都留下了一個無法抹滅的烙印，由克里斯、麥特、克特、懷特以及其他才華洋溢的天才卡司以及創意團隊領導。我們能讓觀眾有機會在第二季感受到更多刺激，還能在《君主計畫》系列中踏上一場史詩的新冒險，同時讓我們拓展傳奇影業的怪獸宇宙。」《君主計畫》第一季由寇特羅素、懷特羅素、澤井杏奈、科蕾西克萊門斯、渡部蓮、山本真理、安德斯霍姆、約翰古德曼、喬蒂皮特以及艾莉莎拉索斯基主演。這部影集設定在《哥吉拉：怪獸之王》的事件後，泰坦巨獸的存在被正式公諸於世，而故事講述了一對姐弟試圖跟上父親的腳步，揭開他們家族與神秘組織「君主」之間的關聯，而他們也依循線索來到了一個充滿怪獸的世界，並遇到了由寇特以及懷特羅素飾演的軍官。《君主計畫》由克里斯布雷克以及麥特弗拉甸安擔任節目統籌以及執行製作人。延伸閱讀>>【劇評】《君主計畫：神祕組織與怪獸之謎》：如同世界觀設定般遊走地底，將表面的電影劇情給全盤串起《君主計畫》第二季以及其他衍生影集合約成為了傳奇影業怪獸宇宙的最新進展。打從系列最初的電影《哥吉拉》於 2014 年推出後，這系列就獲得了許多關注，在那之後也陸續推出了《金鋼：骷髏島》、《哥吉拉：怪獸之王》、《哥吉拉對金剛》以及最新的《哥吉拉與金剛：新帝國》後，整個系列的累積票房更是來到了 2 億美元。|https://news.agentm.tw/277421/|https://news.agentm.tw/wp-content/uploads/1-496-390x219.png|['綜藝報', '接獲', '消息', '衍伸', '影業', '怪獸', '宇宙', '影集', '君主', '計畫', '組織', '怪獸', '傳奇', '影業', '達成', '協議', '推出', '怪獸', '宇宙', '衍伸', '影集', '內容', '狀態', '全球', '發展', '部門', '領導', '摩根汪戴爾', '君主', '計畫', '全球', '觀眾', '腦海', '想像', '留下', '抹滅', '烙印', '克里斯', '麥特', '克特', '懷特', '才華', '天才卡司', '創意團隊', '領導', '觀眾', '機會', '刺激', '君主計畫', '系列', '史詩', '拓展', '影業', '怪獸', '宇宙', '君主計畫', '寇特羅素', '懷特羅素', '澤井杏奈', '科蕾西克萊門斯', '渡部蓮', '山本真理', '安德斯霍姆', '約翰古德曼', '喬蒂皮特', '艾莉莎拉索斯基', '主演', '影集', '定在', '哥吉拉', '怪獸', '事件', '泰坦', '巨獸', '故事', '姐弟', '跟上', '父親', '腳步', '揭開', '家族', '君主', '怪獸', '世界', '遇到', '懷特羅素', '飾演', '軍官', '君主計畫', '克里斯布雷克', '麥特弗拉甸安', '節目統籌', '執行', '製作人', '閱讀', '劇評', '君主', '計畫', '組織', '怪獸', '世界觀', '設定', '表面', '電影', '劇情', '串起', '君主', '計畫', '衍生', '影集', '合約成', '影業', '怪獸', '宇宙', '進展', '系列', '電影', '哥吉拉', '推出', '系列', '推出', '金鋼', '骷髏島', '哥吉拉', '怪獸', '哥吉拉', '金剛', '哥吉拉', '金剛', '帝國', '系列', '票房']|[('怪獸', 9), ('君主', 5), ('哥吉拉', 5), ('影業', 4), ('宇宙', 4), ('影集', 4), ('計畫', 4), ('系列', 4), ('推出', 3), ('君主計畫', 3), ('衍伸', 2), ('組織', 2), ('全球', 2), ('領導', 2), ('觀眾', 2), ('懷特羅素', 2), ('電影', 2), ('金剛', 2), ('綜藝報', 1), ('接獲', 1), ('消息', 1), ('傳奇', 1), ('達成', 1), ('協議', 1), ('內容', 1), ('狀態', 1), ('發展', 1), ('部門', 1), ('摩根汪戴爾', 1), ('腦海', 1), ('想像', 1), ('留下', 1), ('抹滅', 1), ('烙印', 1), ('克里斯', 1), ('麥特', 1), ('克特', 1), ('懷特', 1), ('才華', 1), ('天才卡司', 1), ('創意團隊', 1), ('機會', 1), ('刺激', 1), ('史詩', 1), ('拓展', 1), ('寇特羅素', 1), ('澤井杏奈', 1), ('科蕾西克萊門斯', 1), ('渡部蓮', 1), ('山本真理', 1), ('安德斯霍姆', 1), ('約翰古德曼', 1), ('喬蒂皮特', 1), ('艾莉莎拉索斯基', 1), ('主演', 1), ('定在', 1), ('事件', 1), ('泰坦', 1), ('巨獸', 1), ('故事', 1), ('姐弟', 1), ('跟上', 1), ('父親', 1), ('腳步', 1), ('揭開', 1), ('家族', 1), ('世界', 1), ('遇到', 1), ('飾演', 1), ('軍官', 1), ('克里斯布雷克', 1), ('麥特弗拉甸安', 1), ('節目統籌', 1), ('執行', 1), ('製作人', 1), ('閱讀', 1), ('劇評', 1), ('世界觀', 1), ('設定', 1), ('表面', 1), ('劇情', 1), ('串起', 1), ('衍生', 1), ('合約成', 1), ('進展', 1), ('金鋼', 1), ('骷髏島', 1), ('帝國', 1), ('票房', 1)]|1.0|"衍伸自傳奇影業怪獸宇宙的 Apple TV+ 影集《君主計畫：神祕組織與怪獸之謎》已經正式續訂第二季 | 將表面的電影劇情給全盤串起《君主計畫》第二季以及其他衍生影集合約成為了傳奇影業怪獸宇宙的最新進展 | 打從系列最初的電影《哥吉拉》於 2014 年推出後"
電影情報_2024-04-12_9|2024-04-12|【劇評】影集《異塵餘生》第一季：還原系列遊戲的暴力與黑色幽默，揭開遊戲背後的黑暗新內幕|電影新聞|2077 年，終於有人決定按下那顆大大紅按鈕：全球核戰爆發，人類瀕臨滅亡。這是電玩《異塵餘生》的故事開場設定，當然是虛構的。但《異塵餘生》造成的震撼可不是騙人的，它衍生出十數款系列遊戲，現在更誕生了一部影集。Prime Video 影集《異塵餘生》是粉絲等待 26 年的第一部映像化作品，如今第一季全八集已經上架，現在讓我們來開箱。影集《異塵餘生》。內容目錄2077 年核戰爆發，人類滅亡……不是所有人都死了，一部分人類逃入地底避難所，從此長居在這些可以自給自足的小天堂。219 年後，他們不知道地表發生了什麼事，他們等待著地表輻射量降低、可以回到地表重新殖民的一天。33 號避難所成員露西，準備離開地底；地表軍事組織「鋼鐵兄弟會」成員麥西穆斯，渴望穿上鋼鐵機甲，成為組織裡偉大的騎士……而在地表荒野，一名似鬼非人的「狂屍鬼」牛仔出現了，而牠、露西和麥西穆斯的命運，將在這片廢土上快速交會在一起。影集《異塵餘生》。遊戲《異塵餘生》並非普通的末日題材作品，它的黑色幽默感比核落塵還要濃厚。遊戲裡的 2077 年並非充滿未來感的未來，而是一個擁有新式科技、但社會風氣卻停留在五〇年代美好時光的未來。國際開始瀰漫冷戰氛圍，核恐懼的惡夢威脅著人類，但相反的，許多人卻選擇忽視這種威脅的到來，繼續過著快樂和平的日子。所有《異塵餘生》遊戲都有這種對綏靖主義與鴕鳥心態的嘲諷，而影集《異塵餘生》當然也要奉行這種風格。影集《異塵餘生》。讓我們見見新的《異塵餘生》主角露西，這位 33 號避難所成員迎接她生命最重要一天。她接受體能訓練、她為大眾服務、她的卵子已經成熟健康，她的人生下一階段即將到來：與其他避難所的「交配者」成婚，然後生出更多小孩為避難所效力。所有《異塵餘生》系列玩家都熟悉這個出場設定，而影集《異塵餘生》努力讓諷刺加倍：露西已經厭煩與表兄弟的性遊戲，她期望自己的婚姻；她的婚紗上有無數新娘的簽名，兩百年來許多避難所新娘都穿過這一件；避難所牆上貼著海報「保持冷靜」(Don’t lose your head)，而這裡很快就有人頭要落地了。影集《異塵餘生》。影集《異塵餘生》非常努力地引經據典，你會看到許多遊戲裡的元素出現在影集裡，例如搖頭娃娃、海報、手腕上的「嗶嗶男孩」裝置、鋼鐵兄弟會的動力裝甲、大蟑螂、「垃圾槍」、「核口可樂」或是忠心夥伴「狗肉」等等，每集都會出現新的致敬，讓老玩家為之高潮。但除了置入遊戲哏這樣的致敬，對監製強納森諾蘭而言，本質上，這是個可以讓他大展身手的題目……畢竟話說回來，他製作的影集《西方極樂園》，也有類似《異塵餘生》那樣反諷高科技發展與人性的氣氛。影集《異塵餘生》。《異塵餘生》有三位主角，從避難所居民、軍人與屍鬼的角度描繪廢土世界。這當然是比較高明的方式，因為這樣才能在短時間內呈現《異塵餘生》世界的巨大架構。露西在避難所出生長大，忠誠信奉避難所內溫良恭儉讓的那套道德倫理，這讓她來到廢土時顯得尷尬又處處遇險。每個還沒殺死她的人，都勸她趕快滾回避難所，但她卻有一個不得不走遍廢土的理由……而避難所菁英主義下養成的露西相信，路見不平必須拔刀相助，每個人都該為世界盡份心力——這明顯與廢土世界邏輯不符。影集《異塵餘生》。屍鬼牛仔親眼見證過核爆，他基因突變成為屍鬼，因而數百年不死。《火線警探》表現出色的演技派華頓哥金斯飾演牛仔，自帶正邪難辨的渾沌氣質。但屍鬼不只是來此耍壞，他似乎也有自己的目標，還有不為人知的過去……麥西穆斯則是完全不同的角色，他是宗教化軍事組織的一員，而這個所謂的鋼鐵兄弟會，看起來更像邪教、霸凌者與有毒男子氣概的混合體，當持續被霸凌的小兵麥西穆斯，找到一個翻身的機會，他當然不排斥讓雙手染上血腥以求上位。影集《異塵餘生》。血腥是這套遊戲的必備元素之一，而影集《異塵餘生》也不意外。這套串流平台影集可以不必對暴力遮遮掩掩，有大量的爆頭斷骨畫面。當然，這些暴力也必須沾染黑色幽默氣味：在廢土斷了腳怎麼辦？不用擔心，「吉姆四肢」產品是老兵們的最愛。你只要把這個宛如榨汁機的圓筒套上斷肢，旋轉利刃就會快速斬除斷肢邊緣殘肉，並牢牢地固定在你的肢體上……然後只要在吉姆四肢上套隻鐵腳掌就好了！多方便！鐵腳可沒那麼容易再斷一次！影集《異塵餘生》。影集《異塵餘生》就像可以切換三個角色遊玩的遊戲《異塵餘生》，但它與遊戲有其他兩個不同之處：第一，它試圖揭露廢土世界的由來。在核爆之前的世界，系列遊戲鮮少提及，只是在遊戲裡隱晦交待或透過設定資料補齊。但影集版不太一樣，藉由屍鬼的故事，他在世界毀滅前的演員生活、與那個反共至上的美國社會，來解釋戰爭爆發的起源；第二，是影集裡的 33 號避難所，似乎並不是單純的玩家新手村，這裡似乎有某種邪惡的計畫，令主要管理者之女的露西，也背負了某個她不知道的黑暗祕密——相反地，在過去的遊戲裡，玩家離開初始的避難所後，這裡就不再是故事重心。影集《異塵餘生》。如果你是《異塵餘生》的老玩家，這套影集第一季應該不會讓你失望，它盡可能地還原了遊戲世界，並且沒有喪失原本的黑色幽默與暴力風格。如果你從未接觸過《異塵餘生》，你也能很快進入這個奇異的末日世界。趁強納森諾蘭還沒把《異塵餘生》搞成像《西方極樂園》那樣的沉悶哲學劇，你應該盡快享受這部能角逐最佳電玩改編影集的作品。|https://news.agentm.tw/277384/|https://news.agentm.tw/wp-content/uploads/cover-1-2553-390x219.jpg|['按下', '按鈕', '全球', '核戰', '人類', '電玩', '故事', '設定', '虛構', '衍生出', '系列', '遊戲', '影集', '影集', '粉絲', '作品', '影集', '內容', '目錄', '核戰', '人類', '人類', '避難', '天堂', '地表', '地表', '輻射', '地表', '避難', '成員', '露西', '離開', '地底', '地表', '軍事', '組織', '鋼鐵', '兄弟會', '成員', '麥西穆斯', '穿上', '鋼鐵機甲', '組織裡', '騎士……而在', '地表', '荒野', '狂屍鬼', '牛仔', '露西', '麥西穆斯', '命運', '廢土', '影集', '遊戲', '題材', '作品', '黑色', '幽默感', '遊戲', '未來感', '科技', '社會', '風氣', '時光', '國際', '冷戰', '氛圍', '核恐', '惡夢', '威脅', '人類', '選擇', '威脅', '日子', '遊戲', '主義', '鴕鳥', '心態', '嘲諷', '影集', '奉行', '風格', '影集', '主角', '露西', '避難', '成員', '迎接', '生命', '接受', '體能', '訓練', '服務', '卵子', '人生', '階段', '避難所', '生出', '小孩為', '系列', '玩家', '設定', '影集', '諷刺', '露西', '表兄弟', '遊戲', '婚姻', '婚紗', '新娘', '避難所', '新娘', '穿過', '避難所', '海報', '人頭要', '影集', '影集', '遊戲', '元素', '影集', '搖頭娃娃', '海報', '手腕', '裝置', '鋼鐵', '兄弟會', '動力', '裝甲', '蟑螂', '垃圾槍', '核口可樂', '夥伴', '狗肉', '高潮', '遊戲', '監製', '納森諾蘭', '本質', '大展', '身手', '題目', '製作', '影集', '極樂園', '餘生', '反諷', '高科技', '發展', '人性', '氣氛', '影集', '主角', '居民', '軍人', '屍鬼', '角度', '描繪', '廢土', '世界', '方式', '時間', '世界', '架構', '露西', '避難', '道德', '倫理', '廢土', '殺死', '避難所', '廢土', '理由', '菁英主義', '露西', '世界', '世界', '邏輯', '影集', '屍鬼牛仔', '核爆', '基因', '屍鬼', '火線', '警探', '表現', '演技派', '華頓哥金斯', '飾演', '牛仔', '渾沌', '氣質', '屍鬼', '耍壞', '目標', '麥西穆斯', '角色', '軍事', '組織', '鋼鐵兄弟', '邪教', '男子', '氣概', '混合體', '霸凌', '小兵', '麥西穆斯', '找到', '機會', '排斥', '雙手', '上位', '影集', '塵餘生', '遊戲', '元素', '影集', '平台', '影集', '暴力', '畫面', '暴力', '黑色', '氣味', '廢土', '吉姆', '四肢', '產品', '老兵', '最愛', '汁機', '圓筒', '套上', '利刃', '斬除斷肢', '邊緣', '殘肉', '肢體', '吉姆', '四肢', '鐵腳掌', '影集', '影集', '切換', '角色', '遊玩', '遊戲', '遊戲', '揭露', '廢土世界', '由來', '核爆', '世界', '系列', '遊戲', '遊戲', '設定', '資料', '補齊', '影集', '屍鬼', '故事', '世界', '毀滅', '演員', '生活', '美國', '社會', '戰爭', '起源', '影集', '避難', '玩家', '新手村', '計畫', '管理', '露西', '背負', '祕密', '遊戲', '玩家', '離開初始', '避難', '影集', '玩家', '影集', '遊戲', '世界', '黑色', '暴力', '風格', '接觸', '末日', '世界', '強納森諾蘭', '樂園', '哲學劇', '角逐', '電玩', '改編', '影集', '作品']|[('影集', 23), ('遊戲', 14), ('世界', 8), ('露西', 7), ('避難', 6), ('地表', 5), ('廢土', 5), ('人類', 4), ('麥西穆斯', 4), ('避難所', 4), ('玩家', 4), ('屍鬼', 4), ('設定', 3), ('系列', 3), ('作品', 3), ('成員', 3), ('黑色', 3), ('暴力', 3), ('核戰', 2), ('電玩', 2), ('故事', 2), ('軍事', 2), ('組織', 2), ('鋼鐵', 2), ('兄弟會', 2), ('牛仔', 2), ('社會', 2), ('威脅', 2), ('風格', 2), ('主角', 2), ('新娘', 2), ('海報', 2), ('元素', 2), ('核爆', 2), ('角色', 2), ('吉姆', 2), ('四肢', 2), ('按下', 1), ('按鈕', 1), ('全球', 1), ('虛構', 1), ('衍生出', 1), ('粉絲', 1), ('內容', 1), ('目錄', 1), ('天堂', 1), ('輻射', 1), ('離開', 1), ('地底', 1), ('穿上', 1), ('鋼鐵機甲', 1), ('組織裡', 1), ('騎士……而在', 1), ('荒野', 1), ('狂屍鬼', 1), ('命運', 1), ('題材', 1), ('幽默感', 1), ('未來感', 1), ('科技', 1), ('風氣', 1), ('時光', 1), ('國際', 1), ('冷戰', 1), ('氛圍', 1), ('核恐', 1), ('惡夢', 1), ('選擇', 1), ('日子', 1), ('主義', 1), ('鴕鳥', 1), ('心態', 1), ('嘲諷', 1), ('奉行', 1), ('迎接', 1), ('生命', 1), ('接受', 1), ('體能', 1), ('訓練', 1), ('服務', 1), ('卵子', 1), ('人生', 1), ('階段', 1), ('生出', 1), ('小孩為', 1), ('諷刺', 1), ('表兄弟', 1), ('婚姻', 1), ('婚紗', 1), ('穿過', 1), ('人頭要', 1), ('搖頭娃娃', 1), ('手腕', 1), ('裝置', 1), ('動力', 1), ('裝甲', 1), ('蟑螂', 1), ('垃圾槍', 1), ('核口可樂', 1), ('夥伴', 1), ('狗肉', 1), ('高潮', 1), ('監製', 1), ('納森諾蘭', 1), ('本質', 1), ('大展', 1), ('身手', 1), ('題目', 1), ('製作', 1), ('極樂園', 1), ('餘生', 1), ('反諷', 1), ('高科技', 1), ('發展', 1), ('人性', 1), ('氣氛', 1), ('居民', 1), ('軍人', 1), ('角度', 1), ('描繪', 1), ('方式', 1), ('時間', 1), ('架構', 1), ('道德', 1), ('倫理', 1), ('殺死', 1), ('理由', 1), ('菁英主義', 1), ('邏輯', 1), ('屍鬼牛仔', 1), ('基因', 1), ('火線', 1), ('警探', 1), ('表現', 1), ('演技派', 1), ('華頓哥金斯', 1), ('飾演', 1), ('渾沌', 1), ('氣質', 1), ('耍壞', 1), ('目標', 1), ('鋼鐵兄弟', 1), ('邪教', 1), ('男子', 1), ('氣概', 1), ('混合體', 1), ('霸凌', 1), ('小兵', 1), ('找到', 1), ('機會', 1), ('排斥', 1), ('雙手', 1), ('上位', 1), ('塵餘生', 1), ('平台', 1), ('畫面', 1), ('氣味', 1), ('產品', 1), ('老兵', 1), ('最愛', 1), ('汁機', 1), ('圓筒', 1), ('套上', 1), ('利刃', 1), ('斬除斷肢', 1), ('邊緣', 1), ('殘肉', 1), ('肢體', 1), ('鐵腳掌', 1), ('切換', 1), ('遊玩', 1), ('揭露', 1), ('廢土世界', 1), ('由來', 1), ('資料', 1), ('補齊', 1), ('毀滅', 1), ('演員', 1), ('生活', 1), ('美國', 1), ('戰爭', 1), ('起源', 1), ('新手村', 1), ('計畫', 1), ('管理', 1), ('背負', 1), ('祕密', 1), ('離開初始', 1), ('接觸', 1), ('末日', 1), ('強納森諾蘭', 1), ('樂園', 1), ('哲學劇', 1), ('角逐', 1), ('改編', 1)]|0.0|"影集《異塵餘生》就像可以切換三個角色遊玩的遊戲《異塵餘生》 | 而影集《異塵餘生》也不意外 | 而影集《異塵餘生》當然也要奉行這種風格"
電影情報_2024-04-12_10|2024-04-12|《神鬼戰士2》揭露情節：丹佐華盛頓成為操弄陰謀的幕後黑手！導演有信心：本片可望超越首部《神鬼戰士》|電影新聞|派拉蒙影業在拉斯維加斯舉辦的 CinemaCon 為籌備已久的《神鬼戰士2》揭露了首支預告片，導演雷利史考特似乎想要為那個遙遠的年代提供一個更加血腥的版本，講述由保羅麥斯卡飾演的貴族路休斯，在放棄了他的特權後進入角鬥場，為羅馬人民的娛樂展開生死搏鬥。根據雷利史考特這次向電影院業者展示的畫面，《神鬼戰士2》捕捉到了首部電影史詩的風格，以及壯闊的動作場面。在這支前導預告中，能夠看到保羅麥斯卡面對一支朝他衝過來的犀牛，一大群殘暴的狒狒，以及佩德羅帕斯卡飾演的角色等，加上各種爆破大場面及政治鬥爭，以及一位比瓦昆菲尼克斯飾演的版本還要更加瘋狂狠毒的皇帝。而操弄這一切的，就是由丹佐華盛頓飾演的陰險角色。他似乎就是掌控一切的幕後黑手，打算利用保羅麥斯卡當成某種實現計劃的工具，讓他得以摧毀一個徹底陷入瘋狂的羅馬帝國。丹佐華盛頓的角色在《神鬼戰士2》預告中表示：「羅馬必須崩毀，我只需要輕輕一推就好。」許多戲院業者以及觀眾都給了這部大成本製作的史詩續集《神鬼戰士2》不少讚賞，而導演雷利史考特甚至還透過一支影片表明，他認為本片很有可能將會超越首部《神鬼戰士》，並希望觀眾們好好期待。當然，要超越在 2001 年拿下奧斯卡最佳影片大獎，並且在票房上也創下佳績的首部《神鬼戰士》絕對不是一件容易的事。不僅如此，要再多年後為本片打造續集也有著極大的挑戰，更別說羅素克洛和瓦昆菲尼克斯都不會回歸演出。延伸閱讀>>再問就給我付錢！羅素克洛被《神鬼戰士2》問題問得煩死，「太多人向我詢問這部我根本就沒有參與的電影」然而，觀眾將會在《神鬼戰士2》中看到康妮尼爾森回歸演出路希拉，也就是路休斯的母親，而戴瑞克傑寇比也回歸演出了羅馬參議院的成員。其他新加入的演員包含了 佛列德海辛爾以及約瑟夫奎因，他們在片中演出了新任羅馬皇帝。《神鬼戰士2》預計將於 2024 年 11 月 22 日於北美上映。|https://news.agentm.tw/277382/|https://news.agentm.tw/wp-content/uploads/1-495-390x219.png|['派拉蒙', '影業', '拉斯維加斯', '舉辦', '籌備', '神鬼', '戰士', '揭露', '預告片', '導演', '雷利史考特', '版本', '保羅麥斯卡', '飾演', '貴族', '路休斯', '放棄', '特權', '角鬥場', '羅馬', '人民', '娛樂', '展開', '生死', '雷利史考特', '電影院', '業者', '展示', '畫面', '神鬼戰士', '捕捉到', '電影', '史詩', '風格', '動作', '場面', '保羅麥斯卡', '面對', '犀牛', '狒狒', '佩德羅帕斯卡', '飾演', '角色', '政治', '鬥爭', '瓦昆菲尼克斯', '飾演', '版本', '皇帝', '操弄', '丹佐華盛頓', '飾演', '角色', '掌控', '幕後', '黑手', '保羅麥斯卡', '實現', '計劃', '工具', '摧毀', '羅馬', '帝國', '丹佐華盛頓', '角色', '神鬼戰士', '羅馬必', '崩毀', '戲院業者', '觀眾', '成本', '製作', '史詩', '續集', '神鬼戰士', '導演', '雷利史考特', '影片', '可能', '超越', '神鬼戰士', '觀眾', '超越', '拿下', '奧斯卡', '影片', '票房', '創下', '佳績', '戰士', '打造', '續集', '挑戰', '素克洛', '瓦昆菲尼克斯', '閱讀', '羅素克洛', '神鬼', '戰士', '問題', '參與', '電影', '觀眾', '神鬼', '戰士', '康妮尼爾森', '演出', '路希拉', '路休斯', '母親', '戴瑞克傑寇比', '演出', '羅馬', '參議院', '成員', '演員', '佛列德海辛爾', '約瑟夫奎因', '演出', '羅馬', '皇帝', '神鬼戰士', '北美']|[('神鬼戰士', 5), ('戰士', 4), ('飾演', 4), ('羅馬', 4), ('神鬼', 3), ('雷利史考特', 3), ('保羅麥斯卡', 3), ('角色', 3), ('觀眾', 3), ('演出', 3), ('導演', 2), ('版本', 2), ('路休斯', 2), ('電影', 2), ('史詩', 2), ('瓦昆菲尼克斯', 2), ('皇帝', 2), ('丹佐華盛頓', 2), ('續集', 2), ('影片', 2), ('超越', 2), ('派拉蒙', 1), ('影業', 1), ('拉斯維加斯', 1), ('舉辦', 1), ('籌備', 1), ('揭露', 1), ('預告片', 1), ('貴族', 1), ('放棄', 1), ('特權', 1), ('角鬥場', 1), ('人民', 1), ('娛樂', 1), ('展開', 1), ('生死', 1), ('電影院', 1), ('業者', 1), ('展示', 1), ('畫面', 1), ('捕捉到', 1), ('風格', 1), ('動作', 1), ('場面', 1), ('面對', 1), ('犀牛', 1), ('狒狒', 1), ('佩德羅帕斯卡', 1), ('政治', 1), ('鬥爭', 1), ('操弄', 1), ('掌控', 1), ('幕後', 1), ('黑手', 1), ('實現', 1), ('計劃', 1), ('工具', 1), ('摧毀', 1), ('帝國', 1), ('羅馬必', 1), ('崩毀', 1), ('戲院業者', 1), ('成本', 1), ('製作', 1), ('可能', 1), ('拿下', 1), ('奧斯卡', 1), ('票房', 1), ('創下', 1), ('佳績', 1), ('打造', 1), ('挑戰', 1), ('素克洛', 1), ('閱讀', 1), ('羅素克洛', 1), ('問題', 1), ('參與', 1), ('康妮尼爾森', 1), ('路希拉', 1), ('母親', 1), ('戴瑞克傑寇比', 1), ('參議院', 1), ('成員', 1), ('演員', 1), ('佛列德海辛爾', 1), ('約瑟夫奎因', 1), ('北美', 1)]|0.9999999524385164|"觀眾將會在《神鬼戰士2》中看到康妮尼爾森回歸演出路希拉 | 丹佐華盛頓的角色在《神鬼戰士2》預告中表示：「羅馬必須崩毀 | 」許多戲院業者以及觀眾都給了這部大成本製作的史詩續集《神鬼戰士2》不少讚賞"
電影情報_2024-04-12_11|2024-04-12|JK 羅琳表示「絕不原諒」丹尼爾雷德克里夫和艾瑪華森，再開砲跨性別議題：這是悲劇的開始|電影新聞|JK 羅琳公開表示，她目前並沒有打算要原諒《哈利波特》電影系列核心演員丹尼爾雷德克里夫和艾瑪華森，因為社會政治理念相左而公開與她切割的決定。本週三，BBC 報導了一場由英國國民保健署發起，為期四年的性別健康審查報告。該報告結果指出了性別服務基於非常「薄弱的證據」，而醫護專業人士都讓孩童們「失望」了。兒科醫師希拉里凱斯表示，目前並無法得知利用「青春期阻斷劑」等方式干預性別相關困擾所造成的長期影響，而在無法確定將會在成年期間造成何種影響的情況下，給予年輕人可能徹底改變人生的療程，是不正常的行為。近年來常常對跨性別運動某些「特定行為」直言不諱，且持續在社群媒體上對傳統女性權益勇敢發聲的 JK 羅琳，也在推特上對此結果發表了她的看法。而在回應中，一位粉絲表示他到現在還在等待因為理念不同，而公開與羅琳切割的丹尼爾雷德克里夫和艾瑪華生「公開向她道歉」，並表示他認為羅琳絕對會原諒他們的。然而，羅琳本人似乎並不這麼認為。「恐怕不是這樣。那些意圖摧毀女性得來不易的權利、利用他們的平台為未成年人變性歡呼的明星們，可以把他們的歉意留給那些受到傷害的『去性別轉換者』（指透過各種方式終止或扭轉跨性別身份或性別轉換過程的人），以及仰賴單一性別空間的柔弱女性。」在這之前，JK 羅琳曾多次發布貼文談論希拉里凱斯的報告結果。「過去這四年來，希拉里凱斯針對兒童變性的醫學證據進行了史無前例的嚴密審查。就在報告結果公諸於世的幾個小時後，那些堅定的意識形態主義者就開始變本加厲。這場醜聞的後果將會綿延數十年之久。你們為之歡呼，或竭盡所能阻礙或扭曲研究，或霸凌意見與你們相左的人，試圖讓他們失去工作。年輕人成為了實驗品，最終毫無結果，只能活在痛苦中。我以為我的上一篇貼文已經是最後一篇，但這讓我聲淚俱下。希拉里凱斯的報告可能將成為一大分水嶺，但這對於『去性別轉換者』來說已經太遲了，他們寄給了我許多充滿痛苦與後悔的信件。今天這並不是勝利，而是悲劇的開始。我聽起來相當憤怒，因為我確實如此。我今天早上看了希拉里凱斯的報告，憤怒的心情維持了一整天。孩子們受到了無可逆轉的傷害，而這背後有著成千上萬的加害者，不只是醫療人員，還有藝人名嘴、盲目的媒體以及分世紀俗的企業。」2020 年，丹尼爾雷德克里夫公開回應了 JK 羅琳對於跨性別議題的看法，並表示「跨性別女性也是女性」，而任何否認這個聲明的想法都抹殺了跨性別者的尊嚴與權益，同時也與所有專業醫療人士的意見相左，而他們對於這項議題都擁有著更加專業的知識。此外，丹尼爾雷德克里夫當時也引用了《特雷弗專案》的調查結果，表示約有 78％ 的跨性別和非二元性別年輕人都認為他們因為自己的身份而遭到了歧視，因此認為人們必須要給予他們更多的支持，藉此減少他們所面對的傷害。另一方面，艾瑪華森也發文表示跨性別者的身份由他們自己決定，而他們都值得在不受到質疑的情況下過生活，也不用由他人來告知他們自己的身份。並且向她的跨性別追隨者們喊話，表示全世界很多人都看到了他們，並以愛尊重他們的身份。即使 JK 羅琳對於跨性別者的看法可能讓部分進步人士感到有些不滿，但這似乎沒有影響到她與華納兄弟的合作關係，以及整個《哈利波特》和「巫師世界」系列的發展。近期，這個經典奇幻系列就證實將會以 Max 影集的方式迎來一次重啟，而羅琳本人也將會加入團隊，並找來一群全新演員參與。目前，華納兄弟排定將會讓這部影集在 2026 年內開播。|https://news.agentm.tw/277370/|https://news.agentm.tw/wp-content/uploads/1-340-390x219.jpg|['羅琳', '哈利波特', '電影', '系列', '核心', '演員', '丹尼爾雷德克里夫', '艾瑪華森', '社會', '政治', '理念', '切割', '決定', '英國', '國民', '保健署', '發起', '性別', '審查', '報告', '報告', '結果', '性別', '服務', '證據', '人士', '孩童', '兒科', '醫師', '希拉里凱斯', '利用', '青春期', '阻斷劑', '方式', '困擾', '影響', '期間', '影響', '情況', '年輕人', '改變', '人生', '療程', '行為', '性別', '運動', '行為', '媒體', '權益', '羅琳', '結果', '發表', '看法', '回應', '粉絲', '理念不同', '羅琳', '切割', '丹尼爾雷德克里夫', '艾瑪華生', '羅琳', '羅琳', '摧毀', '女性', '權利', '利用', '平台為', '變性', '明星', '歉意', '傷害', '性別', '轉換者』', '方式', '扭轉跨', '性別', '身份', '性別', '轉換', '過程', '性別', '空間', '女性', '羅琳', '發布', '希拉里凱斯', '報告', '結果', '希拉里凱斯', '兒童', '醫學', '證據', '進行', '報告', '結果', '小時', '意識', '形態', '主義', '醜聞', '後果', '阻礙', '扭曲', '意見', '工作', '年輕人', '實驗品', '結果', '希拉里凱斯', '報告', '水嶺', '性別轉', '悲劇', '希拉里凱斯', '報告', '心情', '孩子', '傷害', '背後', '人員', '藝人', '媒體', '分世紀俗', '企業', '丹尼爾雷德克里夫公開', '回應', '羅琳', '性別議題', '看法', '女性', '女性', '聲明', '想法', '抹殺', '跨性別者', '尊嚴', '權益', '醫療', '人士', '意見', '議題', '知識', '丹尼爾雷德克里夫', '引用', '特雷弗', '專案', '結果', '性別', '性別', '年輕人', '身份', '人們', '面對', '傷害', '艾瑪華森', '發文', '跨性別', '身份', '情況', '身份', '追隨', '世界', '身份', '羅琳', '性別者', '看法', '人士', '華納', '兄弟', '哈利波特', '巫師世界', '系列', '發展', '經典', '系列', '方式', '迎來', '重啟', '羅琳', '加入', '團隊', '找來', '演員', '參與', '華納', '兄弟', '排定', '影集']|[('羅琳', 9), ('性別', 9), ('報告', 6), ('結果', 6), ('希拉里凱斯', 5), ('身份', 5), ('女性', 4), ('系列', 3), ('丹尼爾雷德克里夫', 3), ('人士', 3), ('方式', 3), ('年輕人', 3), ('看法', 3), ('傷害', 3), ('哈利波特', 2), ('演員', 2), ('艾瑪華森', 2), ('切割', 2), ('證據', 2), ('利用', 2), ('影響', 2), ('情況', 2), ('行為', 2), ('媒體', 2), ('權益', 2), ('回應', 2), ('意見', 2), ('華納', 2), ('兄弟', 2), ('電影', 1), ('核心', 1), ('社會', 1), ('政治', 1), ('理念', 1), ('決定', 1), ('英國', 1), ('國民', 1), ('保健署', 1), ('發起', 1), ('審查', 1), ('服務', 1), ('孩童', 1), ('兒科', 1), ('醫師', 1), ('青春期', 1), ('阻斷劑', 1), ('困擾', 1), ('期間', 1), ('改變', 1), ('人生', 1), ('療程', 1), ('運動', 1), ('發表', 1), ('粉絲', 1), ('理念不同', 1), ('艾瑪華生', 1), ('摧毀', 1), ('權利', 1), ('平台為', 1), ('變性', 1), ('明星', 1), ('歉意', 1), ('轉換者』', 1), ('扭轉跨', 1), ('轉換', 1), ('過程', 1), ('空間', 1), ('發布', 1), ('兒童', 1), ('醫學', 1), ('進行', 1), ('小時', 1), ('意識', 1), ('形態', 1), ('主義', 1), ('醜聞', 1), ('後果', 1), ('阻礙', 1), ('扭曲', 1), ('工作', 1), ('實驗品', 1), ('水嶺', 1), ('性別轉', 1), ('悲劇', 1), ('心情', 1), ('孩子', 1), ('背後', 1), ('人員', 1), ('藝人', 1), ('分世紀俗', 1), ('企業', 1), ('丹尼爾雷德克里夫公開', 1), ('性別議題', 1), ('聲明', 1), ('想法', 1), ('抹殺', 1), ('跨性別者', 1), ('尊嚴', 1), ('醫療', 1), ('議題', 1), ('知識', 1), ('引用', 1), ('特雷弗', 1), ('專案', 1), ('人們', 1), ('面對', 1), ('發文', 1), ('跨性別', 1), ('追隨', 1), ('世界', 1), ('性別者', 1), ('巫師世界', 1), ('發展', 1), ('經典', 1), ('迎來', 1), ('重啟', 1), ('加入', 1), ('團隊', 1), ('找來', 1), ('參與', 1), ('排定', 1), ('影集', 1)]|0.0|"丹尼爾雷德克里夫公開回應了 JK 羅琳對於跨性別議題的看法 | 羅琳本人似乎並不這麼認為 | 並表示他認為羅琳絕對會原諒他們的"
電影情報_2024-04-11_12|2024-04-11|雷恩葛斯林主演科幻電影《極限返航》！翻拍《絕地救援》作者新書，確定今年 6 月開拍|電影新聞|根據《Production Weekly》的報導，雷恩葛斯林主演的科幻電影《極限返航》將會在今年 6 月於英國開拍，而菲爾羅德以及克里斯米勒將會擔任本片的導演。《極限返航》改編自作家安迪威爾筆下的同名著作，並由德魯戈達德擔任編劇，本片的故事設定在一個逐漸走向毀滅的地球，科學老師雷藍葛瑞斯奉命解決這個問題，並踏上一場拯救全人類的宇宙探索之旅。安迪威爾最初於 2020 年以 300 萬美金的價碼將小說的翻拍全賣給了米高梅，接著在 2020 年 3 月，雷恩葛斯林簽下了演出合約，而導演人選也正式敲定。此外，曾參與過另一部安迪威爾小說改編計劃《絕地救援》的德魯戈達德則在同年 7 月加盟擔任編劇。此外，《極限返航》也將成為羅德和米勒繼他們退出了《星際大戰外傳：韓索羅》後的第一部執導作品。這意味著兩人上一部執導作品為 2014 年的《龍虎少年隊：童顏巨捕》，但除了導演之外，他們近期還擔任過《蜘蛛人：穿越新宇宙》以及《樂高玩電影 2》的編劇。《星際大戰外傳：韓索羅》最初排定要由羅德和米勒兩人執導，但他們卻在開拍四個半月後卻遭到盧卡斯影業開除，當時已完成了大約四分之三的內容。盧卡斯影業當時表示這個決定是基於「創意分歧」，而《娛樂週刊》則在報導中表示兩人常常脫稿執導，打算讓整部電影更加偏向喜劇風格。就在兩人退出的兩天後，新導演朗霍華就接替了他們的位置。數個月後，羅德和米勒終於針對他們退出《星際大戰外傳：韓索羅》的事件發表了回應，他們表示：「這部電影的拍攝體驗非常美好。我們擁有著最棒的演員以及劇組同心協力。我們對於我們在片中做到的事情感到自豪，也希望所有人都能過得更好。」在那之後，這對雙人搭檔將近十年未執導任何電影。但仍然陸續擔任了《熊蓋毒》、《樂高玩電影 2》、《米家大戰機器人》、《復仇狗聯盟》以及《蜘蛛人：穿越新宇宙》等電影的監製。而在本屆的 CinemaCon 活動上，相關消息也揭露了《極限返航》已經排定將會在 2026 年內上映，而相關拍攝工作將會在今年夏天正式展開。|https://news.agentm.tw/277318/|https://news.agentm.tw/wp-content/uploads/ryan-gosling-project-hail-mary-390x195.png|['報導', '雷恩葛斯林', '主演', '電影', '極限', '英國', '開拍', '菲爾羅德', '克里斯米勒', '導演', '極限', '改編', '作家', '安迪威爾', '筆下', '著作', '德魯戈達德', '編劇', '故事', '設定', '毀滅', '地球', '科學', '老師', '雷藍葛瑞斯', '解決', '問題', '拯救', '人類', '宇宙', '安迪威爾', '價碼', '小說', '翻拍', '雷恩葛斯林', '簽下', '演出', '合約', '導演', '人選', '參與', '安迪威爾', '小說', '計劃', '救援', '德魯戈達德', '加盟', '編劇', '羅德', '米勒', '星際', '大戰', '外傳', '作品', '執導', '作品', '龍虎', '少年隊', '童顏巨捕', '導演', '蜘蛛人', '宇宙', '電影', '編劇', '星際大戰', '外傳', '韓索羅', '排定要', '羅德', '米勒', '執導', '開拍', '盧卡斯影業', '開除', '完成', '內容', '盧卡斯', '影業', '決定', '創意', '娛樂', '週刊', '執導', '電影', '喜劇', '風格', '導演', '朗霍華', '接替', '位置', '羅德', '米勒', '星際', '大戰', '外傳', '韓索羅', '事件', '發表', '回應', '電影', '拍攝', '體驗', '演員', '劇組', '事情', '雙人', '搭檔', '執導', '電影', '熊蓋毒', '電影', ' 2', '米家', '機器人', '復仇狗', '聯盟', '蜘蛛人', '宇宙', '電影', '監製', '活動', '消息', '揭露', '極限', '排定', '工作', '展開']|[('電影', 7), ('導演', 4), ('執導', 4), ('極限', 3), ('安迪威爾', 3), ('編劇', 3), ('宇宙', 3), ('羅德', 3), ('米勒', 3), ('外傳', 3), ('雷恩葛斯林', 2), ('開拍', 2), ('德魯戈達德', 2), ('小說', 2), ('星際', 2), ('大戰', 2), ('作品', 2), ('蜘蛛人', 2), ('韓索羅', 2), ('報導', 1), ('主演', 1), ('英國', 1), ('菲爾羅德', 1), ('克里斯米勒', 1), ('改編', 1), ('作家', 1), ('筆下', 1), ('著作', 1), ('故事', 1), ('設定', 1), ('毀滅', 1), ('地球', 1), ('科學', 1), ('老師', 1), ('雷藍葛瑞斯', 1), ('解決', 1), ('問題', 1), ('拯救', 1), ('人類', 1), ('價碼', 1), ('翻拍', 1), ('簽下', 1), ('演出', 1), ('合約', 1), ('人選', 1), ('參與', 1), ('計劃', 1), ('救援', 1), ('加盟', 1), ('龍虎', 1), ('少年隊', 1), ('童顏巨捕', 1), ('星際大戰', 1), ('排定要', 1), ('盧卡斯影業', 1), ('開除', 1), ('完成', 1), ('內容', 1), ('盧卡斯', 1), ('影業', 1), ('決定', 1), ('創意', 1), ('娛樂', 1), ('週刊', 1), ('喜劇', 1), ('風格', 1), ('朗霍華', 1), ('接替', 1), ('位置', 1), ('事件', 1), ('發表', 1), ('回應', 1), ('拍攝', 1), ('體驗', 1), ('演員', 1), ('劇組', 1), ('事情', 1), ('雙人', 1), ('搭檔', 1), ('熊蓋毒', 1), (' 2', 1), ('米家', 1), ('機器人', 1), ('復仇狗', 1), ('聯盟', 1), ('監製', 1), ('活動', 1), ('消息', 1), ('揭露', 1), ('排定', 1), ('工作', 1), ('展開', 1)]|0.9999999999999398|"《極限返航》也將成為羅德和米勒繼他們退出了《星際大戰外傳：韓索羅》後的第一部執導作品 | 這對雙人搭檔將近十年未執導任何電影 | 他們近期還擔任過《蜘蛛人：穿越新宇宙》以及《樂高玩電影 2》的編劇"
電影情報_2024-04-11_13|2024-04-11|《捍衛任務：復仇芭蕾》男女殺神同台？基努李維和安娜德哈瑪斯的角色終於碰面|電影新聞|喜歡《捍衛任務》系列的影迷，肯定很好奇外傳電影《復仇芭蕾》會帶來什麼樣的驚喜？而這次出席本屆 CinemaCon 活動的觀眾，幸運地搶先看到《復仇芭蕾》裡一段安娜德哈瑪斯角色的片段，更棒的是，這個角色還有與基努李維飾演的約翰維克見面。《捍衛任務：復仇芭蕾》由《攔截記憶碼》連恩懷斯曼執導，並找來《捍衛任務4》編劇沙伊哈頓執筆，安娜德哈瑪斯飾演的角色魯妮，是一位芭蕾舞演員，同時也是殺手，她為了替家人復仇走上無法回頭的路。魯妮這個角色第一次出現在《捍衛任務3：全面開戰》，當時這名角色由尤妮蒂費蘭演出。片段中，魯妮詢問著約翰維克：「我該怎麼開始做到跟你一樣的事？」約翰回答道：「看來你已經做到了」儘管只有搶先釋出一點點片段，但光是看到安娜德哈瑪斯與基努李維同台，影迷們都期待到不行。電影設定於《捍衛任務3：全面開戰》與《捍衛任務4》間，安娜德哈瑪斯飾演的角色魯妮，是受國際犯罪組織之一的 Ruska Roma 訓練的殺手，該組織在《捍衛任務》系列的世界觀中的「高桌會」中佔有一席之地，此外，安潔莉卡休斯頓也在片中回歸演出「總監」，她在片段中提到：「你的童年被從身邊奪走了……你的心中充滿了憤怒。你打算對那些傷害你的人展開復仇。」不僅如此，伊恩麥克夏恩也在外傳電影中回歸演出大陸酒店經理溫斯頓，而已故演員蘭斯瑞迪克飾演的卡隆，也將在片中登場。除了熟悉角色的回歸，電影團隊也在這次 CinemaCon 活動上，公開《陰屍路》「戴瑞」諾曼李杜斯驚喜加盟電影。儘管尚未看見電影成品，但可以想像《復仇芭蕾》會與《捍衛任務》系列風格相差不遠，搶先片段裡有釋出一段魯妮使用一把刀子，就在敵人的重重包圍中殺出一條血路，之後更跳上卡車使用火焰噴射器攻擊司機。《捍衛任務：復仇芭蕾》目前已確定延期至 2025 年 6 月 6 日在美上映，獅門娛樂董座亞當福格森表示這個延期讓團隊擁有更多時間處理動作場面。|https://news.agentm.tw/277312/|https://news.agentm.tw/wp-content/uploads/未命名設計-83-390x213.png|['捍衛', '任務', '系列', '影迷', '電影', '復仇', '芭蕾', '帶來', '出席', '活動', '觀眾', '復仇', '芭蕾', '安娜德哈瑪斯', '角色', '片段', '角色', '基努李維', '飾演', '約翰維克', '捍衛', '任務', '芭蕾', '攔截', '記憶', '執導', '找來', '捍衛', '任務', '編劇', '沙伊哈頓', '安娜德哈瑪斯', '飾演', '角色', '魯妮', '芭蕾舞', '演員', '殺手', '家人', '魯妮', '角色', '捍衛', '任務', '角色', '尤妮蒂費蘭', '演出', '片段', '魯妮', '約翰維克', '約翰', '釋出', '片段', '安娜德哈瑪斯', '基努李維同', '影迷', '電影', '設定', '捍衛', '任務', '捍衛', '任務', '安娜德哈瑪斯', '飾演', '角色', '魯妮', '國際', '組織', '訓練', '殺手', '組織', '捍衛', '任務', '系列', '世界', '觀中', '高桌會', '安潔莉卡休斯頓', '演出', '總監', '片段', '童年', '身邊', '奪走', '傷害', '展開復', '伊恩麥克夏恩', '外傳', '電影', '演出', '大陸', '酒店', '經理', '溫斯頓', '演員', '蘭斯瑞迪克', '飾演', '卡隆', '角色', '電影', '團隊', '活動', '陰屍路', '戴瑞', '諾曼李杜斯', '加盟', '電影', '電影', '成品', '復仇', '芭蕾', '捍衛', '任務', '系列', '風格', '片段', '釋出', '使用', '刀子', '敵人', '包圍', '血路', '卡車', '使用', '火焰', '噴射器', '司機', '捍衛', '任務', '芭蕾', '上映', '獅門娛樂', '董座', '亞當福格森', '團隊', '時間', '處理', '動作', '場面']|[('捍衛', 9), ('任務', 9), ('角色', 7), ('電影', 6), ('芭蕾', 5), ('片段', 5), ('安娜德哈瑪斯', 4), ('飾演', 4), ('魯妮', 4), ('系列', 3), ('復仇', 3), ('演出', 3), ('影迷', 2), ('活動', 2), ('約翰維克', 2), ('演員', 2), ('殺手', 2), ('釋出', 2), ('組織', 2), ('團隊', 2), ('使用', 2), ('帶來', 1), ('出席', 1), ('觀眾', 1), ('基努李維', 1), ('攔截', 1), ('記憶', 1), ('執導', 1), ('找來', 1), ('編劇', 1), ('沙伊哈頓', 1), ('芭蕾舞', 1), ('家人', 1), ('尤妮蒂費蘭', 1), ('約翰', 1), ('基努李維同', 1), ('設定', 1), ('國際', 1), ('訓練', 1), ('世界', 1), ('觀中', 1), ('高桌會', 1), ('安潔莉卡休斯頓', 1), ('總監', 1), ('童年', 1), ('身邊', 1), ('奪走', 1), ('傷害', 1), ('展開復', 1), ('伊恩麥克夏恩', 1), ('外傳', 1), ('大陸', 1), ('酒店', 1), ('經理', 1), ('溫斯頓', 1), ('蘭斯瑞迪克', 1), ('卡隆', 1), ('陰屍路', 1), ('戴瑞', 1), ('諾曼李杜斯', 1), ('加盟', 1), ('成品', 1), ('風格', 1), ('刀子', 1), ('敵人', 1), ('包圍', 1), ('血路', 1), ('卡車', 1), ('火焰', 1), ('噴射器', 1), ('司機', 1), ('上映', 1), ('獅門娛樂', 1), ('董座', 1), ('亞當福格森', 1), ('時間', 1), ('處理', 1), ('動作', 1), ('場面', 1)]|0.8939919745985708|"該組織在《捍衛任務》系列的世界觀中的「高桌會」中佔有一席之地 | 幸運地搶先看到《復仇芭蕾》裡一段安娜德哈瑪斯角色的片段 | 但可以想像《復仇芭蕾》會與《捍衛任務》系列風格相差不遠"
電影情報_2024-04-11_14|2024-04-11|約翰希南談巨石強森和馮迪索的《玩命關頭》心結：「一個系列裡有兩個 alpha 男，但一山不容二虎⋯」|電影新聞|巨石強森以及馮迪索在《玩命關頭》系列中長久以來的爭執終於在去年畫下了一個句點，巨石強森飾演的路克哈伯也驚喜地在《玩命關頭X》的片尾片段中驚喜登場。2021 年 11 月，馮迪索曾公開邀請巨石強森重返《玩命關頭 X》，雖然巨石強森當時選擇了拒絕，強調自己並不會在這系列中回歸，但最終事實似乎並非如此。內容目錄在《玩命關頭9》加入系列飾演「雅各托雷多」的約翰希南，最近出席《Armchair Expert》Podcast 節目，並被主持人戴克斯薛普問到了一些關於巨石強森以及馮迪索在片場不合的傳聞，而他表示這兩人確實相當難以磨合。約翰希南表示：「絕對有不少跟這個有關的傳聞，我也不會否認。一個系列中有兩位非常 alpha 又很有衝勁的演員。你有兩個，但一山不容二虎。」而對於加入這個充滿陽剛魅力演員的系列，約翰希南則表示他在 WWE 摔角手生涯的那段時期，讓他學會了低調且融入團隊。「老兄，你得記得我被丟到了一個更衣室中，我在那裡能夠遇到一代又一代的資深老將。『你父親是做什麼的？』『摔角』、『你祖父是做什麼的？』『摔角』。我曾待過那樣的環境，了解整體情況，然後適應發生的一切事情。我被邀請進入某人的家，進入某人的家庭。無論他們在外表上與其他人類比起來如何，這是一個發展了九部電影的 IP，同時也是一部動作電影。你至少一定要給些尊重。」在作結時，約翰希南也表示，他明白自己只是《玩命關頭》系列大家庭的過客，他並沒有要跟人搶奪什麼，因為那並不屬於他。約翰希南同時也對他獲得的一切感到感激，並且決心全力以赴。2016 年 8 月，馮迪索以及巨石強森傳出在《玩命關頭》系列片場不合的消息，當時巨石強森直接在個人 Instagram 上向「某位演員」開嗆。不久之後，傳聞暗示了他指的演員就是馮迪索，馮迪索之後也在 2021 年受訪時表示自己對巨石強森給出了許多「嚴厲的愛」，藉此讓他帶來更加優秀的演出。馮迪索聲稱他必須要介入，讓巨石強森為哈伯這位角色帶來他所想要的演出。巨石強森最初於 2011 年的《玩命關頭5》，在那之後陸續出現在三部續集，並在 2019 年與傑森史塔森共同演出外傳電影《玩命關頭：特別行動》。之後巨石強森因為與馮迪索之間的紛爭拒絕回歸《玩命關頭9》，而到了 2021 年 11 月，馮迪索再次公開要求巨石強森回歸《玩命關頭 X》。一個月後，巨石強森在接受《CNN》網站的訪談時回應了馮迪索的邀約，直接批評他在他們兩人私底下達成協議後，又當著粉絲的面這樣喊話。他表示自己已經明確告知沒有打算回歸《玩命關頭》系列，並批評馮迪索利用他的孩子和保羅沃克的死來情緒勒索。即使如此，兩人最終似乎依然破鏡重圓，而巨石強森也順利在《玩命關頭X》的片尾片段中登場，暗示了哈伯斯在《玩命關頭11》中將有更重要的戲份。巨石強森在《玩命關頭X》上映後表示：「馮迪索和我在去年夏天正式放下了對於彼此的間隙。我們將會戴著兄弟情誼以及決心向前邁進，並總是好好照顧這個我們所愛的系列、角色以及粉絲們。」值得一提的是，約翰希南在 WWE 生涯期間也曾與巨石強森產生過衝突，背後原因是約翰希南不滿巨石強森放棄了 WWE 生涯，成為一位 A 咖巨星。然而，由於約翰希南最終也選擇了類似的道路，因次他現在回顧那段過往，認為自己當時短視近利且非常自私。《玩命關頭11》將於 2025 年 4 月 4 日上映。|https://news.agentm.tw/277299/|https://news.agentm.tw/wp-content/uploads/1-493-390x220.png|['巨石', '強森', '馮迪索', '玩命', '關頭', '系列', '爭執', '畫下', '句點', '巨石', '強森', '飾演', '路克哈伯', '玩命', '關頭', '片尾', '片段', '馮迪索', '邀請', '巨石', '強森', '玩命', '關頭', '巨石', '強森', '選擇', '系列', '事實', '內容', '目錄', '關頭9', '加入', '系列', '飾演', '雅各托雷多', '約翰希南', '出席', '節目', '主持人', '克斯薛普', '巨石強森', '馮迪索', '片場', '傳聞', '磨合', '約翰希南', '傳聞', '系列', '衝勁', '演員', '加入', '魅力', '演員', '系列', '約翰希南', '摔角手', '生涯', '時期', '學會', '融入', '團隊', '老兄', '丟到', '衣室', '遇到', '老將', '父親', '做什麼', '祖父', '摔角』', '環境', '整體', '情況', '事情', '邀請', '某人', '某人', '家庭', '外表', '人類', '發展', '電影', '動作', '電影', '約翰希南', '玩命', '關頭', '系列', '家庭', '過客', '搶奪', '約翰希南', '馮迪索', '巨石強森', '傳出', '關頭', '系列', '片場', '消息', '巨石強森', '演員', '傳聞', '演員', '馮迪索', '馮迪索', '巨石強森', '帶來', '演出', '馮迪索', '介入', '巨石強森', '哈伯', '角色', '帶來', '演出', '巨石強森', '玩命關頭5', '續集', '傑森史塔森', '演出', '外傳', '電影', '玩命', '關頭', '行動', '巨石強森', '馮迪索', '紛爭', '馮迪索', '巨石強森', '巨石強森', '接受', '網站', '訪談', '回應', '馮迪索', '邀約', '批評', '達成', '協議', '粉絲', '玩命', '關頭', '系列', '批評', '馮迪索', '利用', '孩子', '保羅沃克', '情緒', '鏡重圓', '巨石強森', '關頭', '片尾', '片段', '哈伯斯', '玩命', '關頭1', '戲份', '巨石強森', '關頭', '馮迪索', '放下', '間隙', '兄弟', '情誼', '決心', '照顧', '系列', '角色', '粉絲們', '約翰希南', '生涯', '期間', '巨石強森', '衝突', '背後', '原因', '約翰希南', '放棄', '生涯', '巨星', '約翰希南', '選擇', '道路', '玩命關頭11']|[('馮迪索', 12), ('巨石強森', 12), ('關頭', 9), ('系列', 9), ('約翰希南', 8), ('玩命', 7), ('巨石', 4), ('強森', 4), ('演員', 4), ('傳聞', 3), ('生涯', 3), ('電影', 3), ('演出', 3), ('飾演', 2), ('片尾', 2), ('片段', 2), ('邀請', 2), ('選擇', 2), ('加入', 2), ('片場', 2), ('某人', 2), ('家庭', 2), ('帶來', 2), ('角色', 2), ('批評', 2), ('爭執', 1), ('畫下', 1), ('句點', 1), ('路克哈伯', 1), ('事實', 1), ('內容', 1), ('目錄', 1), ('關頭9', 1), ('雅各托雷多', 1), ('出席', 1), ('節目', 1), ('主持人', 1), ('克斯薛普', 1), ('磨合', 1), ('衝勁', 1), ('魅力', 1), ('摔角手', 1), ('時期', 1), ('學會', 1), ('融入', 1), ('團隊', 1), ('老兄', 1), ('丟到', 1), ('衣室', 1), ('遇到', 1), ('老將', 1), ('父親', 1), ('做什麼', 1), ('祖父', 1), ('摔角』', 1), ('環境', 1), ('整體', 1), ('情況', 1), ('事情', 1), ('外表', 1), ('人類', 1), ('發展', 1), ('動作', 1), ('過客', 1), ('搶奪', 1), ('傳出', 1), ('消息', 1), ('介入', 1), ('哈伯', 1), ('玩命關頭5', 1), ('續集', 1), ('傑森史塔森', 1), ('外傳', 1), ('行動', 1), ('紛爭', 1), ('接受', 1), ('網站', 1), ('訪談', 1), ('回應', 1), ('邀約', 1), ('達成', 1), ('協議', 1), ('粉絲', 1), ('利用', 1), ('孩子', 1), ('保羅沃克', 1), ('情緒', 1), ('鏡重圓', 1), ('哈伯斯', 1), ('關頭1', 1), ('戲份', 1), ('放下', 1), ('間隙', 1), ('兄弟', 1), ('情誼', 1), ('決心', 1), ('照顧', 1), ('粉絲們', 1), ('期間', 1), ('衝突', 1), ('背後', 1), ('原因', 1), ('放棄', 1), ('巨星', 1), ('道路', 1), ('玩命關頭11', 1)]|0.0001574294184978|"之後巨石強森因為與馮迪索之間的紛爭拒絕回歸《玩命關頭9》 | 當時巨石強森直接在個人 Instagram 上向「某位演員」開嗆 | 巨石強森以及馮迪索在《玩命關頭》系列中長久以來的爭執終於在去年畫下了一個句點"
電影情報_2024-04-11_15|2024-04-11|亨利卡維爾將演出《時空英豪》重啟版電影：「如果你覺得已經看透了我的劍術，你看過的還不算什麼。」|電影新聞|亨利卡維爾近期聊到了重啟版的《時空英豪》時，暗示他在這部作品中的「劍術演出」將會超越《獵魔士》系列。這部翻拍自 80 年代經典奇幻系列的全新版本，將會看到亨利卡維爾在放下了超人以及傑洛特後、再次演出另一位經典超人類角色。根據《Deadline》報導，亨利卡維爾在今年的 CinemaCon 上驚喜現身，除了談論他目前在最新力作《非紳士特攻隊》中飾演的角色之外，他也預告了另一部他即將主演的作品，那就是備受粉絲期待的《時空英豪》重啟版本。他表示：「如果你覺得已經看透了我的劍術，你看過的還不算什麼。」亨利卡維爾繼續分享他對於《時空英豪》的熱愛，除了這部重啟版電影之外，這位前超人演員接下來還有著許多非常豐富的電影計劃，像是《戰錘 40K》影視作品，以及蓋瑞奇的另一部新作《The Grey》。他在談到《時空英豪》時表示：「我非常喜愛原版電影，無論好壞，而這也是那種當我在首次閱讀劇本時，會不太確定自己是否應該要接演的情況。系列最初幾部電影提及了背景故事設定⋯⋯但我的老天啊，我們還得深入探索那些角色。」另一方面，導演查德史塔赫斯基則對於能延續與獅門娛樂的合作關係感到相當興奮，無論是拍攝重啟版本的《時空英豪》，或是延續備受好評的《捍衛任務》系列。「我非常高興能夠拓展我與獅門娛樂之間的關係，《捍衛任務》在我心中有著非常重要的地位，因此能夠延續領導這個系列對我來說非常重要。我也非常高興能夠藉由《時空英豪》開啟另一個系列，那個世界中也充滿了許多可以述說的故事。」對於能夠在《時空英豪》的計劃中與亨利卡維爾展開合作，查德史塔赫斯基也感到萬分期待。導演表示：「這位角色將會經歷上百年的角色發展，徹底蛻變成一個完全不同的人，同時還得拓展他的情緒廣度。而在我們的首次會面中，我的質疑都化解了——亨利卡維爾立刻就能理解永生所帶來的負擔，你也能從他的眼神看出他可以讓自己從一個年輕又活潑的靈魂，轉變成一個滄桑又有智慧的老靈魂。他擁有這種令我著迷的組合。」|https://news.agentm.tw/277290/|https://news.agentm.tw/wp-content/uploads/1-339-390x219.jpg|['亨利', '卡維爾', '重啟版', '時空', '英豪', '作品', '劍術', '演出', '超越', '獵魔士', '系列', '翻拍', '經典', '系列', '版本', '亨利卡維爾', '放下', '超人', '傑洛特', '演出', '經典', '超人類', '角色', '亨利', '卡維爾', '力作', '非紳士', '特攻隊', '飾演', '角色', '主演', '作品', '粉絲', '時空', '英豪', '重啟', '版本', '劍術', '亨利卡維爾', '時空英豪', '重啟版', '電影', '超人', '演員', '電影', '計劃', '戰錘', '影視', '作品', '蓋瑞奇', '新作', '時空英豪', '原版', '電影', '好壞', '閱讀', '劇本', '接演', '情況', '系列', '電影', '背景', '故事設定⋯⋯', '老天啊', '角色', '導演', '查德史塔赫斯基', '獅門娛樂', '關係', '拍攝', '重啟版本', '時空英豪', '好評', '捍衛', '任務', '系列', '拓展', '獅門', '娛樂', '關係', '捍衛', '任務', '地位', '領導', '系列', '時空', '英豪', '開啟', '系列', '世界', '故事', '時空', '英豪', '計劃', '亨利卡維爾', '展開', '查德史塔赫斯基', '導演', '角色', '角色', '發展', '拓展', '情緒', '廣度', '化解', '亨利卡維爾', '永生', '帶來', '負擔', '眼神', '靈魂', '智慧', '靈魂', '組合']|[('系列', 6), ('角色', 5), ('時空', 4), ('英豪', 4), ('亨利卡維爾', 4), ('電影', 4), ('作品', 3), ('時空英豪', 3), ('亨利', 2), ('卡維爾', 2), ('重啟版', 2), ('劍術', 2), ('演出', 2), ('經典', 2), ('版本', 2), ('超人', 2), ('計劃', 2), ('導演', 2), ('查德史塔赫斯基', 2), ('關係', 2), ('捍衛', 2), ('任務', 2), ('拓展', 2), ('靈魂', 2), ('超越', 1), ('獵魔士', 1), ('翻拍', 1), ('放下', 1), ('傑洛特', 1), ('超人類', 1), ('力作', 1), ('非紳士', 1), ('特攻隊', 1), ('飾演', 1), ('主演', 1), ('粉絲', 1), ('重啟', 1), ('演員', 1), ('戰錘', 1), ('影視', 1), ('蓋瑞奇', 1), ('新作', 1), ('原版', 1), ('好壞', 1), ('閱讀', 1), ('劇本', 1), ('接演', 1), ('情況', 1), ('背景', 1), ('故事設定⋯⋯', 1), ('老天啊', 1), ('獅門娛樂', 1), ('拍攝', 1), ('重啟版本', 1), ('好評', 1), ('獅門', 1), ('娛樂', 1), ('地位', 1), ('領導', 1), ('開啟', 1), ('世界', 1), ('故事', 1), ('展開', 1), ('發展', 1), ('情緒', 1), ('廣度', 1), ('化解', 1), ('永生', 1), ('帶來', 1), ('負擔', 1), ('眼神', 1), ('智慧', 1), ('組合', 1)]|0.0032721477520771|"」對於能夠在《時空英豪》的計劃中與亨利卡維爾展開合作 | 」亨利卡維爾繼續分享他對於《時空英豪》的熱愛 | 亨利卡維爾近期聊到了重啟版的《時空英豪》時"
電影情報_2024-04-10_16|2024-04-10|別等了！基特哈靈頓證實《冰與火之歌：權力遊戲》瓊恩雪諾衍生作品已經遭擱置|電影新聞|HBO 對《冰與火之歌：權力遊戲》系列依然有豐富計劃，可惜的是，與系列要角「瓊恩雪諾」有關的衍生作品目前似乎不包含於其中。雖然系列最早傳出的外傳計劃就是聚焦在由基特哈靈頓飾演的角色身上，但根據他向《ScreenRant》透露的說法，這項計劃目前尚未進入發展階段。基特哈靈頓在宣傳羅德布萊克斯特最新力作《Blood for Dust》時表示：「以目前來說，這項計劃並不在檯面上，因為我們都無法找到一段能讓我們感到興奮且適合的故事。所以我們決定暫時放下。在未來某一天我們或許將會重新回到這項計劃，但目前的確先擱置了。」HBO 目前正在進行多項與《冰與火之歌》有關的衍生計劃，其中包含將於今年 6 月迎來第二季的《龍族前傳》，及正在計劃中的《七王國的騎士：流浪騎士》(A Knight of the Seven Kingdoms: The Hedge Knight)。根據《冰與火之歌》系列原作者喬治·R·R·馬丁先前所說，哈靈頓是最初提議發展更多瓊恩雪諾故事的人，但在馬丁持續拓展《冰與火之歌》宇宙，加上哈靈頓開始投入其他原創計畫，使得瓊恩雪諾相關作品漸漸走向停擺。喬治·R·R·馬丁向《ScreenRant》表示，他之所以對這項計劃保持安靜有諸多原因，「我還沒有真正地討論過這項計劃，因為目前還在發展中。我原本不希望這部作品正在發展中的消息外流，我也不想看到觀眾們開始推測各種理論，接著感到期待或厭煩，即使最終可能根本不會拍成。因為在發展過程中，你會觀察每一種角度，然後推斷這一切是否值得。」不過雖然基特哈靈頓出面表示計畫告一段落，但影迷們還是可以看到其他計畫的登場，至少可以先迎接《龍族前傳》第二季的到來。|https://news.agentm.tw/277202/|https://news.agentm.tw/wp-content/uploads/未命名設計-82-390x213.png|['權力', '遊戲', '系列', '計劃', '系列', '要角', '瓊恩雪諾', '衍生', '作品', '系列', '傳出', '外傳', '計劃', '基特哈', '靈頓', '飾演', '角色', '說法', '計劃', '發展', '階段', '基特', '哈靈頓', '宣傳', '德布萊克斯特', '力作', '計劃', '檯面', '找到', '故事', '放下', '計劃', '擱置', '進行', '衍生', '計劃', '迎來', '龍族', '前傳', '計劃', '王國', '騎士：', '流浪', '騎士', '系列', '喬治·', '馬丁', '哈靈頓', '發展', '瓊恩雪諾', '故事', '馬丁', '拓展', '宇宙', '哈靈頓', '投入', '計畫', '瓊恩雪諾', '作品', '喬治', '馬丁', '計劃', '原因', '計劃', '發展', '作品', '發展', '消息', '觀眾', '理論', '發展', '過程', '角度', '基特哈靈頓', '計畫', '影迷', '計畫', '迎接', '龍族']|[('計劃', 9), ('發展', 5), ('系列', 4), ('瓊恩雪諾', 3), ('作品', 3), ('哈靈頓', 3), ('馬丁', 3), ('計畫', 3), ('衍生', 2), ('故事', 2), ('龍族', 2), ('權力', 1), ('遊戲', 1), ('要角', 1), ('傳出', 1), ('外傳', 1), ('基特哈', 1), ('靈頓', 1), ('飾演', 1), ('角色', 1), ('說法', 1), ('階段', 1), ('基特', 1), ('宣傳', 1), ('德布萊克斯特', 1), ('力作', 1), ('檯面', 1), ('找到', 1), ('放下', 1), ('擱置', 1), ('進行', 1), ('迎來', 1), ('前傳', 1), ('王國', 1), ('騎士：', 1), ('流浪', 1), ('騎士', 1), ('喬治·', 1), ('拓展', 1), ('宇宙', 1), ('投入', 1), ('喬治', 1), ('原因', 1), ('消息', 1), ('觀眾', 1), ('理論', 1), ('過程', 1), ('角度', 1), ('基特哈靈頓', 1), ('影迷', 1), ('迎接', 1)]|0.9998323891707546|"根據《冰與火之歌》系列原作者喬治·R·R·馬丁先前所說 | 在未來某一天我們或許將會重新回到這項計劃 | 」HBO 目前正在進行多項與《冰與火之歌》有關的衍生計劃"
電影情報_2024-04-10_17|2024-04-10|「前一天你還是個孩子，隔天你就成為了蜘蛛人。」千黛亞回憶《蜘蛛人：返校日》如何對她及湯姆霍蘭德的生活帶來巨大轉變|電影新聞|千黛亞最近回憶起了《蜘蛛人：返校日》是如何對她以及合作演員湯姆霍蘭德的演藝生涯帶來前所未有的巨大轉變，同時也揭露湯姆霍蘭德對於《蜘蛛人》系列為他帶來的名氣有何反應。在演出漫威電影宇宙版蜘蛛人之前，湯姆霍蘭德最著名的作品就是在英國西區劇院演出的舞台劇，之後也以和強柏恩瑟一同演出的《朝聖》等電影獲得了些許的成功。然而，湯姆霍蘭德在加入漫威電影宇宙後才真正品嚐到了徹底爆紅的滋味。在最近接受《Vogue》網站的訪談時，千黛亞談到了她和湯姆霍蘭德的演藝生涯是如何受到《蜘蛛人：返校日》的影響。千黛亞還提到了雖然她的演藝生涯在當時就已經算有所起色，但湯姆霍蘭德在演出了首部漫威電影宇宙版《蜘蛛人》個人電影後更是徹底走紅。千黛亞表示：「我們都非常非常年輕，但我的演藝生涯當時已經算是起步，但他可說是一夕之間徹底翻紅。前一天你還是個孩子，跟朋友到酒吧裡混，隔天你就成為了蜘蛛人。我可說是見證了他人生在他面前出現的改變。但他對此也應對得相當漂亮。」即使如此，千黛亞依然澄清，即使《蜘蛛人：返校日》對於湯姆霍蘭德的生涯帶來了如此巨大的轉變，但這並沒有對他本人造成任何負面的影響。|https://news.agentm.tw/277187/|https://news.agentm.tw/wp-content/uploads/未命名設計-81-390x213.png|['千黛亞', '回憶起', '蜘蛛人', '演員', '湯姆霍蘭德', '生涯', '帶來', '揭露', '湯姆霍蘭德', '蜘蛛人', '系列', '帶來', '名氣', '反應', '演出', '電影', '宇宙版', '蜘蛛人', '湯姆霍蘭德', '作品', '英國', '西區', '劇院', '演出', '舞台劇', '強柏恩瑟', '演出', '電影', '湯姆霍蘭德', '加入', '電影', '宇宙', '品嚐到', '滋味', '接受', '網站', '訪談', '千黛亞', '湯姆霍蘭德', '生涯', '影響', '千黛亞', '生涯', '起色', '湯姆霍蘭德', '演出', '電影', '宇宙版', '蜘蛛人', '電影', '千黛亞', '生涯', '翻紅', '孩子', '朋友', '酒吧', '蜘蛛人', '面前', '改變', '千黛亞', '蜘蛛人', '湯姆霍蘭德', '生涯', '帶來', '負面', '影響']|[('湯姆霍蘭德', 7), ('蜘蛛人', 6), ('千黛亞', 5), ('生涯', 5), ('電影', 5), ('演出', 4), ('帶來', 3), ('宇宙版', 2), ('影響', 2), ('回憶起', 1), ('演員', 1), ('揭露', 1), ('系列', 1), ('名氣', 1), ('反應', 1), ('作品', 1), ('英國', 1), ('西區', 1), ('劇院', 1), ('舞台劇', 1), ('強柏恩瑟', 1), ('加入', 1), ('宇宙', 1), ('品嚐到', 1), ('滋味', 1), ('接受', 1), ('網站', 1), ('訪談', 1), ('起色', 1), ('翻紅', 1), ('孩子', 1), ('朋友', 1), ('酒吧', 1), ('面前', 1), ('改變', 1), ('負面', 1)]|1.0|"千黛亞最近回憶起了《蜘蛛人：返校日》是如何對她以及合作演員湯姆霍蘭德的演藝生涯帶來前所未有的巨大轉變 | 千黛亞談到了她和湯姆霍蘭德的演藝生涯是如何受到《蜘蛛人：返校日》的影響 | 但湯姆霍蘭德在演出了首部漫威電影宇宙版《蜘蛛人》個人電影後更是徹底走紅"
電影情報_2024-04-10_18|2024-04-10|《小丑：雙重瘋狂》首支預告發布！導演陶德菲利普斯親自解析：這是一部音樂為核心要素的電影|電影新聞|《小丑：雙重瘋狂》導演陶德菲利普斯近期對這部《小丑》續集傳聞的「音樂劇」段落作出解釋，瓦昆菲尼克斯飾演的小丑和女神卡卡飾演的哈莉奎茵（小丑女），將隨著混雜愛與混亂的甜美樂音翩翩起舞。陶德菲利普斯周二晚上在拉斯維加斯 CinemaCon 上親自介紹這部電影，故事設定在亞瑟弗萊克在阿卡漢留院期間，與另一位病人哈琳昆澤爾 (Harleen Quinzel)，產生了浪漫情愫。《小丑：雙重瘋狂》第一支預告片以〈What the World Needs Now Is Love〉的翻唱作為背景音樂——顯示這對夥伴如此糾纏不清，以至於他們突破了束縛，似乎通過幻覺般的歌舞場景在高譚市造成大規模破壞。菲利普斯談到新電影的基調時提到：「我們從來沒有真正地指出這點，但我喜歡說這是一部音樂是核心元素的電影。對我來說，這並沒有與第一部電影相去太遠。亞瑟很怪、很疏遠，還有很多特質，但他內心有音樂。他有一種優雅的精神。這體現在《小丑》的許多舞蹈⋯⋯《小丑：雙重瘋狂》的拍攝方式並不是一個很大的跳躍。確實不一樣，但觀眾看到時感覺都會很合理。」談到選擇女神卡卡演出小丑女一角，菲利普斯說：「我們選擇女神卡卡是因為她有魔力。我是《一個巨星的誕生》的製片人⋯⋯那是我第一次真正遇到她，並有機會觀察她的工作。當我們在寫這個劇本時，故事一直回到這個角色周圍。」上週，《小丑：雙重瘋狂》首張海報也確認了音樂將在電影中扮演重要角色。海報描繪了菲尼克斯在一場令人毛骨悚然的舞蹈中將女神卡卡低頭俯身，光線從看似是阿卡漢窗戶的地方透進來，進一步加強了對電影奇幻本質的猜測，其法文副標題「Folie à Deux」直譯為「雙重瘋狂」，用來描述一種涉及共享的精神疾病。《小丑：雙重瘋狂》的 TikTok 帳號也分享了一段哈莉奎茵之聲的片段，她輕聲說：「你可以做任何你想做的事，你是小丑。」第一部《小丑》全球票房收穫超過 10 億美元，獲得 2020 年奧斯卡最佳影片提名，瓦昆菲尼克斯也以此拿下一座奧斯卡影帝。《小丑：雙重瘋狂》將在今年 10 月 2 日上映。|https://news.agentm.tw/277180/|https://news.agentm.tw/wp-content/uploads/1-491-390x219.png|['小丑', '導演', '陶德菲利普斯', '小丑', '續集', '傳聞', '音樂劇', '段落', '作出', '解釋', '瓦昆菲尼克斯', '飾演', '小丑', '女神', '卡卡', '飾演', '哈莉奎茵', '小丑女', '陶德菲利普斯周', '拉斯維加斯', '電影', '故事', '設定', '亞瑟弗萊克', '阿卡漢', '期間', '病人', '哈琳昆澤爾 ', '情愫', '小丑', '預告片', '翻唱作為', '背景', '音樂', '夥伴', '糾纏', '突破', '束縛', '通過', '幻覺', '歌舞場', '譚市', '規模', '破壞', '菲利普斯', '電影', '基調', '音樂', '核心', '元素', '電影', '電影', '亞瑟', '特質', '內心', '音樂', '精神', '小丑', '舞蹈', '小丑', '方式', '觀眾', '選擇', '女神', '卡卡', '演出', '小丑女一角', '選擇', '女神卡卡', '魔力', '巨星', '製片人', '遇到', '機會', '工作', '劇本', '故事', '角色', '周圍', '小丑', '海報', '音樂', '電影', '扮演', '角色', '海報', '描繪', '菲尼克斯', '舞蹈', '女神', '卡卡', '光線', '阿卡漢', '窗戶', '地方', '透進來', '加強', '電影', '本質', '法文副', '標題', '描述', '精神', '疾病', '小丑', '帳號', '哈莉奎茵', '片段', '小丑', '小丑', '全球', '票房', '收穫', '奧斯卡', '影片', '提名', '拿下', '奧斯卡', '影帝', '小丑']|[('小丑', 11), ('電影', 6), ('音樂', 4), ('女神', 3), ('卡卡', 3), ('飾演', 2), ('哈莉奎茵', 2), ('故事', 2), ('阿卡漢', 2), ('精神', 2), ('舞蹈', 2), ('選擇', 2), ('角色', 2), ('海報', 2), ('奧斯卡', 2), ('導演', 1), ('陶德菲利普斯', 1), ('續集', 1), ('傳聞', 1), ('音樂劇', 1), ('段落', 1), ('作出', 1), ('解釋', 1), ('瓦昆菲尼克斯', 1), ('小丑女', 1), ('陶德菲利普斯周', 1), ('拉斯維加斯', 1), ('設定', 1), ('亞瑟弗萊克', 1), ('期間', 1), ('病人', 1), ('哈琳昆澤爾 ', 1), ('情愫', 1), ('預告片', 1), ('翻唱作為', 1), ('背景', 1), ('夥伴', 1), ('糾纏', 1), ('突破', 1), ('束縛', 1), ('通過', 1), ('幻覺', 1), ('歌舞場', 1), ('譚市', 1), ('規模', 1), ('破壞', 1), ('菲利普斯', 1), ('基調', 1), ('核心', 1), ('元素', 1), ('亞瑟', 1), ('特質', 1), ('內心', 1), ('方式', 1), ('觀眾', 1), ('演出', 1), ('小丑女一角', 1), ('女神卡卡', 1), ('魔力', 1), ('巨星', 1), ('製片人', 1), ('遇到', 1), ('機會', 1), ('工作', 1), ('劇本', 1), ('周圍', 1), ('扮演', 1), ('描繪', 1), ('菲尼克斯', 1), ('光線', 1), ('窗戶', 1), ('地方', 1), ('透進來', 1), ('加強', 1), ('本質', 1), ('法文副', 1), ('標題', 1), ('描述', 1), ('疾病', 1), ('帳號', 1), ('片段', 1), ('全球', 1), ('票房', 1), ('收穫', 1), ('影片', 1), ('提名', 1), ('拿下', 1), ('影帝', 1)]|1.35306539306157e-08|"這體現在《小丑》的許多舞蹈⋯⋯《小丑：雙重瘋狂》的拍攝方式並不是一個很大的跳躍 | 《小丑：雙重瘋狂》導演陶德菲利普斯近期對這部《小丑》續集傳聞的「音樂劇」段落作出解釋 | 菲利普斯說：「我們選擇女神卡卡是因為她有魔力"
電影情報_2024-04-09_19|2024-04-09|布萊德利庫柏差點不演《末路車神》？導演表示他當初對劇本徹底重寫而改動到角色感到非常不滿|電影新聞|《末路車神》導演兼編劇德瑞克奇安佛蘭斯在 New Directors/New Films 影展上向《IndieWire》表示布萊德利庫柏在收到了重寫過的劇本後，差點就要退出了這部電影的製作。在主要拍攝階段開始前，德瑞克奇安佛蘭斯找來了編劇達利烏斯馬德徹底重寫《末路車神》的劇本，而布萊德利庫柏對於他角色的改動感到有些不滿，他所飾演的警探在電影中斷殺死由雷恩葛斯林飾演的小偷。德瑞克奇安佛蘭斯表示：「我把劇本交給了達利烏斯馬德，而他做了很多筆記，我很認同他所提到的不少內容。所以我們再接下來的 6 到 10 週內重寫整部電影的劇本。我還記得把《末路車神》的新劇本交給布萊利庫柏後，收到來自他的語音訊息說『老兄，我想說我剛剛讀完了新劇本，我想退出。』」根據導演的說法，布萊德利庫柏對於新劇本感到不滿的原因，就是因為這已經不是他當初簽約時想要演出的電影。德瑞克奇安佛蘭斯補充表示：「當時是我準備搬家到斯克內克迪達的前一天，整個劇組都來了。反正我有的是錢。我的反應就像『我能跟你談談嗎？』所以我前往了蒙特婁，接著再重新連線後就與他展開一段漫長的談話，從午夜到凌晨 3 點 30 分。一直到談話的最後五分鐘，我想他真的是累了。他想要去睡覺。」《末路車神》成本為 1500 萬美金，最終全球票房收穫 4700 萬美金，而德瑞克奇安佛蘭斯其他作品還包含《他是我兄弟》、《為妳說的謊》以及《藍色情人節》，目前他正在製作由導演泰特斯卡法爾編導的獨立電影《Exhibiting Forgiveness》。|https://news.agentm.tw/277096/|https://news.agentm.tw/wp-content/uploads/未命名設計-79-390x213.png|['末路車神', '導演', '編劇', '德瑞克奇安佛蘭斯', '影展', '布萊德利庫柏', '收到', '重寫', '劇本', '電影', '階段', '德瑞克奇安佛蘭斯', '找來', '編劇', '利烏斯馬德', '重寫', '末路車神', '劇本', '布萊德利庫柏', '角色', '改動', '飾演', '警探', '電影', '殺死', '飾演', '小偷', '德瑞克奇安佛蘭斯', '劇本', '達利烏斯馬德', '筆記', '內容', '電影', '劇本', '末路車神', '劇本', '萊利庫柏', '收到', '語音', '訊息', '老兄', '讀完', '劇本', '導演', '說法', '布萊德利庫柏', '劇本', '原因', '演出', '電影', '德瑞克奇安佛蘭斯', '補充', '斯克內克迪達', '劇組', '反應', '蒙特婁', '展開', '談話', '末路車神', '成本', '美金', '全球', '票房', '收穫', '美金', '德瑞克奇安佛蘭斯', '作品', '兄弟', '藍色', '製作', '導演', '泰特斯卡法爾', '編導', '電影']|[('劇本', 7), ('德瑞克奇安佛蘭斯', 5), ('電影', 5), ('末路車神', 4), ('導演', 3), ('布萊德利庫柏', 3), ('編劇', 2), ('收到', 2), ('重寫', 2), ('飾演', 2), ('美金', 2), ('影展', 1), ('階段', 1), ('找來', 1), ('利烏斯馬德', 1), ('角色', 1), ('改動', 1), ('警探', 1), ('殺死', 1), ('小偷', 1), ('達利烏斯馬德', 1), ('筆記', 1), ('內容', 1), ('萊利庫柏', 1), ('語音', 1), ('訊息', 1), ('老兄', 1), ('讀完', 1), ('說法', 1), ('原因', 1), ('演出', 1), ('補充', 1), ('斯克內克迪達', 1), ('劇組', 1), ('反應', 1), ('蒙特婁', 1), ('展開', 1), ('談話', 1), ('成本', 1), ('全球', 1), ('票房', 1), ('收穫', 1), ('作品', 1), ('兄弟', 1), ('藍色', 1), ('製作', 1), ('泰特斯卡法爾', 1), ('編導', 1)]|0.0|"我還記得把《末路車神》的新劇本交給布萊利庫柏後 | 《末路車神》導演兼編劇德瑞克奇安佛蘭斯在 New Directors/New Films 影展上向《IndieWire》表示布萊德利庫柏在收到了重寫過的劇本後 | 德瑞克奇安佛蘭斯找來了編劇達利烏斯馬德徹底重寫《末路車神》的劇本"
電影情報_2024-04-09_20|2024-04-09|柔伊莎達娜無意回歸演出葛摩拉，但她認為：沒有讓《星際異攻隊》再登場的話會是非常大的損失|電影新聞|在《The Playlist》最新一期的 podcast 節目《Discourse》上，演員柔伊莎達娜被問到，在詹姆士岡恩執導的《星際異攻隊》系列三部曲完結後，她是否已經正式放下他在漫威電影宇宙中的角色「葛摩拉」。目前，詹姆士岡恩已經轉戰到 DC，而包含戴夫巴蒂斯塔等合作演員也都宣示《星際異攻隊 3》是他們最後一部《星際異攻隊》電影。柔伊莎達娜暗示，雖然她目前無意回歸演出葛摩拉，但這位角色依然存在於漫威電影宇宙的世界和廣大的多重宇宙中：「目前為止，我認為她對我來說已經徹底離開了，但我不覺得葛摩拉這位角色已不復存在。如果漫威工作室沒有試圖讓星際異攻隊再次回歸的話，我認為這對他們來說會是一大損失。這真是一個深受粉絲喜愛的邊緣人團隊，你知道嗎？而在一切的核心，故事還擁有詹姆士岡恩的筆觸，真的非常令人驚奇，而且相當符合這個類型。所以，當星際異攻隊再次回歸時，我絕對會搶第一個坐在最前排觀賞。」柔伊莎達娜在三部《星際異攻隊》電影以及《復仇者聯盟3：無限之戰》與《復仇者聯盟4：終局之戰》中飾演葛摩拉，這位角色在《無限之戰》中陣亡，但之後在《終局之戰》中透過多重宇宙的時間穿越再次登場，最終於《星際異攻隊 3》找到了新的歸屬。在《星際異攻隊 3》的結局中，一支由火箭浣熊、格魯特、克格林、卡斯莫和亞當術士等角色的全新星際異攻隊團隊也正式成軍。但以目前來說，漫威尚未公開任何與第四部《星際異攻隊》電影有關的消息。告別了漫威電影宇宙後，柔伊莎達娜手頭上還有其他能夠繼續參與下去的大型系列，像是詹姆士卡麥隆執導的《阿凡達》系列。此外，根據《綜藝報》於 3 月 27 日公開的報導，派拉蒙僱用了《謎飛空姐》主創史蒂夫約克奇擔任第四部《星際爭霸戰》電影的編劇，並延續了於 2009 年由 JJ 亞伯拉罕展開的全新系列，柔伊莎達娜在系列中飾演了烏瑚拉，而其他演員還包含了克里斯潘恩、柴克瑞昆杜、卡爾厄本、賽門佩格，以及周約翰等。柔伊莎達娜在節目上談及《星際爭霸戰》系列時表示：「還是有希望的。我在過去三部電影的體驗都非常棒，讓我感覺自己像是團隊的一份子。我知道他們總是會試圖讓所以人團聚，但我也明白派拉蒙打算為《星際爭霸戰》系列帶來新的嘗試。我也認為這是一個美妙的系列，應該要繼續延續下去很長一段時間，無論我們是否能繼續以重啟版本的團隊回歸。我不知道，但絕對希望如此。」柔伊莎達娜目前正在為最新參與演出的述移民的劇情電影《The Absence of Eden》進行宣傳，該片的其他演員還包含了蓋瑞特荷德倫、安卓亞霍娜等，而導演則為馬可佩雷戈。|https://news.agentm.tw/276900/|https://news.agentm.tw/wp-content/uploads/1-490-390x216.png|['節目', '演員', '柔伊莎達娜', '詹姆士岡恩', '執導', '星際', '系列', '三部曲', '放下', '電影', '宇宙', '角色', '葛摩拉', '詹姆士岡恩', '戴夫巴蒂斯塔', '演員', '星際', '異攻隊', '星際', '異攻隊', '電影', '演出', '葛摩拉', '角色', '電影', '宇宙', '世界', '宇宙', '葛摩拉', '角色', '工作室', '星際異攻隊', '損失', '粉絲喜愛', '邊緣人', '團隊', '核心', '故事', '詹姆士岡恩', '筆觸', '類型', '星際異攻隊', '星際異攻隊', '電影', '聯盟', '復仇者', '聯盟', '終局', '飾演', '葛摩拉', '角色', '終局', '宇宙', '時間', '星際異攻隊', '找到', '星際', '異攻隊', '結局', '火箭', '浣熊', '格魯特', '克格林', '卡斯莫', '亞當', '術士', '角色', '星際', '異攻隊', '團隊', '星際', '異攻隊', '電影', '消息', '告別', '電影', '宇宙', '參與', '大型', '系列', '詹姆士卡麥隆', '執導', '阿凡達', '系列', '綜藝報', ' 3 月', '報導', '派拉蒙', '僱用', '飛空姐', '主創', '史蒂夫約克奇', '星際', '爭霸戰', '電影', '編劇', '亞伯拉罕', '展開', '系列', '系列', '飾演', '瑚拉', '演員', '克里斯潘恩', '柴克瑞昆杜', '厄本', '賽門佩格', '周約翰', '節目', '星際', '爭霸戰', '系列', '希望', '電影', '體驗', '團隊', '份子', '星際', '爭霸戰', '系列', '帶來', '嘗試', '系列', '時間', '重啟', '版本', '團隊', '柔伊莎達娜', '演出', '述移民', '劇情', '電影', '進行', '宣傳', '演員', '蓋瑞特荷德倫', '安卓亞霍娜', '導演', '馬可佩雷戈']|[('星際', 9), ('電影', 9), ('系列', 8), ('宇宙', 5), ('角色', 5), ('異攻隊', 5), ('演員', 4), ('葛摩拉', 4), ('星際異攻隊', 4), ('團隊', 4), ('詹姆士岡恩', 3), ('爭霸戰', 3), ('節目', 2), ('柔伊莎達娜', 2), ('執導', 2), ('演出', 2), ('聯盟', 2), ('終局', 2), ('飾演', 2), ('時間', 2), ('三部曲', 1), ('放下', 1), ('戴夫巴蒂斯塔', 1), ('世界', 1), ('工作室', 1), ('損失', 1), ('粉絲喜愛', 1), ('邊緣人', 1), ('核心', 1), ('故事', 1), ('筆觸', 1), ('類型', 1), ('復仇者', 1), ('找到', 1), ('結局', 1), ('火箭', 1), ('浣熊', 1), ('格魯特', 1), ('克格林', 1), ('卡斯莫', 1), ('亞當', 1), ('術士', 1), ('消息', 1), ('告別', 1), ('參與', 1), ('大型', 1), ('詹姆士卡麥隆', 1), ('阿凡達', 1), ('綜藝報', 1), (' 3 月', 1), ('報導', 1), ('派拉蒙', 1), ('僱用', 1), ('飛空姐', 1), ('主創', 1), ('史蒂夫約克奇', 1), ('編劇', 1), ('亞伯拉罕', 1), ('展開', 1), ('瑚拉', 1), ('克里斯潘恩', 1), ('柴克瑞昆杜', 1), ('厄本', 1), ('賽門佩格', 1), ('周約翰', 1), ('希望', 1), ('體驗', 1), ('份子', 1), ('帶來', 1), ('嘗試', 1), ('重啟', 1), ('版本', 1), ('述移民', 1), ('劇情', 1), ('進行', 1), ('宣傳', 1), ('蓋瑞特荷德倫', 1), ('安卓亞霍娜', 1), ('導演', 1), ('馬可佩雷戈', 1)]|1.6319403612907737e-06|"」柔伊莎達娜在三部《星際異攻隊》電影以及《復仇者聯盟3：無限之戰》與《復仇者聯盟4：終局之戰》中飾演葛摩拉 | 而包含戴夫巴蒂斯塔等合作演員也都宣示《星際異攻隊 3》是他們最後一部《星際異攻隊》電影 | 柔伊莎達娜在節目上談及《星際爭霸戰》系列時表示：「還是有希望的"
電影情報_2024-04-09_21|2024-04-09|【神搜專訪】將生活經驗幻化成角色的血肉——專訪《但願人長久》導演祝紫嫣、吳慷仁：人所有的喜歡都是後天的|電影新聞|撰文：彭緯宸來自香港的新銳導演祝紫嫣，首部劇情長片作品《但願人長久》便一舉提名第 42 屆香港電影金像獎最佳男配角（吳慷仁）、最佳新演員（謝咏欣）、新晉導演（祝紫嫣）及最佳服裝造型設計（張叔平、陳子晴）等四項大獎。其中謝咏欣早前更在第 60 屆金馬獎擒獲最佳新演員，也同步獲得會外賽奈派克（NETPAC）獎、國際影評人費比西獎等，實力可說是不容小覷。內容目錄劇本改編自導演個人小說《夏日的告別》，講述 2007 年來自湖南的林家到香港打拚，不諳廣東話的姐妹子圓及子缺不僅要面對身份認同問題，更得和在困苦生活裡沉淪於毒品的父親搏鬥，橫跨 20 年的生活縮影，藉由小家庭映照移民辛酸，也刻畫家庭親情間的苦澀。「一開始並沒有想到它（小說）會被改編成劇本。」將自己的半自傳故事轉化成影像，其實是祝紫嫣放手一博才做的決定。因為一直以來，她都是徜徉在文學的世界，拍電影可說是「半路出家」；從寫劇本、到投件甚至尋覓監製夥伴，祝紫嫣最大的目標只是希望能讓自己不後悔。在形式上，在華語片之中又少有像是《年少時代》這樣時間維度跨越大的青春成長電影，如果可以從一對姐妹的成長歷程跨時間維度地去觀察主角、看到她為什麼成為這樣的人，是非常有趣的。如何找來監製關錦鵬、李駿碩合作？祝紫嫣談到一開始跟駿碩只是因為兩人是同一個宿舍的好友，當年拍完短片後，對方就來問是否有興趣幫他寫劇本；於是兩人就在香港鮮浪潮國際短片節拍了一些作品，也同時成為祝紫嫣開始投件創作亦師亦友，彼此互相分享經驗的好夥伴。後來，李駿碩更將關錦鵬導演介紹給祝紫嫣，鼓勵她勇敢將劇本丟給關導看，沒想到關導看完後也覺得對父親的段落很有共鳴，決定答應擔任《但願人長久》的監製。「劇本的第一頁寫著：『人所有的喜歡都是後天的。』所謂的熟悉感，都是跟我們童年某一個快樂的回憶有關，我覺得這是很能扣合劇本的一句話。」《但願人長久》不少的篇幅其實都著重在父親與女兒之間的相處，隨著時光流轉的變化。雖說是半自傳電影，導演卻說現實生活與父親的關係並沒有那麼有戲劇張力；她笑談自己的青春期因為叛逆想離家，父親也會有意識地去教導她文學、歷史，卻更讓祝紫嫣不想向父親靠近而有太多的交流。「其實我很記得我爸爸的文學底蘊是很好的，這也是他唯一能夠教我的東西，所以他就會很想透過這個跟我建立情感。」在電影裡面，對這個情感的反叛便呈現在電影裡子圓的中學時期，也連帶映照出童年時其與父親相伴的回憶，和成年時候對父親的理解之間的反差。有趣的是，大多數人的成長經驗若想刻意避開與父母走上同樣的路，會有意識地抵抗或選擇完全相反的職業，祝紫嫣卻還是先當了作家。她苦哈哈笑說：「因為我理科真的太爛了！」為了自己的前途，選擇這條路其實是相對得心應手的。也直到上了大學以後，開始有自己打工賺錢，覺得不再依靠父母，才更放寬心地去跟父親交流關於寫作、文學上的心得。從小說到電影，不僅是關於成長經驗，更多的是從不完美的性格窺見真實存在的人。祝紫嫣說，從小喜歡看張愛玲、白先勇的小說；對於他們筆下人物的脆弱、自私非常著迷，覺得這個性格上的缺陷，是塑造角色吸引觀眾很重要的元素。曾經也有許多人看完劇本後問說，為什麼林覺民擁有這樣的一個家庭，還會想要去吸毒？導演認為這就是一個從旁觀察很難去體會到的情境，每個現實生活中的人物，都有可能有許多不太容易言說的原因或苦衷，使得他選擇了某樣東西做為自己的救贖。或許林覺民透過吸毒，才能夠找得到一個讓自己比較放鬆、快樂，可以去和自己相處的狀態；因為這可能是他唯一不用去思考，作為一個移民的身份認同，或是父親身上肩負重擔的時刻。身為一個父親，一個撫養者；隨著孩子的成長及見聞增加，自身的衰老也使得能夠抗衡女兒話語權的力量漸漸流失，林覺民該如何抓住生命裡的尊嚴？也成了不少家庭間常碰觸到的難題，也是為人父母、子女能夠對《但願人長久》共情的重要元素。這個對父親所謂傳統的該照顧家庭的想像，轉化成林覺民破碎、遺憾甚至是缺席的生命經歷，雖然是非典型的，卻又還是能在不同地域之間的家庭能看見。導演補充：「在寫作劇本時，覺得自己其實比較多是子圓的視角，卻對父親不夠理解；還好有了剪接師張叔平的幫忙，才讓現在的版本裡面，更多父女之間的關係處理得更清晰。」在東京影展看完首映便非常喜歡此片的吳慷仁則說，其實有時候看一部電影不是去看戲劇性或是演員表現，更多時候是希望看到一點故事性的啟發。而《但願人長久》就是一個可以勾起生命回憶的作品。他坦言接到劇本的當下，適逢父親離世，勾起了許多跟他相處的記憶。甚至可以去映射出，當時許多懷抱香港夢的父執輩，去到那樣的大環境打拚工作，無法體會的那份生活壓力。「有時候就是這樣拿捏剛剛好的味道，不是那麼大的篇幅，但對可以投射自身經驗的人是非常讓人感動的。」電影中父女之間的情感也就恰巧在，原來一切都看似有一點點好轉的時候就戛然而止；這個美並不只是一個故事而已，而是告訴我們原來人與人相處之間，有一個遺憾就是霎那就會錯過，而這個在愛情裡常見的手法，沒想到在親情裡面也可以這麼強烈。哪怕最後一幕多了一場戲、或是多一個人出個聲、林覺民陪子圓多走了一段路，結果或許又會不同，但就是讓它停在這裡。回到電影，成年的林子圓 2017 年來到了日本，和來自台灣的小宇（巫建和飾）有了一段邂逅。導演說，成年的段落其實就來到了個人無論是經濟或是身體都是完全自主的階段，成為了一個真正的大人。然而在這個狀態下，可能每個人都會認為自己做了許多理性的選擇，其實反而更是從你成長經驗、和父母的關係去形塑出來的。戲中子圓跟小宇剛好兩人都是在異鄉，彼此的關係也更像是相濡以沫；然而子圓是每天都在體驗新的人、事、物，小宇卻有點「暈船」想要進入穩定關係。祝紫嫣說，這樣的安排其實是子圓不習慣接受他人關愛的展現，可能因為父親的缺席，使得她不願意相信長久的陪伴。而在日本異地的經歷，也更可以回頭去思考林覺民身為一個移民者到香港，那種身份與心境上的飄忽不定，移轉到了去日本的子圓身上成為了一個對比。至於姐妹子圓及子缺，兩人因成長經歷走出了不同的道路，子圓因為比較早來到香港，更早碰觸身份認同問題，也因為年紀漸長而看到父親的變化，使得性格傾向出走，反倒是子缺藉此更在意與父親的關係，也會更想要融入同儕、社會群體之中，並對父親有更多關愛。祝紫嫣說把兩個不同面向對與父親關係的理解分散到姐妹兩人身上，也更可以看出面對同樣問題時，不同的成長背景會遇到的困境，和最後行為上的差異。《但願人長久》片如其名，其實不僅從時間、空間、甚至親情關係裡去看生命的消逝，情感無法永恆的哀傷。從文字到影像，祝紫嫣將生活經驗幻化成角色的血肉，帶出許多離散在外的異地家庭恬淡而幽微的親情滋味。《但願人長久》由甲上娛樂發行，將於 4 月 12 日在台上映，|https://news.agentm.tw/276987/|https://news.agentm.tw/wp-content/uploads/ch-390x219.png|['彭緯宸', '香港', '新銳', '導演', '祝紫嫣', '劇情', '長片', '作品', '但願', '提名', '香港', '電影', '金像獎', '男配角', '吳慷仁', '演員', '謝咏欣', '導演', '祝紫嫣', '服裝', '造型', '設計', '張叔平', '陳子晴', '謝咏欣', '金馬獎', '擒獲', '國際', '影評人', '費比西獎', '實力', '內容', '目錄', '劇本', '改編', '導演', '小說', '告別', '湖南', '林家', '香港', '廣東', '姐妹子', '面對', '身份', '問題', '生活', '毒品', '父親', '生活', '移民', '刻畫', '家庭', '親情', '小說', '劇本', '自傳', '故事', '影像', '祝紫嫣', '決定', '文學', '世界', '電影', '半路出家', '劇本', '投件', '尋覓', '監製', '夥伴', '祝紫嫣', '目標', '形式', '華語片', '時代', '時間', '維度', '青春', '電影', '姐妹', '時間', '維度', '主角', '找來', '監製', '關錦鵬', '李駿碩', '祝紫嫣', '駿碩', '宿舍', '好友', '拍完', '短片', '興趣', '劇本', '香港', '浪潮', '國際', '短片節', '作品', '祝紫嫣', '投件', '創作', '師亦友', '經驗', '夥伴', '李駿碩', '關錦鵬', '導演', '祝紫嫣', '劇本', '關導', '關導', '看完', '父親', '段落', '共鳴', '監製', '劇本', '熟悉感', '童年', '扣合', '劇本', '篇幅', '父親', '女兒', '時光', '變化', '自傳', '電影', '導演', '現實', '生活', '父親', '關係', '戲劇', '張力', '青春期', '父親', '意識', '教導', '文學', '歷史', '祝紫嫣', '父親', '靠近', '爸爸', '文學', '底蘊', '東西', '建立', '情感', '電影', '情感', '反叛', '電影', '中學', '時期', '童年', '父親', '時候', '父親', '反差', '經驗', '避開', '父母', '意識', '抵抗', '選擇', '職業', '祝紫嫣', '作家', '理科', '前途', '選擇', '大學', '依靠', '父母', '放寬心', '父親', '寫作', '文學', '心得', '電影', '經驗', '性格', '祝紫嫣', '愛玲', '小說', '筆下', '人物', '性格', '缺陷', '塑造', '角色', '觀眾', '元素', '看完', '劇本', '林覺民', '家庭', '導演', '情境', '現實', '生活', '人物', '原因', '苦衷', '選擇', '東西', '救贖', '覺民', '找得到', '狀態', '移民', '身份', '父親', '重擔', '時刻', '父親', '養者', '孩子', '女兒話語權', '力量', '林覺民', '生命', '尊嚴', '家庭', '碰觸到', '難題', '父母', '子女', '元素', '父親', '照顧', '家庭', '想像', '林覺民', '生命', '地域', '家庭', '導演', '補充', '寫作', '劇本', '子圓', '視角', '父親', '剪接師', '張叔平', '版本', '父女', '關係', '處理', '東京', '影展', '吳慷仁', '電影', '戲劇性', '演員', '表現', '時候', '故事性', '生命', '作品', '接到', '劇本', '父親', '勾起', '記憶', '映射出', '懷抱', '香港', '父執輩', '環境', '工作', '生活', '壓力', '拿捏', '味道', '篇幅', '投射', '經驗', '電影', '父女', '情感', '故事', '人相處', '愛情裡', '手法', '親情', '林覺民', '子圓', '電影', '林子', '日本', '台灣', '小宇', '巫建和', '邂逅', '導演', '段落', '經濟', '身體', '階段', '大人', '狀態', '選擇', '經驗', '父母', '關係', '小宇', '異鄉', '關係', '子圓', '體驗', '小宇', '紫嫣', '子圓', '接受', '父親', '缺席', '陪伴', '日本', '異地', '林覺民', '移民', '香港', '身份', '心境', '移轉到', '日本', '子圓', '對比', '姐妹子', '道路', '香港', '身份', '問題', '年紀', '父親', '變化', '性格', '父親', '關係', '融入', '同儕', '社會', '群體', '父親', '祝紫嫣', '面向', '父親', '關係', '姐妹', '面對', '問題', '背景', '遇到', '困境', '行為', '差異', '但願人', '時間', '空間', '親情', '關係', '生命', '情感', '文字', '影像', '祝紫嫣', '生活', '經驗', '角色', '血肉', '帶出', '異地', '家庭', '親情', '滋味', '娛樂', '發行']|[('父親', 19), ('祝紫嫣', 12), ('電影', 10), ('劇本', 10), ('導演', 8), ('香港', 7), ('關係', 7), ('生活', 6), ('家庭', 6), ('經驗', 6), ('林覺民', 5), ('子圓', 5), ('身份', 4), ('親情', 4), ('文學', 4), ('情感', 4), ('父母', 4), ('選擇', 4), ('生命', 4), ('作品', 3), ('小說', 3), ('問題', 3), ('移民', 3), ('監製', 3), ('時間', 3), ('性格', 3), ('日本', 3), ('小宇', 3), ('吳慷仁', 2), ('演員', 2), ('謝咏欣', 2), ('張叔平', 2), ('國際', 2), ('姐妹子', 2), ('面對', 2), ('自傳', 2), ('故事', 2), ('影像', 2), ('投件', 2), ('夥伴', 2), ('維度', 2), ('姐妹', 2), ('關錦鵬', 2), ('李駿碩', 2), ('關導', 2), ('看完', 2), ('段落', 2), ('童年', 2), ('篇幅', 2), ('變化', 2), ('現實', 2), ('意識', 2), ('東西', 2), ('時候', 2), ('寫作', 2), ('人物', 2), ('角色', 2), ('元素', 2), ('狀態', 2), ('父女', 2), ('異地', 2), ('彭緯宸', 1), ('新銳', 1), ('劇情', 1), ('長片', 1), ('但願', 1), ('提名', 1), ('金像獎', 1), ('男配角', 1), ('服裝', 1), ('造型', 1), ('設計', 1), ('陳子晴', 1), ('金馬獎', 1), ('擒獲', 1), ('影評人', 1), ('費比西獎', 1), ('實力', 1), ('內容', 1), ('目錄', 1), ('改編', 1), ('告別', 1), ('湖南', 1), ('林家', 1), ('廣東', 1), ('毒品', 1), ('刻畫', 1), ('決定', 1), ('世界', 1), ('半路出家', 1), ('尋覓', 1), ('目標', 1), ('形式', 1), ('華語片', 1), ('時代', 1), ('青春', 1), ('主角', 1), ('找來', 1), ('駿碩', 1), ('宿舍', 1), ('好友', 1), ('拍完', 1), ('短片', 1), ('興趣', 1), ('浪潮', 1), ('短片節', 1), ('創作', 1), ('師亦友', 1), ('共鳴', 1), ('熟悉感', 1), ('扣合', 1), ('女兒', 1), ('時光', 1), ('戲劇', 1), ('張力', 1), ('青春期', 1), ('教導', 1), ('歷史', 1), ('靠近', 1), ('爸爸', 1), ('底蘊', 1), ('建立', 1), ('反叛', 1), ('中學', 1), ('時期', 1), ('反差', 1), ('避開', 1), ('抵抗', 1), ('職業', 1), ('作家', 1), ('理科', 1), ('前途', 1), ('大學', 1), ('依靠', 1), ('放寬心', 1), ('心得', 1), ('愛玲', 1), ('筆下', 1), ('缺陷', 1), ('塑造', 1), ('觀眾', 1), ('情境', 1), ('原因', 1), ('苦衷', 1), ('救贖', 1), ('覺民', 1), ('找得到', 1), ('重擔', 1), ('時刻', 1), ('養者', 1), ('孩子', 1), ('女兒話語權', 1), ('力量', 1), ('尊嚴', 1), ('碰觸到', 1), ('難題', 1), ('子女', 1), ('照顧', 1), ('想像', 1), ('地域', 1), ('補充', 1), ('視角', 1), ('剪接師', 1), ('版本', 1), ('處理', 1), ('東京', 1), ('影展', 1), ('戲劇性', 1), ('表現', 1), ('故事性', 1), ('接到', 1), ('勾起', 1), ('記憶', 1), ('映射出', 1), ('懷抱', 1), ('父執輩', 1), ('環境', 1), ('工作', 1), ('壓力', 1), ('拿捏', 1), ('味道', 1), ('投射', 1), ('人相處', 1), ('愛情裡', 1), ('手法', 1), ('林子', 1), ('台灣', 1), ('巫建和', 1), ('邂逅', 1), ('經濟', 1), ('身體', 1), ('階段', 1), ('大人', 1), ('異鄉', 1), ('體驗', 1), ('紫嫣', 1), ('接受', 1), ('缺席', 1), ('陪伴', 1), ('心境', 1)]|0.9999999999999714|"如果可以從一對姐妹的成長歷程跨時間維度地去觀察主角、看到她為什麼成為這樣的人 | 導演卻說現實生活與父親的關係並沒有那麼有戲劇張力 | 其實反而更是從你成長經驗、和父母的關係去形塑出來的"
電影情報_2024-04-09_22|2024-04-09|強納森諾蘭回憶《記憶拼圖》的「災難性試映」：影業高層瞧不起觀眾，認為他們一定看不懂⋯|電影新聞|《記憶拼圖》編劇強納森諾蘭最近回憶起了這部經典心理驚悚電影最初放映時所引發的討論，導演克里斯多福諾蘭以這部 2001 電影，在評價上獲得了突破性的表現。《記憶拼圖》改編自強納森諾蘭所創作的短篇故事，講述一位患有短期失憶症的男子試圖解開妻子的死亡之謎。本片預算為 1000 萬美元，採用創新的非線性式敘事手法，藉此呈現出主角的失憶症，而導演諾蘭在之後的許多電影中也都使用了這類跳脫時間線的呈現方式，其中包含了榮獲奧斯卡最佳影片的《奧本海默》。《記憶拼圖》在全球締造了 4000 萬美元的票房佳績，雖然本片目前被不少觀眾視為影史一大經典之作，但在最初上映時情況並非如此。最近為宣傳《異塵餘生》影集版接受《Happy Sad Confused》節目的訪談時，強納森諾蘭回憶起了《記憶拼圖》內部放映時所獲得的反應。「2000 年時我們為這部電影進行了內部放映。我帶克里斯多福出去吃牛排。艾瑪湯姆森（克里斯多福諾蘭的製片夥伴與妻子）跑去看了其中一場，監製陶德姐妹去看了另一場，我們的製片亞倫萊德也去看了一場。他們用老舊的 Nokia 手機打給我。克里斯和我在等待好消息，結果他們打來說根本沒人買帳。」強納森諾蘭說：「先是哈維溫斯坦然後是其他人⋯⋯我們在各家電影院進行了放映，而我們完全被忽視了。他們的反應都是『我覺得很好看。』但提到錢，答案就是：『我是懂了，但觀眾看不懂的。』這種說法根本是在瞧不起觀眾。這某種層面上成為我職涯的一大動力，也影響我如何看待這份工作的方式。他們瞧不起觀眾，把觀眾當成一群白癡，認為他們一定看不懂。我心想：『天啊，我見了那些高層。你們怎麼會認為自己比觀眾聰明呢？並沒有。』」延伸閱讀>>【電影背後】男主角首選是布萊德彼特？諾蘭經典之作《記憶拼圖》的幕後記事《記憶拼圖》內部放映時的反應為強納森諾蘭帶來了難忘的經歷，而他之後也以自己的作品持續為觀眾們帶來挑戰，包含了科幻影集《西方極樂園》以及《邊緣世界》等。諾蘭兄弟檔根據強納森諾蘭的解釋，他和克里斯多福諾蘭從小到大看過許多打破傳統框架的電影，他們相信，肯定有觀眾很需要這類型的電影或影集。「我們從小就一起看了許多怪異的電影和影集，打從一開始我們就認為觀眾是非常非常聰明且淵博的，或至少有一部分的觀眾對於傳統的呈現方式感到無趣。對於一部低成本的電影來說，或許有足夠的觀眾可以讓你回本，那些會想要看⋯⋯需要『集中注意力』的電影的觀眾。」強納森諾蘭的下一部作品為改編自 Bethesda 旗下同名科幻遊戲的《異塵餘生》真人影集版，本劇將於 4 月 11 日於 Amazon Prime 平台上正式開播。|https://news.agentm.tw/277086/|https://news.agentm.tw/wp-content/uploads/image3-898-390x219.jpg|['記憶', '拼圖', '編劇', '強納森諾蘭', '經典', '心理', '電影', '放映', '引發', '討論', '導演', '克里斯多福諾蘭', '電影', '評價', '突破性', '表現', '記憶', '拼圖', '改編', '創作', '故事', '失憶症', '男子', '解開', '妻子', '預算為', '採用', '創新', '手法', '主角', '失憶症', '導演', '諾蘭', '電影', '使用', '時間線', '方式', '奧斯卡', '影片', '奧本海默', '記憶拼圖', '全球', '締造', '票房', '佳績', '觀眾', '經典', '情況', '宣傳', '影集版', '接受', '節目', '訪談', '強納森諾蘭', '回憶起', '記憶拼圖', '放映', '反應', '電影', '進行', '放映', '克里斯多福', '牛排', '艾瑪湯姆森', '克里斯多福諾蘭', '製片', '夥伴', '妻子', '監製', '陶德', '姐妹', '製片', '亞倫萊德', '手機', '克里斯', '消息', '打來說', '強納森諾蘭', '哈維溫斯坦', '電影院', '進行', '放映', '反應', '答案', '觀眾', '觀眾', '層面', '職涯', '動力', '影響', '看待', '工作', '方式', '觀眾', '觀眾', '白癡', '高層', '觀眾', '閱讀', '電影', '背後', '主角', '首選', '布萊德', '彼特？', '諾蘭', '經典', '記憶', '拼圖', '幕後', '記憶拼圖', '放映', '反應為', '強納森諾蘭', '帶來', '經歷', '作品', '觀眾', '帶來', '挑戰', '樂園', '邊緣世界', '諾蘭', '兄弟檔', '納森諾蘭', '解釋', '克里斯多福諾蘭', '看過', '打破', '框架', '電影', '觀眾', '類型', '電影', '影集', '電影', '影集', '觀眾', '觀眾', '方式', '電影', '觀眾', '集中', '注意力』', '電影', '觀眾', '強納森諾蘭', '作品', '改編', '旗下', '遊戲', '真人', '影集版', '平台']|[('觀眾', 12), ('電影', 10), ('強納森諾蘭', 5), ('放映', 5), ('記憶', 3), ('拼圖', 3), ('經典', 3), ('克里斯多福諾蘭', 3), ('諾蘭', 3), ('方式', 3), ('記憶拼圖', 3), ('導演', 2), ('改編', 2), ('失憶症', 2), ('妻子', 2), ('主角', 2), ('影集版', 2), ('反應', 2), ('進行', 2), ('製片', 2), ('帶來', 2), ('作品', 2), ('影集', 2), ('編劇', 1), ('心理', 1), ('引發', 1), ('討論', 1), ('評價', 1), ('突破性', 1), ('表現', 1), ('創作', 1), ('故事', 1), ('男子', 1), ('解開', 1), ('預算為', 1), ('採用', 1), ('創新', 1), ('手法', 1), ('使用', 1), ('時間線', 1), ('奧斯卡', 1), ('影片', 1), ('奧本海默', 1), ('全球', 1), ('締造', 1), ('票房', 1), ('佳績', 1), ('情況', 1), ('宣傳', 1), ('接受', 1), ('節目', 1), ('訪談', 1), ('回憶起', 1), ('克里斯多福', 1), ('牛排', 1), ('艾瑪湯姆森', 1), ('夥伴', 1), ('監製', 1), ('陶德', 1), ('姐妹', 1), ('亞倫萊德', 1), ('手機', 1), ('克里斯', 1), ('消息', 1), ('打來說', 1), ('哈維溫斯坦', 1), ('電影院', 1), ('答案', 1), ('層面', 1), ('職涯', 1), ('動力', 1), ('影響', 1), ('看待', 1), ('工作', 1), ('白癡', 1), ('高層', 1), ('閱讀', 1), ('背後', 1), ('首選', 1), ('布萊德', 1), ('彼特？', 1), ('幕後', 1), ('反應為', 1), ('經歷', 1), ('挑戰', 1), ('樂園', 1), ('邊緣世界', 1), ('兄弟檔', 1), ('納森諾蘭', 1), ('解釋', 1), ('看過', 1), ('打破', 1), ('框架', 1), ('類型', 1), ('集中', 1), ('注意力』', 1), ('旗下', 1), ('遊戲', 1), ('真人', 1), ('平台', 1)]|2.567324131064197e-11|"諾蘭經典之作《記憶拼圖》的幕後記事《記憶拼圖》內部放映時的反應為強納森諾蘭帶來了難忘的經歷 | 強納森諾蘭回憶起了《記憶拼圖》內部放映時所獲得的反應 | 《記憶拼圖》編劇強納森諾蘭最近回憶起了這部經典心理驚悚電影最初放映時所引發的討論"
電影情報_2024-04-09_23|2024-04-09|小勞勃道尼「非常樂意」回歸漫威宇宙：我永遠不會和凱文費吉唱反調|電影新聞|小勞勃道尼似乎還沒徹底關上重返漫威電影宇宙系列的大門。他最初在 2008 年的《鋼鐵人》中，正式開啟了這個龐大的電影宇宙，之後連續演出了 11 年的時間，直到 2019 年的《復仇者聯盟：終局之戰》才光榮退場。這無法阻止各種小勞勃道尼會再次回歸這個系列的傳聞，特別是在漫威電影宇宙系列近期幾部作品的票房都表現慘淡後，他的回歸或許能讓漫威系列再次重返往日的榮光。藉由《奧本海默》成功拿下奧斯卡最佳男配角獎之後，小勞勃道尼接受了《Esquire》雜誌的訪談，並再次被問到在得獎後是否有意回歸漫威電影宇宙，沒想到他也給出了肯定的答覆。「樂意至極。這與我一部份的 DNA 綁得太緊，這個角色選擇了我。聽著，我總是會說：『永遠，不要跟凱文費吉唱反調。』要是那樣你一定會輸。這就是莊家的意思，他總是會贏。」漫威工作室總裁凱文費吉去年 12 月曾向《浮華世界》表示，小勞勃道尼的鋼鐵人並不會在這個系列中回歸，因為這會破壞他在《復仇者聯盟4：終局之戰》中的完美退場。他說：「我們會保留那個時刻，絕對不會再去亂碰。我們花了好幾年的時間努力才達到這一刻，絕對不會以任何神奇的方式逆轉它。」今年 1 月出席 Rob Lowe 的《Literally!》Podcast 節目時，小勞勃道尼也被問到，目前是否有收到來自漫威工作室的新邀約，對此，他只簡單地回答了：「不，還沒有。」在同一期的《Esquire》雜誌封面故事訪談中，小勞勃道尼的長期合作演員葛妮絲派特洛也回憶起在拍攝《鋼鐵人》時，小勞勃道尼常常在開拍前突然說台詞。根據《Esquire》雜誌的報導，葛妮絲派特洛到最後連台詞都懶得記了，因為小勞勃道尼說不要就不要。葛妮絲派特洛回憶道：「早上都會有一個流程，強法夫洛、小勞勃道尼和我會一起來到強的拖車，小勞勃道尼會說：『我才不要說這些台詞，』把它們丟出去，接著開始現場即興演出。我想對小勞勃道尼來說，要讓一件事情充滿活力，那就必須要有新鮮感，而他採用的方式就是讓一切看起來像剛剛想出來的。所以片中許多經典台詞都是在拍攝前 10 分鐘寫出來的。」無論是葛妮絲派特洛或小勞勃道尼，都已經在 2019 年的《終局之戰》中告別了他們的角色。而在去年的一場粉絲問答活動中，葛妮絲派特洛表示她的漫威生涯似乎已經結束了，因為她認為少了鋼鐵人，小辣椒似乎也沒有繼續登場的必要性。|https://news.agentm.tw/277076/|https://news.agentm.tw/wp-content/uploads/1-488-390x215.png|['小勞勃道尼', '關上', '電影', '宇宙', '系列', '大門', '鋼鐵人', '開啟', '電影', '宇宙', '演出', '時間', '聯盟', '終局', '阻止', '系列', '傳聞', '電影', '宇宙', '系列', '作品', '票房', '表現', '系列', '榮光', '奧本海默', '拿下', '奧斯卡', '配角獎', '小勞勃道尼', '接受了', '雜誌', '訪談', '電影', '宇宙', '給出', '答覆', '角色', '選擇', '凱文費吉唱反調', '莊家', '意思', '工作室', '總裁', '凱文費吉', '浮華世界', '小勞勃道尼', '鋼鐵', '系列', '破壞', '仇者聯盟', '終局', '保留', '時刻', '亂碰', '時間', '方式', '出席', '節目', '小勞勃道尼', '收到', '工作室', '邀約', '雜誌', '封面', '故事', '訪談', '演員', '葛妮絲派特洛', '回憶', '拍攝', '鋼鐵人', '小勞勃道尼', '開拍', '雜誌', '報導', '葛妮絲', '派特洛', '台詞', '葛妮絲派特洛', '流程', '小勞勃道尼', '拖車', '小勞勃道尼', '台詞', '現場', '演出', '小勞勃道尼', '活力', '新鮮感', '方式', '經典台詞', '拍攝', '葛妮絲派特洛', '小勞勃道尼', '終局', '告別', '角色', '粉絲', '問答活動', '葛妮絲派特洛', '生涯', '鐵人', '辣椒', '必要性']|[('小勞勃道尼', 9), ('系列', 5), ('電影', 4), ('宇宙', 4), ('葛妮絲派特洛', 4), ('終局', 3), ('雜誌', 3), ('鋼鐵人', 2), ('演出', 2), ('時間', 2), ('訪談', 2), ('角色', 2), ('工作室', 2), ('方式', 2), ('拍攝', 2), ('台詞', 2), ('關上', 1), ('大門', 1), ('開啟', 1), ('聯盟', 1), ('阻止', 1), ('傳聞', 1), ('作品', 1), ('票房', 1), ('表現', 1), ('榮光', 1), ('奧本海默', 1), ('拿下', 1), ('奧斯卡', 1), ('配角獎', 1), ('接受了', 1), ('給出', 1), ('答覆', 1), ('選擇', 1), ('凱文費吉唱反調', 1), ('莊家', 1), ('意思', 1), ('總裁', 1), ('凱文費吉', 1), ('浮華世界', 1), ('鋼鐵', 1), ('破壞', 1), ('仇者聯盟', 1), ('保留', 1), ('時刻', 1), ('亂碰', 1), ('出席', 1), ('節目', 1), ('收到', 1), ('邀約', 1), ('封面', 1), ('故事', 1), ('演員', 1), ('回憶', 1), ('開拍', 1), ('報導', 1), ('葛妮絲', 1), ('派特洛', 1), ('流程', 1), ('拖車', 1), ('現場', 1), ('活力', 1), ('新鮮感', 1), ('經典台詞', 1), ('告別', 1), ('粉絲', 1), ('問答活動', 1), ('生涯', 1), ('鐵人', 1), ('辣椒', 1), ('必要性', 1)]|3.1086244689504387e-15|"小勞勃道尼的鋼鐵人並不會在這個系列中回歸 | 小勞勃道尼會說：『我才不要說這些台詞 | 小勞勃道尼似乎還沒徹底關上重返漫威電影宇宙系列的大門"
電影情報_2024-04-08_24|2024-04-08|Prime Video 影集《黛西瓊斯與六人組》：搖滾是一片七〇年代的絢爛風景，搖滾是一種愛情|電影新聞|你聽過搖滾樂團「黛西瓊斯與六人組」嗎？沒有？怎麼可能！他們是七〇年代全世界最紅的樂團，卻在事業高峰的一場演唱會當場解散，當時他們勇奪多白金的專輯才榮獲大獎殊榮，沒人知道他們解散的原因。數十年後的現在，一本集結團員訪談的傳記揭露了當年的真相，而這本傳記改編成了 Prime Video 同名影集《黛西瓊斯與六人組》。這部影集將同時揭開一片七〇年代的搖滾風景，與搖滾、愛、毒品與名氣將如何改變巨星的一生。《黛西瓊斯與六人組》。你過去不認識黛西瓊斯與六人組是正常的，他們來自一個虛構故事。這是由泰勒詹金斯芮德撰寫的小說《黛西瓊斯與六人組》，它是紐約時報的年度暢銷書，在搖滾圈與書市都引爆話題。女星瑞絲薇斯朋只想讀個開頭，卻情不自禁地把整本小說都讀完。她成為了本劇的監製，並由《戀夏 500 日》與《生命中的美好缺憾》編劇搭檔麥可韋伯 (Michael H. Weber) 與史考特諾伊史達特 (Scott Neustadter) 擔任主創，將暢銷小說改編成一套 Prime Video 影集。《黛西瓊斯與六人組》。內容目錄故事是小說家之言，內容卻不完全是虛構的，《黛西瓊斯與六人組》的故事參考了知名樂團「佛利伍麥克」(Fleetwood Mac) 的事蹟，特別是重要成員林賽白金漢 (Lindsey Buckingham) 與他的女友史蒂薇妮克絲 (Stevie Nicks) 的故事：林賽原本不是創團元老，後來加入的他卻讓多次更迭成員的佛利伍麥克，轉變成更接近個人風格的樂團，而女友妮克絲也成為主唱，佛利伍麥克此後發展更攀上巔峰，但在專輯《Tango in the Night》大賣後不久，林賽因與團員間關係不合而退出，導致樂團發展一落千丈。佛利伍麥克。你不知道經典天團佛利伍麥克的故事也不要緊，這樣的故事在七〇年代比比皆是，而且佛利伍麥克還是事業成功的例子，而在那個音樂蓬勃發展的年代，有許多所謂的樂團在默默無名情況下悄悄消失，他們努力想讓全世界聽到自己的聲音卻無功而返……而《黛西瓊斯與六人組》的野心更大，它要講的是這個搖滾年代的故事，不單單只是影射天團的幕後秘辛而已。加州少女黛西瓊斯家境優渥，但母親不認可她的音樂天份。黛西熱愛搖滾，但那個年代熱愛搖滾、並且能與這個圈子扯上關係的一般女性，多半只是與樂手上床的「迷妹」(groupie)。但黛西還多了一個身份，她是創作者背後的「繆思」——與她交往的樂手，偷偷挪用黛西的創作來發表。這令黛西更想要力爭上游，在這個對女性不友善的環境，自己唱出自己創作的詞曲。《黛西瓊斯與六人組》。而匹茲堡男孩比利鄧恩一樣有音樂夢，比利與弟弟和他的三位好友組成「鄧恩兄弟樂團」，期望哪天能功成名就。而他們遇見了演唱會製作人，對方推薦他們到加州才有可能被看見。而比利就這樣意外遇見了黛西，並且相戀。「黛西瓊斯與六人組」誕生了，而他們的音樂夢也將徹底改變。《黛西瓊斯與六人組》。翻開這個月才在台灣出版的小說《黛西瓊斯與六人組》，你可能會發現並不是太「好讀」。它並非由第一或第三人稱角度寫成的小說，這個故事是仿造紀錄片訪談形式，內容是不同角色的訪談內容，所以你讀到的全是對話或自我剖白，而讀者必須自己從對話中去整理出他們的話中有話。但如果從這個角度來說，那麼會讓當時瑞絲薇斯朋一見鍾情並簽下小說版權改編的原因就很清楚：這種形式以影視方式呈現更加簡單易懂，他們只要將「很像紀錄片」的小說，改編成「紀錄片」就好了。所以影集《黛西瓊斯與六人組》乍看之下就是一部紀錄片，紀錄片劇組邀請了如今老死不相往來的成員，進行個別採訪，讓他們在鏡頭前侃侃而談。但另一方面，影集也將小說的內容重新拆解，以傳統的旁觀敘事手法講述黛西與比利的個人故事。《黛西瓊斯與六人組》開頭，加州的黛西成長故事，與匹茲堡的比利兄弟組團故事，是兩條互相交替的劇情線，而這種形式當然會比小說刻意兜圈的形式更直白、也更能引人入勝——但當然，小說的採訪形式，讓這個虛實參半的故事更有真實感，兩種方式各有優缺點。《黛西瓊斯與六人組》原著小說。|https://news.agentm.tw/277015/|https://news.agentm.tw/wp-content/uploads/cover-1-2547-390x219.jpg|['搖滾', '樂團', '黛西瓊斯', '六人', '世界', '樂團', '事業', '高峰', '演唱會', '勇奪', '專輯', '大獎', '殊榮', '原因', '團員', '訪談', '傳記', '揭露', '真相', '傳記', '黛西瓊斯', '六人組', '影集', '揭開', '搖滾', '風景', '搖滾', '毒品', '名氣', '改變', '巨星', '一生', '黛西瓊斯', '六人組', '黛西瓊斯', '組是', '虛構', '故事', '泰勒詹金斯芮德', '撰寫', '小說', '黛西瓊斯', '紐約時報', '年度', '暢銷書', '滾圈', '書市', '引爆', '話題', '女星', '瑞絲薇斯朋', '小說', '讀完', '監製', '戀夏', '缺憾', '編劇', '麥可韋伯 ', '史考特諾伊史達特', '小說', '影集', '黛西瓊斯', '內容', '目錄', '故事', '小說家', '內容', '黛西瓊斯', '故事參考', '佛利伍麥克', '事蹟', '成員', '林賽白', '金漢 ', '女友', '史蒂薇妮克絲 ', '故事', '林賽', '創團元老', '加入', '成員', '佛利伍麥克', '接近', '風格', '樂團', '女友', '妮克絲', '主唱', '佛利伍麥克', '發展', '攀上', '巔峰', '專輯', '林賽因', '團員', '關係', '樂團', '發展', '佛利伍麥克', '經典', '天團', '佛利伍麥克', '故事', '故事', '佛利伍麥克', '事業', '例子', '音樂蓬勃', '發展', '樂團', '情況', '世界', '聲音', '黛西瓊斯', '六人組', '野心', '搖滾', '故事', '天團', '幕後秘辛', '加州', '少女', '黛西瓊斯', '家境', '母親', '認可', '天份', '黛西', '搖滾', '搖滾', '圈子', '扯上', '關係', '女性', '樂手上床', '迷妹', '黛西', '身份', '背後', '繆思', '樂手', '挪用', '黛西', '創作', '發表', '黛西', '女性', '環境', '唱出', '創作', '詞曲', '黛西瓊斯', '人組', '匹茲堡', '男孩', '比利鄧恩', '音樂', '比利', '弟弟', '好友', '鄧恩', '兄弟', '樂團', '遇見', '演唱會', '製作人', '推薦', '加州', '可能', '比利', '意外', '遇見', '黛西', '黛西瓊斯', '六人組', '音樂', '改變', '黛西瓊斯', '六人', '翻開', '台灣', '出版', '小說', '黛西瓊斯', '六人組', '人稱', '角度', '小說', '故事', '仿造', '紀錄片', '訪談', '形式', '內容', '角色', '訪談', '內容', '讀到', '讀者', '對話', '整理出', '角度', '絲薇斯朋', '簽下', '小說', '版權', '改編', '原因', '形式', '影視', '方式', '紀錄片', '小說', '紀錄片', '影集', '黛西瓊斯', '六人組》', '乍看', '紀錄片', '紀錄片', '劇組', '邀請', '成員', '採訪', '鏡頭', '影集', '小說', '內容', '拆解', '手法講述', '黛西', '比利', '故事', '黛西瓊斯', '六人組', '加州', '黛西', '故事', '匹茲堡', '比利', '兄弟', '故事', '劇情線', '形式', '小說', '形式', '小說', '形式', '虛實', '故事', '真實感', '方式', '優缺點', '黛西瓊斯', '原著', '小說']|[('黛西瓊斯', 16), ('故事', 11), ('小說', 11), ('黛西', 7), ('搖滾', 6), ('樂團', 6), ('六人組', 6), ('佛利伍麥克', 6), ('內容', 5), ('紀錄片', 5), ('形式', 5), ('影集', 4), ('比利', 4), ('訪談', 3), ('成員', 3), ('發展', 3), ('加州', 3), ('六人', 2), ('世界', 2), ('事業', 2), ('演唱會', 2), ('專輯', 2), ('原因', 2), ('團員', 2), ('傳記', 2), ('改變', 2), ('女友', 2), ('關係', 2), ('天團', 2), ('女性', 2), ('創作', 2), ('匹茲堡', 2), ('音樂', 2), ('兄弟', 2), ('遇見', 2), ('角度', 2), ('方式', 2), ('高峰', 1), ('勇奪', 1), ('大獎', 1), ('殊榮', 1), ('揭露', 1), ('真相', 1), ('揭開', 1), ('風景', 1), ('毒品', 1), ('名氣', 1), ('巨星', 1), ('一生', 1), ('組是', 1), ('虛構', 1), ('泰勒詹金斯芮德', 1), ('撰寫', 1), ('紐約時報', 1), ('年度', 1), ('暢銷書', 1), ('滾圈', 1), ('書市', 1), ('引爆', 1), ('話題', 1), ('女星', 1), ('瑞絲薇斯朋', 1), ('讀完', 1), ('監製', 1), ('戀夏', 1), ('缺憾', 1), ('編劇', 1), ('麥可韋伯 ', 1), ('史考特諾伊史達特', 1), ('目錄', 1), ('小說家', 1), ('故事參考', 1), ('事蹟', 1), ('林賽白', 1), ('金漢 ', 1), ('史蒂薇妮克絲 ', 1), ('林賽', 1), ('創團元老', 1), ('加入', 1), ('接近', 1), ('風格', 1), ('妮克絲', 1), ('主唱', 1), ('攀上', 1), ('巔峰', 1), ('林賽因', 1), ('經典', 1), ('例子', 1), ('音樂蓬勃', 1), ('情況', 1), ('聲音', 1), ('野心', 1), ('幕後秘辛', 1), ('少女', 1), ('家境', 1), ('母親', 1), ('認可', 1), ('天份', 1), ('圈子', 1), ('扯上', 1), ('樂手上床', 1), ('迷妹', 1), ('身份', 1), ('背後', 1), ('繆思', 1), ('樂手', 1), ('挪用', 1), ('發表', 1), ('環境', 1), ('唱出', 1), ('詞曲', 1), ('人組', 1), ('男孩', 1), ('比利鄧恩', 1), ('弟弟', 1), ('好友', 1), ('鄧恩', 1), ('製作人', 1), ('推薦', 1), ('可能', 1), ('意外', 1), ('翻開', 1), ('台灣', 1), ('出版', 1), ('人稱', 1), ('仿造', 1), ('角色', 1), ('讀到', 1), ('讀者', 1), ('對話', 1), ('整理出', 1), ('絲薇斯朋', 1), ('簽下', 1), ('版權', 1), ('改編', 1), ('影視', 1), ('六人組》', 1), ('乍看', 1), ('劇組', 1), ('邀請', 1), ('採訪', 1), ('鏡頭', 1), ('拆解', 1), ('手法講述', 1), ('劇情線', 1), ('虛實', 1), ('真實感', 1), ('優缺點', 1), ('原著', 1)]|0.9999925015895784|"你聽過搖滾樂團「黛西瓊斯與六人組」嗎 | 翻開這個月才在台灣出版的小說《黛西瓊斯與六人組》 | 《黛西瓊斯與六人組》的故事參考了知名樂團「佛利伍麥克」(Fleetwood Mac) 的事蹟"
電影情報_2024-04-08_25|2024-04-08|「神父」安德魯史考特有話要對 5 年後還在看《邋遢女郎》的粉絲說：「走出戶外，去做點有意義的事吧！」|電影新聞|在影集《邋遢女郎》(Fleabag，又譯《倫敦生活》）第二季中飾演性感「神父」的安德魯史考特，最近幽默回應那些時隔五年後依然還在繼續觀賞這部影集的粉絲。安德魯史考特飾演的角色在登場後，成為了菲比沃勒布里奇的角色「邋遢鬼」的愛慕對象。而在《邋遢女郎》完結的五週年後，史考特似乎有些話想要對那些依然著迷於這部影集的觀眾們說。安德魯史考特說：「出去呼吸點新鮮空氣吧，不要再看了。不要再哭了，不要再把窗簾拉起來窩在房間裡哭。去做點有意義的事吧。這是一部優秀的影集，我們都很愛它，但拜託喔，振作一點吧。拉開窗簾走出戶外！」Andrew Scott has a message for people still watching #Fleabag. 🤣 pic.twitter.com/Ki82src9Pq— Entertainment Weekly (@EW) April 4, 2024《邋遢女郎》是一部 BBC 第三頻道與 Amazon Studios 合作監製的影集，一共播出了兩季 12 集。《邋遢女郎》由菲比沃勒布里奇擔任主創兼編劇，改編自一齣她於 2013 年的愛丁堡國際藝穗節上演出過的單人女子秀。沃勒布里奇的角色在《邋遢女郎》中被稱為「邋遢鬼」，她的本名從頭到尾都沒有提及。這部影集的故事講述這位單身、豪邁又令人困惑的女子在倫敦探索生活的過程。除了菲比沃勒布里奇以及安德魯史考特之外，其他參與這部影集的演員還包含了茜安克利福德、奧莉薇亞考曼、比爾派特森、布雷特吉爾曼、休斯金納、休丹尼斯、班奧德里基以及珍妮理查德森。影集於 2016 年 7 月 21 日開播，並在 2019 年 4 月 8 日完結。此外，菲比沃勒布里奇也在 2019 年贏得了一座喜劇影集類傑出女主角獎，而《邋遢女郎》也在同年榮獲了最佳傑出喜劇獎。|https://news.agentm.tw/276985/|https://news.agentm.tw/wp-content/uploads/0-19-390x218.jpeg|['影集', '女郎', '倫敦', '生活', '飾演', '神父', '安德魯史考特', '回應', '時隔', '觀賞', '影集', '粉絲', '安德魯史考特', '飾演', '角色', '菲比沃勒布里奇', '角色', '邋遢鬼', '對象', '女郎', '影集', '觀眾', '安德魯史考特', '空氣', '窗簾', '房間', '意義', '影集', '拜託', '拉開', '窗簾', '戶外', '頻道', '監製', '影集', '播出', '女郎', '菲比沃勒布里奇', '編劇', '改編', '愛丁堡', '國際藝穗節', '演出', '單人', '女子', '沃勒布里奇', '角色', '女郎', '邋遢鬼', '本名', '影集', '故事', '女子', '倫敦', '生活', '過程', '菲比沃勒布里奇', '安德魯史考特', '參與', '影集', '演員', '茜安克利福德', '奧莉薇亞考曼', '比爾派特森', '布雷特吉爾曼', '休斯金納', '班奧德里基', '珍妮理查德森', '影集', '菲比沃勒布里奇', '喜劇', '影集類', '主角', '喜劇']|[('影集', 8), ('女郎', 4), ('安德魯史考特', 4), ('菲比沃勒布里奇', 4), ('角色', 3), ('倫敦', 2), ('生活', 2), ('飾演', 2), ('邋遢鬼', 2), ('窗簾', 2), ('女子', 2), ('喜劇', 2), ('神父', 1), ('回應', 1), ('時隔', 1), ('觀賞', 1), ('粉絲', 1), ('對象', 1), ('觀眾', 1), ('空氣', 1), ('房間', 1), ('意義', 1), ('拜託', 1), ('拉開', 1), ('戶外', 1), ('頻道', 1), ('監製', 1), ('播出', 1), ('編劇', 1), ('改編', 1), ('愛丁堡', 1), ('國際藝穗節', 1), ('演出', 1), ('單人', 1), ('沃勒布里奇', 1), ('本名', 1), ('故事', 1), ('過程', 1), ('參與', 1), ('演員', 1), ('茜安克利福德', 1), ('奧莉薇亞考曼', 1), ('比爾派特森', 1), ('布雷特吉爾曼', 1), ('休斯金納', 1), ('班奧德里基', 1), ('珍妮理查德森', 1), ('影集類', 1), ('主角', 1)]|0.9999999999940924|"沃勒布里奇的角色在《邋遢女郎》中被稱為「邋遢鬼」 | 除了菲比沃勒布里奇以及安德魯史考特之外 | 菲比沃勒布里奇也在 2019 年贏得了一座喜劇影集類傑出女主角獎"
電影情報_2024-04-08_26|2024-04-08|詹姆士卡麥隆盛讚《沙丘2》為「極致純粹的電影」，批評大衛林區版《沙丘魔堡》沒拍出原作精髓|電影新聞|曾執導《魔鬼終結者》、《異形2》、《鐵達尼號》和《阿凡達》的詹姆士卡麥隆，最近也分享了他對《沙丘：第二部》的看法。《沙丘：第二部》改編自法蘭克休伯特筆下經典科幻小說系列，已經在今年 2 月底正式上映，延續了保羅亞崔迪的旅程。這部由丹尼維勒納夫執導的最新改編版本，帶領不少觀眾認識了《沙丘》系列，並在票房和評價上創下了亮眼的成績。就在《沙丘：第三部》（《沙丘：救世主》）發展計劃正式展開後，詹姆士卡麥隆也成為另一位出言讚賞的好萊塢大咖。最近接受《Le Figaro》網站的訪談時，詹姆士卡麥隆表示，雖然他對 1984 年大衛林區執導的《沙丘魔堡》很失望，但丹尼維勒納夫的《沙丘》在角色以及主題的呈現上讓他相當讚嘆。此外，他也揭露自己最近有機會與丹尼維勒納夫聊了一下。詹姆士卡麥隆說：「大衛林區的改編版本令人失望，《沙丘魔堡》徹底失去了休伯特原作小說中的那種力量，而丹尼維勒納夫的版本則更有說服力。角色簡潔明瞭且各具特色。這是極致純粹的電影 (pure cinema)。我常常與丹尼對話，導演對導演。我們還會把對話錄下來，像是楚浮和希區考克當年做的一樣。」卡麥隆並非近期唯一一位出面讚賞丹尼維勒納夫版《沙丘》系列的導演，史蒂芬史匹柏以及克里斯多福諾蘭也針對這部續集給予了極高的評價。史匹柏讚賞丹尼維勒納夫成功在休伯特的原作小說以及導演本身的願景之間找到平衡點，並打造出一個龐大的宇宙；諾蘭則表示，丹尼不僅成功改編並向全球各地的觀眾們重新介紹了《沙丘》系列，同時也在片中呈現出了精湛的特效。《沙丘魔堡》曾執導 1984 年版《沙丘魔堡》的大衛林區尚未針對新版本的《沙丘》系列發表看法，只表示自己目前並沒有計劃要觀賞這部最新的改編版本。在一篇 2023 年的訪談中，這位導演不僅承認自己根本還沒有看過丹尼維勒納夫的版本，還表示自己也完全沒有興趣觀賞或談論新版《沙丘》。雖然大衛林區在完成了 1984 年版的《沙丘魔堡》後就宣佈與這個系列切斷一切關係，而這也成為了他對於新版《沙丘》興趣缺缺的原因之一，但考慮到丹尼維勒納夫也曾發表過他對於 1984 年版本的看法，兩人似乎錯過了不少好好討論的機會。延伸閱讀>>大衛林區與他畢生最痛、黜臭千百遍、不願再碰的傷痕《沙丘魔堡》：「無論誰來拍，我都不想看」華納兄弟目前為這系列計劃了一部 Max 前傳影集《沙丘：預言》，而改編自小說第二部的《沙丘：救世主》電影也遲早將會推出。因此，《沙丘：第二部》或許有機會在 2025 年的獎季來臨時持續獲得不少的關注。|https://news.agentm.tw/276974/|https://news.agentm.tw/wp-content/uploads/1-486-390x220.png|['執導', '魔鬼', '終結', '異形', '鐵達尼號', '阿凡達', '詹姆士卡麥隆', '沙丘', '看法', '沙丘', '改編', '法蘭克休伯特', '筆下', '經典', '小說', '系列', '保羅亞崔迪', '旅程', '丹尼維勒納夫', '執導', '改編', '版本', '觀眾', '沙丘', '系列', '票房', '評價', '創下', '成績', '沙丘', '沙丘', '救世主', '發展', '計劃', '展開', '詹姆士', '卡麥隆', '萊塢', '接受', '網站', '訪談', '詹姆士卡麥隆', '大衛林區', '執導', '沙丘魔堡', '丹尼維勒納夫', '沙丘', '角色', '主題', '揭露', '機會', '丹尼維勒納夫', '詹姆士卡麥隆', '大衛林區', '改編', '版本', '沙丘魔堡', '休伯特', '原作', '小說', '力量', '丹尼維勒納夫', '版本', '說服力', '角色', '特色', '極致', '電影', '丹尼', '對話', '導演對', '導演', '對話', '區考克', '卡麥隆', '丹尼維勒納夫版', '沙丘》', '系列', '導演', '史蒂', '芬史匹柏', '克里斯多福諾蘭', '續集', '評價', '史匹柏', '丹尼', '維勒納夫', '休伯特', '原作', '小說', '導演', '願景', '找到', '平衡點', '打造出', '宇宙', '諾蘭則', '丹尼', '改編', '全球', '觀眾', '沙丘', '系列', '特效', '沙丘魔堡', '執導', '沙丘魔堡', '大衛林區', '版本', '沙丘', '系列', '發表', '看法', '計劃', '觀賞', '改編', '版本', '訪談', '導演', '看過', '丹尼維勒納夫', '版本', '興趣', '觀賞', '新版', '沙丘', '大衛林區', '完成', '沙丘魔堡', '系列', '切斷', '關係', '新版', '沙丘', '趣缺缺', '原因', '丹尼維勒納夫', '發表', '版本', '看法', '機會', '閱讀', '大衛林區', '畢生', '傷痕', '沙丘魔堡', '華納', '兄弟', '系列', '計劃', '影集', '沙丘', '預言', '改編', '沙丘', '世主', '電影', '推出', '沙丘', '機會']|[('沙丘', 13), ('系列', 7), ('版本', 7), ('改編', 6), ('丹尼維勒納夫', 6), ('沙丘魔堡', 6), ('大衛林區', 5), ('執導', 4), ('導演', 4), ('詹姆士卡麥隆', 3), ('看法', 3), ('小說', 3), ('計劃', 3), ('機會', 3), ('丹尼', 3), ('觀眾', 2), ('評價', 2), ('卡麥隆', 2), ('訪談', 2), ('角色', 2), ('休伯特', 2), ('原作', 2), ('電影', 2), ('對話', 2), ('發表', 2), ('觀賞', 2), ('新版', 2), ('魔鬼', 1), ('終結', 1), ('異形', 1), ('鐵達尼號', 1), ('阿凡達', 1), ('法蘭克休伯特', 1), ('筆下', 1), ('經典', 1), ('保羅亞崔迪', 1), ('旅程', 1), ('票房', 1), ('創下', 1), ('成績', 1), ('救世主', 1), ('發展', 1), ('展開', 1), ('詹姆士', 1), ('萊塢', 1), ('接受', 1), ('網站', 1), ('主題', 1), ('揭露', 1), ('力量', 1), ('說服力', 1), ('特色', 1), ('極致', 1), ('導演對', 1), ('區考克', 1), ('丹尼維勒納夫版', 1), ('沙丘》', 1), ('史蒂', 1), ('芬史匹柏', 1), ('克里斯多福諾蘭', 1), ('續集', 1), ('史匹柏', 1), ('維勒納夫', 1), ('願景', 1), ('找到', 1), ('平衡點', 1), ('打造出', 1), ('宇宙', 1), ('諾蘭則', 1), ('全球', 1), ('特效', 1), ('看過', 1), ('興趣', 1), ('完成', 1), ('切斷', 1), ('關係', 1), ('趣缺缺', 1), ('原因', 1), ('閱讀', 1), ('畢生', 1), ('傷痕', 1), ('華納', 1), ('兄弟', 1), ('影集', 1), ('預言', 1), ('世主', 1), ('推出', 1)]|0.999971870846852|"《沙丘魔堡》曾執導 1984 年版《沙丘魔堡》的大衛林區尚未針對新版本的《沙丘》系列發表看法 | 」卡麥隆並非近期唯一一位出面讚賞丹尼維勒納夫版《沙丘》系列的導演 | 詹姆士卡麥隆說：「大衛林區的改編版本令人失望"
電影情報_2024-04-08_27|2024-04-08|【劇評】《極度不妥！》：把穿越劇玩出最高境界，惡搞與說教的完美結合|電影新聞|當鬼才編劇宮藤官九郎遇上穿越題材，會擦出什麼樣的火花呢？2024 年冬季日劇《極度不妥！》（不適切にもほどがある！）就是宮藤官九郎的原創穿越喜劇，由阿部貞夫領銜主演，不按牌理出牌的情節發展、天馬行空的敘事風格，帶給觀眾充滿歡笑、驚奇與感動的故事。內容目錄《極度不妥！》劇情描寫在 1986 年昭和時代的東京，有一位人稱「地獄小川」的中學體育老師兼棒球社顧問小川市郎（阿部貞夫 飾），他是讓學生畏懼的恐怖存在，因為動不動就用打罵的方式來管教孩子，學校竟然認為這是「愛的教育」，畢竟職權騷擾在昭和時代是很普遍的事情。心愛的妻子優莉（蛙亭 飾）過世之後，市郎便開始獨自扶養女兒純子（河合優實 飾），不過純子偏激的叛逆行為，常常使他感到心煩。尤其，正值青春期且情竇初開的純子，一直想要偷嘗禁果，帶男生回家。因此，市郎最重要的任務就是阻止女兒跟別人嘿咻。某天，搭公車回家的市郎不小心在車上睡著，一覺起來居然發現周圍的景色變得不太一樣，不僅周圍的乘客穿著打扮很奇怪，耳朵掛著烏龍麵，而且還人手一支滑溜溜的東西，他在公車上抽菸的行為也被其他乘客嚴厲制止。原來是自己穿越時空，來到 2024 年的令和時代！市郎這位昭和歐吉桑有著傳統大男人的思維，言行粗暴沒品，帶有性別歧視，他的想法跟令和時代顯得格格不入，常常說出不合時宜的話語，讓別人傻眼。跟市郎同樣穿越時空的還有性別平等評論家向坂紗加惠（吉田羊 飾）和她的兒子阿清（坂元愛登 飾），但他們是反過來，從令和時代回到昭和時代。阿清則對純子一見鍾情，甚至向純子心儀的睦睦學長（磯村勇斗 飾）進行單挑。阿清完全著迷於昭和時代的氛圍，特別是自由開放的態度，到處充斥著暴力與色情。當時電視台還沒有許多嚴格限制，可以看見女性裸露的清涼畫面，對 14 歲的小男生而言，非常新鮮刺激、欲罷不能。在令和時代，市郎遇見美麗的單親媽媽犬島渚（仲里依紗 飾）以及跟睦睦學長外表一模一樣的上班族秋津真彥（磯村勇斗 飾），市郎的出現替他們的生活帶來巨大衝擊。雖然只是過了 38 年，可是智慧型手機的問世，還有多元化社會的嶄新價值觀，確實讓昭和與令和之間產生差異。於是，兩個不同世代的人們努力溝通與交流，發展出爆笑又溫馨的人際互動。※底下內文有劇透！請斟酌閱讀※《極度不妥！》最有趣的地方，就是每一集都會上演歌舞秀，大家一言不合就開始又唱又跳。第一次看到突然亂入的畫面，我完全愣住了，接著忍不住捧腹大笑。沒想到宮藤官九郎來這一招，用歌舞表演的方式來緩和說教帶來的嚴肅感。因為每次都是藉由歌詞去表達重要概念，即使是說教也不至於讓人排斥。我認為宮藤官九郎自從寫完 NHK 晨間劇《小海女》（あまちゃん）之後，在創作方面展現出越來越多自己的企圖心，以及想要告訴觀眾的訊息，甚至是他對整個大環境的關注，在戲劇中融入各式各樣的社會議題。可以強烈感受到宮藤官九郎隨著年齡增長，不停在自我反思。宮藤官九郎曾經分享創作《極度不妥！》的想法：「或許昭和時代的生活很艱難，大家應該都不想回到過去了。但是，我討厭把昭和的價值觀冠上“過時”或“老套”這類形容詞，而全面否定它。相信昭和也有許多有趣的人事物，那個時代的成年人總是自由自在又精力充沛，所以我想向令和的年輕人傳達昭和的美好。」這次，宮藤官九郎試圖以昭和歐吉桑的過時觀念，去諷刺令和時代的綁手綁腳、矯枉過正，似乎是想讓大家正視眼前的問題，並且痛快地化解眾人心中的鬱悶。昭和時代的價值觀確實有很多落伍的地方，性別歧視、職場霸凌、性騷擾等等，日本從平成到令和，經歷變遷與改革才達到目前的多元化社會。不過，也有像劇中角色那樣面臨困境的現代人，大道理誰都會說，真心話卻很少人敢講，所以穿越時空的市郎在他們背後推了一把，順利打破僵局。雖然野蠻昭和歐吉桑完全不適合生活在令和，他卻有一種獨特魅力，讓大家願意在他面前吐露自己的心聲。因此，市郎極度不妥的言行舉止發生在現代，反而呈現出強烈的喜劇效果，大家不禁羨慕起他那種無所畏懼的灑脫態度。然而，市郎並不是那種神經大條、冥頑不靈的迂腐大叔，他逐漸被身旁的人所影響，變得溫柔體貼，懂得設身處地去同理別人。特別是跟純子的相處模式，他明白不應該歧視或貶低女性，如果自己不想要女兒遭受的待遇，就不應該用在其他女性身上，學會尊重和理解是一件極為重要的事情。《極度不妥！》除了讓兩個時代的價值觀進行碰撞、溝通與交流，同時也埋下耐人尋味的伏筆。在第四集結尾，古田新太扮演的新角色登場，他是小渚的爸爸，卻也對著市郎喊父親？而小渚手機裡面還有純子抱著小女孩的照片？令人震驚的編排──原來小渚就是市郎的孫女！市郎和小渚之所以會互相吸引，有可能是因為血緣的羈絆，祖父差點就對孫女出手了，幸好很快釐清彼此的關係。但是，同時也揭露純子英年早逝的殘酷真相，後來市郎的心裡一直在糾結這件事情，既然已經知道會有這樣的命運，接下來該怎麼面對純子呢？他發現與其逃避下去，不如珍惜眼前的一切，好好陪在女兒身邊。宮藤官九郎在編排故事的時候，會安排「表」和「裏」兩個部分，這次「表」的主角是市郎，而「裏」的主角是純子。主演的阿部貞夫具備生動活潑的肢體語言與獨一無二的存在感，雖然是本劇的靈魂人物，不過河合優實更展現出驚為天人的多變演技！而且，河合優實的太妹打扮與聖子頭造型令人驚艷不已，可愛程度媲美昭和時代的少女偶像，她是非常適合復古造型的氣質美人。不良少女的純子、情竇初開的純子、擔心父親的純子、渴望獲得關愛的純子，每一集都可以看見她的不同面貌，讓人一步步走進這位孤獨少女的內心世界。儘管純子跟市郎一樣，講話粗魯無禮，可是內心單純善良。雖然父女整天吵架鬥嘴，彼此其實很關心對方，只是那份愛意沒有說出口，只會用彆扭或含蓄的方式來表達，他們的互動成為本劇的主軸。完結篇的歌舞秀，演員們大合唱：「不過就是一點差異，忍一忍就好。多元的價值觀，就用寬容的心接納一切，一起變得寬容一點吧！」相信「寬容」兩個字正是宮藤官九郎要傳遞的核心價值，在這個容易引起紛爭、在網路上霸凌別人的時代，擁有寬大為懷的心胸，才能夠打造和平安樂的社會。但是，他也強調寬容不代表可以得寸進尺，更不能利用別人的善意或包容來為非作歹、任性妄為，因為人與人之間永遠建立在相互尊重上面。|https://news.agentm.tw/276861/|https://news.agentm.tw/wp-content/uploads/cover-1-2544-390x219.jpg|['編劇', '宮藤官九郎', '遇上', '題材', '擦出', '火花', '日劇', '宮藤官九郎', '原創穿', '喜劇', '阿部貞夫領銜', '主演', '按牌理', '出牌', '情節', '發展', '風格', '觀眾', '故事', '內容', '目錄', '劇情', '描寫', '時代', '東京', '人稱', '地獄', '中學', '體育', '老師', '棒球社', '顧問', '小川市郎', '阿部貞夫 ', '學生', '方式', '管教', '孩子', '學校', '教育', '權騷擾', '昭和', '時代', '事情', '妻子優莉', '亭 飾', '市郎', '女兒', '純子', '河合優實', ' 飾', '純子', '行為', '青春期', '純子', '男生', '任務', '阻止', '女兒', '公車', '周圍', '景色', '周圍', '乘客', '打扮', '耳朵', '烏龍麵', '東西', '公車', '行為', '乘客', '制止', '時空', '時代', '市郎', '歐吉桑', '思維', '言行', '性別', '想法', '時代', '話語', '市郎', '時空', '性別', '評論家', '吉田羊 ', '兒子', '阿清', '令和', '時代', '時代', '阿清', '純子', '純子', '學長', '磯村勇斗 飾', '進行', '單挑', '阿清', '時代', '氛圍', '態度', '暴力', '色情', '電視台', '限制', '女性', '裸露', '畫面', ' 14 歲', '刺激', '市郎', '單親', '媽媽犬島渚', '仲里依紗 飾', '上班族秋津真彥', '磯村勇斗 飾', '市郎', '生活', '帶來', '衝擊', '智慧型', '手機', '社會', '價值', '差異', '世代', '人們', '溝通與', '發展出', '人際', '內文', '劇透', '斟酌', '閱讀', '地方', '演歌舞秀', '宮藤官九郎來', '表演', '方式', '緩和', '帶來', '嚴肅感', '歌詞', '表達', '概念', '排斥', '宮藤官九郎', '寫完', '晨間劇', '小海女', '創作', '方面', '企圖心', '觀眾', '訊息', '環境', '戲劇', '融入', '社會', '議題', '宮藤官九郎', '年齡', '宮藤官九郎', '創作', '想法', '時代', '生活', '價值觀', '老套', '形容詞', '否定', '昭和', '人事物', '時代', '成年人', '精力', '令和', '年輕人', '昭和', '宮藤官九郎', '昭和', '吉桑', '觀念', '諷刺', '時代', '眼前', '問題', '化解', '眾人', '時代', '價值觀', '性別', '職場', '霸凌', '日本從平成到令和', '改革', '社會', '劇中', '角色', '困境', '現代人', '真心話卻', '時空', '市郎', '背後', '打破僵', '昭和', '歐吉桑', '魅力', '面前', '吐露', '心聲', '市郎', '言行', '舉止', '喜劇', '效果', '態度', '市郎', '大叔', '影響', '純子', '模式', '女性', '女兒', '待遇', '女性', '學會', '事情', '時代', '價值觀', '進行', '溝通', '埋下', '伏筆', '結尾', '古田新太', '扮演', '角色', '小渚', '爸爸', '市郎', '父親', '小渚', '手機', '純子', '照片', '編排', '小渚', '市郎', '孫女', '小渚', '可能', '血緣', '羈絆', '祖父', '孫女', '釐清', '關係', '揭露', '純子英年', '真相', '市郎', '心裡', '事情', '命運', '面對', '純子', '逃避', '眼前', '女兒', '身邊', '宮藤官九郎', '編排故事', '時候', '主角', '市郎', '主角', '純子', '主演', '阿部貞夫', '肢體', '語言', '存在感', '靈魂', '人物', '河合', '天人', '演技', '河合', '太妹', '打扮', '聖子頭', '造型', '程度', '時代', '少女', '偶像', '造型', '氣質', '美人', '少女', '純子', '純子', '父親', '純子', '純子', '面貌', '少女', '內心世界', '純子', '方式', '表達', '主軸', '結篇', '歌舞秀', '演員', '差異', '價值', '心接納', '宮藤官九郎', '核心', '價值', '引起', '紛爭', '網路', '霸凌', '時代', '心胸', '打造', '社會', '利用', '善意', '建立']|[('時代', 14), ('純子', 14), ('市郎', 12), ('宮藤官九郎', 8), ('昭和', 5), ('女兒', 4), ('社會', 4), ('小渚', 4), ('方式', 3), ('事情', 3), ('時空', 3), ('性別', 3), ('阿清', 3), ('女性', 3), ('價值', 3), ('價值觀', 3), ('少女', 3), ('喜劇', 2), ('主演', 2), ('觀眾', 2), ('行為', 2), ('公車', 2), ('周圍', 2), ('乘客', 2), ('打扮', 2), ('歐吉桑', 2), ('言行', 2), ('想法', 2), ('令和', 2), ('磯村勇斗 飾', 2), ('進行', 2), ('態度', 2), ('生活', 2), ('帶來', 2), ('手機', 2), ('差異', 2), ('表達', 2), ('創作', 2), ('眼前', 2), ('霸凌', 2), ('角色', 2), ('父親', 2), ('孫女', 2), ('主角', 2), ('河合', 2), ('造型', 2), ('編劇', 1), ('遇上', 1), ('題材', 1), ('擦出', 1), ('火花', 1), ('日劇', 1), ('原創穿', 1), ('阿部貞夫領銜', 1), ('按牌理', 1), ('出牌', 1), ('情節', 1), ('發展', 1), ('風格', 1), ('故事', 1), ('內容', 1), ('目錄', 1), ('劇情', 1), ('描寫', 1), ('東京', 1), ('人稱', 1), ('地獄', 1), ('中學', 1), ('體育', 1), ('老師', 1), ('棒球社', 1), ('顧問', 1), ('小川市郎', 1), ('阿部貞夫 ', 1), ('學生', 1), ('管教', 1), ('孩子', 1), ('學校', 1), ('教育', 1), ('權騷擾', 1), ('妻子優莉', 1), ('亭 飾', 1), ('河合優實', 1), (' 飾', 1), ('青春期', 1), ('男生', 1), ('任務', 1), ('阻止', 1), ('景色', 1), ('耳朵', 1), ('烏龍麵', 1), ('東西', 1), ('制止', 1), ('思維', 1), ('話語', 1), ('評論家', 1), ('吉田羊 ', 1), ('兒子', 1), ('學長', 1), ('單挑', 1), ('氛圍', 1), ('暴力', 1), ('色情', 1), ('電視台', 1), ('限制', 1), ('裸露', 1), ('畫面', 1), (' 14 歲', 1), ('刺激', 1), ('單親', 1), ('媽媽犬島渚', 1), ('仲里依紗 飾', 1), ('上班族秋津真彥', 1), ('衝擊', 1), ('智慧型', 1), ('世代', 1), ('人們', 1), ('溝通與', 1), ('發展出', 1), ('人際', 1), ('內文', 1), ('劇透', 1), ('斟酌', 1), ('閱讀', 1), ('地方', 1), ('演歌舞秀', 1), ('宮藤官九郎來', 1), ('表演', 1), ('緩和', 1), ('嚴肅感', 1), ('歌詞', 1), ('概念', 1), ('排斥', 1), ('寫完', 1), ('晨間劇', 1), ('小海女', 1), ('方面', 1), ('企圖心', 1), ('訊息', 1), ('環境', 1), ('戲劇', 1), ('融入', 1), ('議題', 1), ('年齡', 1), ('老套', 1), ('形容詞', 1), ('否定', 1), ('人事物', 1), ('成年人', 1), ('精力', 1), ('年輕人', 1), ('吉桑', 1), ('觀念', 1), ('諷刺', 1), ('問題', 1), ('化解', 1), ('眾人', 1), ('職場', 1), ('日本從平成到令和', 1), ('改革', 1), ('劇中', 1), ('困境', 1), ('現代人', 1), ('真心話卻', 1), ('背後', 1), ('打破僵', 1), ('魅力', 1), ('面前', 1), ('吐露', 1), ('心聲', 1), ('舉止', 1), ('效果', 1), ('大叔', 1), ('影響', 1), ('模式', 1), ('待遇', 1), ('學會', 1), ('溝通', 1), ('埋下', 1), ('伏筆', 1), ('結尾', 1), ('古田新太', 1), ('扮演', 1), ('爸爸', 1), ('照片', 1), ('編排', 1), ('可能', 1), ('血緣', 1), ('羈絆', 1), ('祖父', 1), ('釐清', 1), ('關係', 1), ('揭露', 1), ('純子英年', 1), ('真相', 1), ('心裡', 1), ('命運', 1), ('面對', 1), ('逃避', 1), ('身邊', 1)]|0.9999998222816304|"不過河合優實更展現出驚為天人的多變演技 | 令人震驚的編排──原來小渚就是市郎的孫女 | 即使是說教也不至於讓人排斥"
電影情報_2024-04-07_28|2024-04-07|Netflix 科幻電影《Rebel Moon》最新第 2 部《烙印之人》4 月線上開戰：黑暗時代來襲，柯拉與戰士們準備迎擊──|電影新聞|備受矚目的查克史奈德科幻電影第二部曲《Rebel Moon – 第 2 部：烙印之人》於日前釋出正式預告與海報。首部曲《Rebel Moon – 第 1 部：火之女》在去年 12 月 22 日於 Netflix 上線後，引起熱烈討論，第二部曲《Rebel Moon – 第 2 部：烙印之人》將延續柯拉和倖存戰士們史詩般的故事。內容目錄今日釋出的正式預告中，開場蘇菲亞波提拉（飾演柯拉）就以精湛的打鬥場面登場，柯拉帶領著倖存的戰士們拯救村莊免於敵人手中。在戰鬥前，戰士必須面對自己的過去以及自己奮戰的理由。預告中柯拉無畏敵人攻擊，努力地消滅敵人，而由艾德斯克林 (Ed Skrein)飾演的艾提克斯諾伯更驚奇地從一道膜中升起，起身打鬥。而艾提克斯的一句話，更直接揭露了柯拉就是烙印之人的事實。柯拉說到：「我不會讓村莊的人為了我而犧牲」強烈的奮戰意識更是讓粉絲倍感期待！黑暗時代即將來襲，他們別無選擇，只能準備好迎戰！由查克史奈德執導的 Netflix 科幻電影《Rebel Moon 第 2 部：烙印之人》將延續首部曲《Rebel Moon 第 1 部：火之女》柯拉與戰士們的故事，與一群勇敢的人民一起保護曾經祥和的村莊，隨著大家全面應戰，也建立起不可摧的革命情感。英雄們崛起，傳奇也就此誕生！磅礴鉅作《Rebel Moon 第 2 部：烙印之人》將於 4 月 19 日於 Netflix 正式上線。資料來源：Netflix|https://news.agentm.tw/276767/|https://news.agentm.tw/wp-content/uploads/cover-1-2541-390x219.jpg|['查克史奈德', '電影', '烙印', '釋出', '海報', '引起', '烙印', '柯拉', '戰士', '史詩', '故事', '內容', '目錄', '釋出', '蘇菲亞波提拉', '飾演', '柯拉', '場面', '柯拉', '戰士', '拯救', '村莊', '敵人', '戰士', '面對', '理由', '柯拉', '敵人', '攻擊', '消滅', '敵人', '艾德斯克林', '飾演', '艾提克斯諾伯', '膜中', '艾提克斯', '揭露', '柯拉', '烙印', '事實', '柯拉', '村莊', '意識', '粉絲', '黑暗', '時代', '選擇', '準備好', '迎戰', '執導', '電影', '烙印', '首部曲', '火之女》', '柯拉', '戰士們', '故事', '人民', '保護', '村莊', '建立起', '情感', '英雄', '傳奇', '鉅作', '烙印', '資料', '來源']|[('柯拉', 7), ('烙印', 5), ('戰士', 3), ('村莊', 3), ('敵人', 3), ('電影', 2), ('釋出', 2), ('故事', 2), ('飾演', 2), ('查克史奈德', 1), ('海報', 1), ('引起', 1), ('史詩', 1), ('內容', 1), ('目錄', 1), ('蘇菲亞波提拉', 1), ('場面', 1), ('拯救', 1), ('面對', 1), ('理由', 1), ('攻擊', 1), ('消滅', 1), ('艾德斯克林', 1), ('艾提克斯諾伯', 1), ('膜中', 1), ('艾提克斯', 1), ('揭露', 1), ('事實', 1), ('意識', 1), ('粉絲', 1), ('黑暗', 1), ('時代', 1), ('選擇', 1), ('準備好', 1), ('迎戰', 1), ('執導', 1), ('首部曲', 1), ('火之女》', 1), ('戰士們', 1), ('人民', 1), ('保護', 1), ('建立起', 1), ('情感', 1), ('英雄', 1), ('傳奇', 1), ('鉅作', 1), ('資料', 1), ('來源', 1)]|0.9992695939728674|"由查克史奈德執導的 Netflix 科幻電影《Rebel Moon 第 2 部：烙印之人》將延續首部曲《Rebel Moon 第 1 部：火之女》柯拉與戰士們的故事 | 備受矚目的查克史奈德科幻電影第二部曲《Rebel Moon – 第 2 部：烙印之人》於日前釋出正式預告與海報 | 第二部曲《Rebel Moon – 第 2 部：烙印之人》將延續柯拉和倖存戰士們史詩般的故事"
電影情報_2024-04-07_29|2024-04-07|《殺手寓言》改編真人電影還不夠，動畫影集興津和幸、澤城美雪及花澤香菜等人氣聲優熱演 Disney+ 線上播出|電影新聞|改編自南勝久同名暢銷漫畫並找來興津和幸、澤城美雪、及花澤香菜共同獻聲，一部講述前殺手被迫隱姓埋名的故事即將登陸 Disney+！在傳奇殺手經歷了殺人如麻、屍積如山的一年後，為了避免樹大招風，他被迫隱匿行蹤躲藏起來，全新動畫《殺手寓言》將在 4 月 7 日於 Disney+ 正式上線。內容目錄《殺手寓言》改編自南勝久的暢銷漫畫，並由首屈一指的漫畫出版商「講談社」(Kodansha) 出版，講述如傳說般存在的天才殺手「寓言」一生都在接受訓練只為成為世界上最優秀殺手的故事。寓言在黑社會中以快速解決目標而享有盛譽，然而，在經歷了殺人人數比以往都要多的一年後，老闆命令寓言低調生活一年，並且在此期間不得再殺人，面對突然離開家鄉搬到大阪，並要與好戰的罪犯們展開全新生活的寓言突然發現自己變得茫然，他必須控制自己的脾氣，學習適應普通人的生活才能生存下去。《殺手寓言》由興津和幸（曾為《金屬口紅》、《銀魂》配音）獻聲演繹殺手「寓言」佐藤明；澤城美雪（曾為《王樣戰隊帝王者》、《假面騎士 Decade》配音）演繹佐藤洋子；花澤香菜（曾為《你的名字》、《言葉之庭》配音）演繹清水岬；大塚明夫（曾為《攻殼機動隊》、《航海王》配音）演繹海老原剛士；津田健次郎（曾為《一一》、《黃金神威》配音）演繹小島；小村哲生（曾為《電馭叛客：邊緣行者》、《小魔女學園》配音）演繹 Boss；還有福島潤（曾為《不死不運》、《哥布林殺手》配音）演繹 Jackall 富岡。該作由曾製作《機動戰士鋼彈：水星的魔女》的高島雄哉、及曾製作《女神咖啡廳》的森田真由美共同改編為動畫，並由高橋良輔執導。《殺手寓言》將於 4 月 7 日在 Disney+ 正式上線。消息來源：Disney+|https://news.agentm.tw/275109/|https://news.agentm.tw/wp-content/uploads/template-233-390x219.jpg|['改編', '南勝久', '漫畫', '找來', '興津和幸', '澤城美雪', '花澤香菜', '殺手', '故事', '傳奇', '殺手', '隱匿', '行蹤', '動畫', '殺手', '寓言', '內容', '目錄', '殺手', '寓言', '改編', '漫畫', '漫畫', '出版商', '講談社', '出版', '傳說', '天才', '殺手', '寓言', '一生', '接受', '訓練', '世界', '殺手', '故事', '寓言', '社會', '解決', '目標', '盛譽', '人數', '老闆', '期間', '殺人', '面對', '離開', '家鄉', '搬到', '大阪', '罪犯', '展開', '生活', '控制', '脾氣', '學習', '生活', '存下去', '殺手寓', '興津', '金屬口紅', '演繹', '殺手', '寓言', '藤明', '澤城美雪', '王樣戰隊', '帝王者', '假面', '騎士', '配音', '繹佐藤洋子', '花澤香菜', '名字', '言葉之庭', '清水岬', '大塚明夫', '攻殼機動隊', '海王', '剛士', '津田健次郎', '一一', '黃金', '神威', '演繹', '小村哲生', '電馭', '叛客', '邊緣', '行者', '演繹', '福島潤', '哥布林', '殺手', '演繹', '富岡', '製作', '戰士', '鋼彈', '水星', '魔女', '高島雄哉', '製作', '女神', '咖啡廳', '森田真由美', '動畫', '高橋良輔', '執導', '殺手', '寓言', '消息', '來源']|[('殺手', 9), ('寓言', 6), ('演繹', 4), ('漫畫', 3), ('改編', 2), ('澤城美雪', 2), ('花澤香菜', 2), ('故事', 2), ('動畫', 2), ('生活', 2), ('製作', 2), ('南勝久', 1), ('找來', 1), ('興津和幸', 1), ('傳奇', 1), ('隱匿', 1), ('行蹤', 1), ('內容', 1), ('目錄', 1), ('出版商', 1), ('講談社', 1), ('出版', 1), ('傳說', 1), ('天才', 1), ('一生', 1), ('接受', 1), ('訓練', 1), ('世界', 1), ('社會', 1), ('解決', 1), ('目標', 1), ('盛譽', 1), ('人數', 1), ('老闆', 1), ('期間', 1), ('殺人', 1), ('面對', 1), ('離開', 1), ('家鄉', 1), ('搬到', 1), ('大阪', 1), ('罪犯', 1), ('展開', 1), ('控制', 1), ('脾氣', 1), ('學習', 1), ('存下去', 1), ('殺手寓', 1), ('興津', 1), ('金屬口紅', 1), ('藤明', 1), ('王樣戰隊', 1), ('帝王者', 1), ('假面', 1), ('騎士', 1), ('配音', 1), ('繹佐藤洋子', 1), ('名字', 1), ('言葉之庭', 1), ('清水岬', 1), ('大塚明夫', 1), ('攻殼機動隊', 1), ('海王', 1), ('剛士', 1), ('津田健次郎', 1), ('一一', 1), ('黃金', 1), ('神威', 1), ('小村哲生', 1), ('電馭', 1), ('叛客', 1), ('邊緣', 1), ('行者', 1), ('福島潤', 1), ('哥布林', 1), ('富岡', 1), ('戰士', 1), ('鋼彈', 1), ('水星', 1), ('魔女', 1), ('高島雄哉', 1), ('女神', 1), ('咖啡廳', 1), ('森田真由美', 1), ('高橋良輔', 1), ('執導', 1), ('消息', 1), ('來源', 1)]|0.3354438368866151|"《殺手寓言》由興津和幸（曾為《金屬口紅》、《銀魂》配音）獻聲演繹殺手「寓言」佐藤明 | 全新動畫《殺手寓言》將在 4 月 7 日於 Disney+ 正式上線 | 《殺手寓言》將於 4 月 7 日在 Disney+ 正式上線"
電影情報_2024-04-06_30|2024-04-06|欲罷不能，即使他是女兒的男朋友……電影《禁忌之慾》由禁錮之慾團隊打造，挑戰情慾與道德的界線──|電影新聞|Netflix 夯劇《禁錮之慾》三部曲導演托馬茲曼德斯 (Tomasz Mandes) 征服全球電視觀眾之後，這次要轉戰大銀幕。最新電影作品《禁忌之慾》(Heaven in Hell) 再度啟用在《今時之慾》號稱「最性感園丁」的西蒙蘇西納 (Simone Susinna)，招牌的冰塊腹肌、超慾的湛藍電眼及性感翹臀，在大銀幕上施展性愛魅力，母女通吃。內容目錄本片找來《今時之慾》、《再現之慾》當中號稱「最性感園丁」的西蒙蘇西納與波蘭實力派影后瑪達琳娜波扎斯卡 (Magdalena Boczarska)、波蘭新生代女星卡塔芝娜薩夫楚丘克 (Katarzyna Sawczuk) 所飾演的一對母女，三人大玩禁忌遊戲。一連串寫實、唯美、令人臉紅心跳的親熱戲更是本片一大看點，多場在野外、海灘的浪漫床戲，實際上都是劇組為了避開旺季人潮，在寒冷的淡季拍攝的，男女主角必須在只有 12 度的低溫下，不畏寒風全裸上陣，在沙灘上交纏、嬉戲，相當敬業。西蒙蘇西納也不吝嗇大秀「冰塊腹肌」好身材造福觀眾，從沙灘排球到跳傘、風箏衝浪應有盡有，讓觀眾在感受全方位感官刺激的同時，也跟著他的視角一窺波羅的海的非凡美景。至於在片中與西蒙上演火辣忘年戀的女法官歐嘉一角，則找來兩度榮登波蘭電影節影后的實力派女星瑪達琳娜波扎斯卡飾演。瑪達琳娜表示，自己希望藉由這部作品，讓不同年齡層的女性都能有更多勇氣做自己、選擇自己想要的生活，不必在意他人的眼光及意見。對此，本片製片伊娃萊萬多夫斯卡 (Ewa Lewandowska) 坦言，《禁忌之慾》作為一部情慾電影，除了娛樂之外，也希望能向社會提出叩問：「當女性碰巧打破了社會的常規，往往會受到高度審視甚至批判，我們帶出了這樣的現實面，也希望引起大家的省思，追求自身的幸福真的必須經過整個社會的認可嗎？」劇組也訪問了許多曾經歷過與女主角類似處境的女性，許多人坦言自己曾因年齡、親友及外界目光、母親身分而不敢放手追求幸福，對此製片伊娃期許《禁忌之慾》能帶給大家更多對於「幸福」的想像與勇氣。受人景仰、奉公守法的女法官歐嘉，遇見比她小 15 歲的外籍跳傘教練麥克斯，看似截然不同的兩個世界原本不該有交集，然而命運卻讓兩人交纏在一起。他們一次次在彼此身上探索到前所未有的歡愉，從辦公桌、海灘到遊艇甲板，激情無所不在。當歐嘉終於承認自己受到的不只是年輕肉體的誘惑，還深受麥克斯自由奔放的心靈所吸引，命運卻開了一個大玩笑。某天，歐嘉的女兒瑪雅一聲不響地回到家，撞見完事後半裸的兩人氣憤不已，因為殘酷的是，瑪雅正是麥克斯的正牌女友……這段禁忌之戀是否能繼續走下去？以《禁錮之慾》系列席捲全球的導演托馬茲曼德斯最新情慾力作《禁忌之慾》，少了原著小說的框架，全新原創故事更加火熱無極限，4 月 12 日起全台灣上映。消息來源：天馬行空|https://news.agentm.tw/274232/|https://news.agentm.tw/wp-content/uploads/template-222-390x219.jpg|['夯劇', '禁錮', '三部曲', '導演', '托馬茲曼德斯 ', '征服', '全球', '電視', '觀眾', '銀幕', '電影', '作品', '禁忌', '啟用', '園丁', '西蒙蘇西納', '招牌', '冰塊腹肌', '電眼', '施展', '性愛', '魅力', '母女', '通吃', '內容', '目錄', '西蒙蘇西納', '波蘭', '實力派', '影后', '瑪達琳娜波扎斯卡 ', '波蘭', '新生代', '女星', '卡塔芝娜薩夫楚丘克 ', '飾演', '母女', '禁忌', '遊戲', '看點', '野外', '海灘', '劇組', '人潮', '拍攝', '主角', '低溫', '寒風', '沙灘', '西蒙蘇西納', '身材', '造福', '觀眾', '沙灘', '排球到', '風箏', '觀眾', '方位', '感官', '刺激', '視角一窺', '波羅', '美景', '西蒙', '法官', '歐嘉', '找來', '榮登', '波蘭', '電影節', '影后', '實力派', '女星', '瑪達琳娜', '波扎斯卡', '飾演', '瑪達琳娜', '作品', '年齡層', '女性', '勇氣', '選擇', '生活', '眼光', '意見', '製片', '伊娃萊萬多夫斯卡 ', '禁忌', '情慾', '電影', '娛樂', '社會', '提出', '女性', '打破', '社會', '常規', '審視', '批判', '帶出', '現實面', '引起', '追求', '社會', '認可', '劇組', '訪問', '女主角', '處境', '女性', '親友', '目光', '母親', '追求', '製片', '伊娃', '禁忌', '想像', '勇氣', '法官', '歐嘉', '遇見', ' 15', '教練', '麥克斯', '世界', '交集', '命運', '身上', '辦公桌', '海灘', '遊艇', '甲板', '激情', '歐嘉', '肉體', '麥克斯', '心靈', '命運', '開了', '玩笑', '歐嘉', '瑪雅', '撞見完', '瑪雅', '麥克斯', '正牌', '女友', '禁忌', '禁錮', '系列', '全球', '導演托', '馬茲曼德斯', '情慾力作', '禁忌', '原著', '小說', '框架', '故事', '極限', '台灣', '消息', '來源']|[('禁忌', 6), ('歐嘉', 4), ('觀眾', 3), ('西蒙蘇西納', 3), ('波蘭', 3), ('女性', 3), ('社會', 3), ('麥克斯', 3), ('禁錮', 2), ('全球', 2), ('電影', 2), ('作品', 2), ('母女', 2), ('實力派', 2), ('影后', 2), ('女星', 2), ('飾演', 2), ('海灘', 2), ('劇組', 2), ('沙灘', 2), ('法官', 2), ('瑪達琳娜', 2), ('勇氣', 2), ('製片', 2), ('追求', 2), ('命運', 2), ('瑪雅', 2), ('夯劇', 1), ('三部曲', 1), ('導演', 1), ('托馬茲曼德斯 ', 1), ('征服', 1), ('電視', 1), ('銀幕', 1), ('啟用', 1), ('園丁', 1), ('招牌', 1), ('冰塊腹肌', 1), ('電眼', 1), ('施展', 1), ('性愛', 1), ('魅力', 1), ('通吃', 1), ('內容', 1), ('目錄', 1), ('瑪達琳娜波扎斯卡 ', 1), ('新生代', 1), ('卡塔芝娜薩夫楚丘克 ', 1), ('遊戲', 1), ('看點', 1), ('野外', 1), ('人潮', 1), ('拍攝', 1), ('主角', 1), ('低溫', 1), ('寒風', 1), ('身材', 1), ('造福', 1), ('排球到', 1), ('風箏', 1), ('方位', 1), ('感官', 1), ('刺激', 1), ('視角一窺', 1), ('波羅', 1), ('美景', 1), ('西蒙', 1), ('找來', 1), ('榮登', 1), ('電影節', 1), ('波扎斯卡', 1), ('年齡層', 1), ('選擇', 1), ('生活', 1), ('眼光', 1), ('意見', 1), ('伊娃萊萬多夫斯卡 ', 1), ('情慾', 1), ('娛樂', 1), ('提出', 1), ('打破', 1), ('常規', 1), ('審視', 1), ('批判', 1), ('帶出', 1), ('現實面', 1), ('引起', 1), ('認可', 1), ('訪問', 1), ('女主角', 1), ('處境', 1), ('親友', 1), ('目光', 1), ('母親', 1), ('伊娃', 1), ('想像', 1), ('遇見', 1), (' 15', 1), ('教練', 1), ('世界', 1), ('交集', 1), ('身上', 1), ('辦公桌', 1), ('遊艇', 1), ('甲板', 1), ('激情', 1), ('肉體', 1), ('心靈', 1), ('開了', 1), ('玩笑', 1), ('撞見完', 1), ('正牌', 1), ('女友', 1), ('系列', 1), ('導演托', 1), ('馬茲曼德斯', 1), ('情慾力作', 1), ('原著', 1), ('小說', 1), ('框架', 1), ('故事', 1), ('極限', 1), ('台灣', 1), ('消息', 1), ('來源', 1)]|0.9999999999999925|"對此製片伊娃期許《禁忌之慾》能帶給大家更多對於「幸福」的想像與勇氣 | 以《禁錮之慾》系列席捲全球的導演托馬茲曼德斯最新情慾力作《禁忌之慾》 | 內容目錄本片找來《今時之慾》、《再現之慾》當中號稱「最性感園丁」的西蒙蘇西納與波蘭實力派影后瑪達琳娜波扎斯卡 (Magdalena Boczarska)、波蘭新生代女星卡塔芝娜薩夫楚丘克 (Katarzyna Sawczuk) 所飾演的一對母女"
電影情報_2024-04-06_31|2024-04-06|女孩與 GAY 密「各取所需」的取精之旅，西班牙電影《在路上 男情難未了》挑戰瘋狂情愛多 P 無極限|電影新聞|限制級男同志電影《在路上 男情難未了》(On the Go) 4 月 19 日在台上映，誘惑男根和肌肉畫面多到讓人目不暇給！由西班牙同志小狼狗巨星 Netflix 劇《菁英殺機》奧馬阿尤索 (Omar Ayuso) 和上海性感華裔女星黃恰恰 (Chacha Huang) 主演，整部片不只放送無數裸男的誘惑胴體，還有奇幻狂想的多 P 以及探討未婚取精生子的辛辣情節，都讓影迷萬分期待此片上映。內容目錄《在路上 男情難未了》劇情主要描述女雙導演透過傾聽和相互尊重公開交流，成功的創造了一個超現實、瘋狂和非理性的世界，裡面充滿著阿莫多瓦劇本中的做作人物，男性霸權似乎被要求安靜下來。一部充滿音樂的瘋狂公路電影，神秘的美人魚將設定旅程的進程。多才多藝的妙齡女子和好友展開一場求子的瘋狂旅程。她把握受孕黃金期和 GAY 蜜在男同志交友軟體中尋求慰籍尋覓適合的「精主」，一起開車穿越西班牙南部蔚藍海岸，解決各自人生課題，旅途中遇見性格迥異的奇葩怪咖，包括神祕美人魚、種馬藝術家，充滿了音樂歌舞、熱戀和自我發現和克服被遺棄的情傷，旅途充斥荒誕不羈事蹟、女權主義和多 P 情節，沿途也充滿驚奇和歡笑，交織出情慾橫流瘋狂奇想的公路片。值得一提的是，該部片充滿著大量性感裸體裸露的情節，甚至出現了重口味的男男多 P 劇情，後續的劇情也充滿了三點全露的養眼演員們，整部片的裸露程度可說是「不穿，就是穿」的地步；除此之外其編排劇情的手法相當特殊，讓它更像是一幕幕不同的見聞錄彼此穿插。想體驗滿滿情色氛圍，或是想要跟導演一起腦洞大開的觀眾，可以嘗試看看這個充滿這音樂舞蹈和性愛的奇幻狂想公路電影《在路上 男情難未了》！電影導演兼女主角朱麗亞卡斯楚 (Julia de Castro) 和共同導演瑪麗亞羅育 (María Gisèle Royo) 以令人愉悅的活力，精美地描繪了當代社會和我們人類所面臨問題的寫照。這部電影以其青春活力的公路電影風格俘獲觀眾的心，男女老少都可以在此片窺見其瘋狂奇想的精彩畫面和情節。《在路上 男情難未了》在國際各大影展上佳評如潮，由於它在形式上具有創造性，而且非常有趣。因此榮獲榮獲西班牙希洪國際影展最佳影片、最佳導演，還在盧卡諾影展新導演競賽片金豹獎、榮獲青年評審團最佳影片以及瓦拉多利德 國際影展評審團特別獎，並在法國巴黎跨性別電影節評審團最佳影片。電影《在路上 男情難未了》將於 4 月 19 日在台上映。資料來源：聯影電影|https://news.agentm.tw/276759/|https://news.agentm.tw/wp-content/uploads/cover-1-2540-390x219.jpg|['限制級', '同志', '電影', '誘惑', '男根', '肌肉', '畫面', '西班牙', '同志', '巨星', '菁英', '殺機', '奧馬阿尤索 ', '上海', '華裔', '女星', '黃恰恰 ', '主演', '放送', '誘惑', '胴體', '狂想', '情節', '影迷', '內容', '目錄', '劇情', '描述', '導演', '傾聽', '創造', '非理性', '世界', '劇本', '人物', '男性', '霸權', '音樂', '公路', '電影', '美人', '設定', '旅程', '進程', '妙齡', '女子', '好友', '展開', '求子', '旅程', '把握', '黃金期', '同志', '軟體', '尋求', '精主', '西班牙', '蔚藍', '海岸', '解決', '人生', '課題', '旅途', '性格', '奇葩', '美人魚', '種馬', '藝術家', '音樂', '遺棄', '情傷', '旅途', '事蹟', '女權主義', '情節', '沿途', '交織出', '情慾', '奇想', '公路片', '裸露', '情節', '口味', '男男', '劇情', '劇情', '演員', '裸露', '程度', '地步', '編排', '劇情', '手法', '見聞錄', '穿插', '體驗滿滿', '情色', '氛圍', '導演', '大開', '觀眾', '看看', '音樂', '舞蹈', '性愛', '狂想', '公路', '電影', '男情', '電影', '導演', '女主角', '朱麗亞卡斯楚 ', '導演', '瑪麗亞羅育 ', '活力', '描繪', '社會', '人類', '問題', '寫照', '電影', '青春', '活力', '公路', '電影', '風格', '俘獲', '觀眾', '男女', '老少', '畫面', '情節', '國際', '影展', '形式', '創造性', '西班牙希洪', '國際', '影展', '影片', '導演', '盧卡諾', '影展', '導演', '競賽', '金豹獎', '青年', '評審團', '影片', '瓦拉多利德', '國際', '影展', '評審團', '特別', '法國', '巴黎', '性別', '電影節', '評審團', '影片', '電影', '男情難未了', '資料', '來源', '聯影', '電影']|[('電影', 8), ('導演', 6), ('情節', 4), ('劇情', 4), ('影展', 4), ('同志', 3), ('音樂', 3), ('公路', 3), ('國際', 3), ('影片', 3), ('評審團', 3), ('誘惑', 2), ('畫面', 2), ('西班牙', 2), ('狂想', 2), ('旅程', 2), ('旅途', 2), ('裸露', 2), ('觀眾', 2), ('活力', 2), ('限制級', 1), ('男根', 1), ('肌肉', 1), ('巨星', 1), ('菁英', 1), ('殺機', 1), ('奧馬阿尤索 ', 1), ('上海', 1), ('華裔', 1), ('女星', 1), ('黃恰恰 ', 1), ('主演', 1), ('放送', 1), ('胴體', 1), ('影迷', 1), ('內容', 1), ('目錄', 1), ('描述', 1), ('傾聽', 1), ('創造', 1), ('非理性', 1), ('世界', 1), ('劇本', 1), ('人物', 1), ('男性', 1), ('霸權', 1), ('美人', 1), ('設定', 1), ('進程', 1), ('妙齡', 1), ('女子', 1), ('好友', 1), ('展開', 1), ('求子', 1), ('把握', 1), ('黃金期', 1), ('軟體', 1), ('尋求', 1), ('精主', 1), ('蔚藍', 1), ('海岸', 1), ('解決', 1), ('人生', 1), ('課題', 1), ('性格', 1), ('奇葩', 1), ('美人魚', 1), ('種馬', 1), ('藝術家', 1), ('遺棄', 1), ('情傷', 1), ('事蹟', 1), ('女權主義', 1), ('沿途', 1), ('交織出', 1), ('情慾', 1), ('奇想', 1), ('公路片', 1), ('口味', 1), ('男男', 1), ('演員', 1), ('程度', 1), ('地步', 1), ('編排', 1), ('手法', 1), ('見聞錄', 1), ('穿插', 1), ('體驗滿滿', 1), ('情色', 1), ('氛圍', 1), ('大開', 1), ('看看', 1), ('舞蹈', 1), ('性愛', 1), ('男情', 1), ('女主角', 1), ('朱麗亞卡斯楚 ', 1), ('瑪麗亞羅育 ', 1), ('描繪', 1), ('社會', 1), ('人類', 1), ('問題', 1), ('寫照', 1), ('青春', 1), ('風格', 1), ('俘獲', 1), ('男女', 1), ('老少', 1), ('形式', 1), ('創造性', 1), ('西班牙希洪', 1), ('盧卡諾', 1), ('競賽', 1), ('金豹獎', 1), ('青年', 1), ('瓦拉多利德', 1), ('特別', 1), ('法國', 1), ('巴黎', 1), ('性別', 1), ('電影節', 1), ('男情難未了', 1), ('資料', 1), ('來源', 1), ('聯影', 1)]|0.999999999999942|"一部充滿音樂的瘋狂公路電影 | 可以嘗試看看這個充滿這音樂舞蹈和性愛的奇幻狂想公路電影《在路上 男情難未了》 | 電影《在路上 男情難未了》將於 4 月 19 日在台上映"
電影情報_2024-04-05_32|2024-04-05|哇！珍妮佛羅培茲電影《異星戰境》將要對抗 AI 機器人作主的未來世界，5 月 Netflix 線上播映|電影新聞|Netflix 全新電影《異星戰境》，日前釋出正式前導預告與海報，電影描述一位傑出、才華洋溢但憤世嫉俗的數據分析師 Atlas Shepherd（珍妮佛洛佩茲 飾演），對於人工智慧有著深切的不信任感。她加入了一項任務，目標是追捕著一個機器人，而這個機器人可能與她的神祕過去有關。不過，眼看計畫出了問題， 她從人工智慧中拯救人類未來的唯一希望就是相信它。內容目錄正式前導預告中，Atlas Shepherd 醒來發現一切都亂了套，「有人在嗎？」是她唯一說的話，也祈禱著有人能夠回應她。在未來的世界裡，AI 機器人世界運轉的主軸，不過計劃永遠趕不上變化，飛船故障即將墜毀，系統大喊著「Mayday」，Atlas 在電光石火間必須找到生存方法，唯有「啟動推進器」才能安全落地。不過，落地之後，映入 Atlas 的眼簾是一片荒蕪，且無人回應，考驗才隨之開始……《異星戰境》前導海報。本片由布萊德派頓 (Brad Peyton)執導，其他主演包含劉思慕 (Simu Liu)、斯特林 K 布朗 (Sterling K. Brown)、Gregory James Cohan、Abraham Popoola、蓮娜斐瑞拉 (Lana Parrilla) 與馬克史壯 (Mark Strong)。《異星戰境》將於 5 月 24 日於 Netflix 全球上映。資料來源：Netflix|https://news.agentm.tw/275845/|https://news.agentm.tw/wp-content/uploads/cover-1-2516-390x219.jpg|['電影', '異星', '戰境', '釋出', '海報', '電影', '描述', '才華', '數據', '分析師', '珍妮佛洛佩茲 ', '飾演', '人工', '智慧', '加入', '任務', '目標', '追捕', '機器人', '機器人', '計畫', '問題', '人工', '智慧', '拯救', '人類', '希望', '內容', '目錄', '回應', '世界', '機器人', '世界', '主軸', '計劃', '變化', '飛船', '系統', '電光石火間', '找到', '方法', '啟動', '推進器', '眼簾', '回應', '考驗', '異星戰境', '導海報', '布萊德派頓 ', '執導', '主演', '斯特林', '布朗 ', '蓮娜斐瑞拉 ', '馬克史壯', '異星', '戰境', '全球', '資料', '來源']|[('機器人', 3), ('電影', 2), ('異星', 2), ('戰境', 2), ('人工', 2), ('智慧', 2), ('回應', 2), ('世界', 2), ('釋出', 1), ('海報', 1), ('描述', 1), ('才華', 1), ('數據', 1), ('分析師', 1), ('珍妮佛洛佩茲 ', 1), ('飾演', 1), ('加入', 1), ('任務', 1), ('目標', 1), ('追捕', 1), ('計畫', 1), ('問題', 1), ('拯救', 1), ('人類', 1), ('希望', 1), ('內容', 1), ('目錄', 1), ('主軸', 1), ('計劃', 1), ('變化', 1), ('飛船', 1), ('系統', 1), ('電光石火間', 1), ('找到', 1), ('方法', 1), ('啟動', 1), ('推進器', 1), ('眼簾', 1), ('考驗', 1), ('異星戰境', 1), ('導海報', 1), ('布萊德派頓 ', 1), ('執導', 1), ('主演', 1), ('斯特林', 1), ('布朗 ', 1), ('蓮娜斐瑞拉 ', 1), ('馬克史壯', 1), ('全球', 1), ('資料', 1), ('來源', 1)]|1.7549145308048963e-06|"日前釋出正式前導預告與海報 | 考驗才隨之開始……《異星戰境》前導海報 | 她從人工智慧中拯救人類未來的唯一希望就是相信它"
電影情報_2024-04-04_33|2024-04-04|男神密度過高！佐藤健、町田啓太、志尊淳、菅田将暉都在 Netflix 日劇《玻璃之心》2025 年線上開播|電影新聞|佐藤健再次回歸 Netflix！Netflix 影集《玻璃之心》由佐藤健主演，預計 2025 年於 Netflix 正式上線！《玻璃之心》依據若木未生的同名暢銷小說改編，是一部結合音樂與細膩感情的故事。內容目錄《玻璃之心》描述了 Akane Sajio 的故事，她是一名大學生，而且是一名有抱負的鼓手。不過，她發現自己突然被樂團踢出，而一名出色的音樂家 Naoki Fujitani 在偶然間發現了她的才華，並邀請她加入他的新樂團時，故事開啟了一段意想不到的轉折。佐藤健（《初戀》、《戀愛可以持續到天長地久》）在《玻璃之心》中不僅飾演神秘的天才音樂家 Naoki Fujitani，還升任製作方擔任影集的聯合監製。充滿抱負的鼓手 Akane Sajio 是由新人宮崎遊演出，藉由層層的試鏡關卡，最終獲得了這個角色。町田啓太（《今際之國的闖關者》、《幽遊白書》）飾演勤奮的吉他手 Sho Takaoka。志尊淳（《幽遊白書》、《費馬的料理》）演出內向的鋼琴家兼音樂迷 Kazushi Sakamoto，而充滿魅力的樂隊主唱 Toya Shinzaki 由菅田將暉（《花束般的戀愛》、《勿說是推理》）飾演。《玻璃之心》由著名導演柿本健作（《戀愛寄生蟲》）和 Kotaro Goto（《AV 帝王》）一同合作指導。且由知名編劇岡田麿里，代表作品《我們仍未知道那天所看見的花名》和《好想大聲說出心底的話》，率領一支才華橫溢的新晉女性編劇團隊共同撰寫劇本。岡田麿里。《玻璃之心》影集匯聚龐大的拍攝規模，尤其在音樂表演過程中，加入了眾多群眾演員，也為日本影集設立新標準。在拍攝前製期，主演們更接受了樂器訓練課程，希望能真實呈現出演奏的感覺。準備好被充滿熱情、音樂與細膩感情所引了嗎？《玻璃之心》將於 2025 年 Netflix 獨家播出！資料來源：Netflix|https://news.agentm.tw/275222/|https://news.agentm.tw/wp-content/uploads/cover-1-2497-390x219.jpg|['佐藤健', '影集', '玻璃', '佐藤健', '主演', '玻璃', '若木未生', '小說', '改編', '音樂', '感情', '故事', '內容', '目錄', '玻璃', '描述', '故事', '大學生', '抱負', '鼓手', '樂團', '踢出', '音樂家', '偶然', '才華', '邀請', '加入', '故事', '轉折', '佐藤健', '初戀', '璃之心', '飾演', '天才', '音樂家', '製作', '影集', '監製', '抱負', '鼓手', '新人', '關卡', '角色', '町田啓太', '闖關者', '幽遊白書', '飾演', '吉他手', '志尊淳', '幽遊白書', '費馬的', '料理', '內向', '鋼琴家', '音樂迷', '魅力', '樂隊', '主唱', '菅田將暉', '花束', '飾演', '玻璃之心', '導演', '柿本健作', '寄生蟲', '帝王', '指導', '編劇', '岡田麿里', '代表', '作品', '花名', '才華', '女性', '編劇', '團隊', '撰寫', '劇本', '岡田麿里', '玻璃', '影集', '拍攝', '規模', '音樂', '表演', '過程', '加入', '演員', '日本', '影集', '設立', '標準', '拍攝', '製期', '主演', '接受', '樂器', '訓練', '課程', '演奏', '感覺', '準備好', '熱情', '音樂', '感情', '玻璃', '播出', '資料', '來源']|[('玻璃', 5), ('影集', 4), ('佐藤健', 3), ('音樂', 3), ('故事', 3), ('飾演', 3), ('主演', 2), ('感情', 2), ('抱負', 2), ('鼓手', 2), ('音樂家', 2), ('才華', 2), ('加入', 2), ('幽遊白書', 2), ('編劇', 2), ('岡田麿里', 2), ('拍攝', 2), ('若木未生', 1), ('小說', 1), ('改編', 1), ('內容', 1), ('目錄', 1), ('描述', 1), ('大學生', 1), ('樂團', 1), ('踢出', 1), ('偶然', 1), ('邀請', 1), ('轉折', 1), ('初戀', 1), ('璃之心', 1), ('天才', 1), ('製作', 1), ('監製', 1), ('新人', 1), ('關卡', 1), ('角色', 1), ('町田啓太', 1), ('闖關者', 1), ('吉他手', 1), ('志尊淳', 1), ('費馬的', 1), ('料理', 1), ('內向', 1), ('鋼琴家', 1), ('音樂迷', 1), ('魅力', 1), ('樂隊', 1), ('主唱', 1), ('菅田將暉', 1), ('花束', 1), ('玻璃之心', 1), ('導演', 1), ('柿本健作', 1), ('寄生蟲', 1), ('帝王', 1), ('指導', 1), ('代表', 1), ('作品', 1), ('花名', 1), ('女性', 1), ('團隊', 1), ('撰寫', 1), ('劇本', 1), ('規模', 1), ('表演', 1), ('過程', 1), ('演員', 1), ('日本', 1), ('設立', 1), ('標準', 1), ('製期', 1), ('接受', 1), ('樂器', 1), ('訓練', 1), ('課程', 1), ('演奏', 1), ('感覺', 1), ('準備好', 1), ('熱情', 1), ('播出', 1), ('資料', 1), ('來源', 1)]|0.999999999154205|"佐藤健（《初戀》、《戀愛可以持續到天長地久》）在《玻璃之心》中不僅飾演神秘的天才音樂家 Naoki Fujitani | 《玻璃之心》影集匯聚龐大的拍攝規模 | Netflix 影集《玻璃之心》由佐藤健主演"
影集新聞_2024-04-13_34|2024-04-13|四月新番你追了沒？平坂讀與 Kantoku 輕鬆喜劇《怪人的沙拉碗》、熱血韓漫改編《格鬥實況》等推薦動畫片單線上看起來|影集新聞|新的一季動畫新番又要來了！動畫代理商回歸線娛樂 4 月新番中，代理了 4 部優質動畫作品，有全球累積破 20 億瀏覽人氣韓漫改編動畫作品《格鬥實況》，還有獲得日本 2020 年度「百合漫畫大賞」第一名、清新粉紅氛圍的寶藏百合作品《恰如細語般的戀歌》，以及畫風與角色都過分可愛的異世界動畫作品《怪人的沙拉碗》；近期受到許多人關注的運動番類型作品，這一季有高爾夫球元素的《蜻蛉高球》！快來筆記回歸線娛樂代理的 4 月新番作品陣容，列入觀看清單！內容目錄首先推薦由全球累積破 20 億瀏覽人氣韓漫改編動畫作品《格鬥實況》，故事講述校園階級最底層的高中生柳皓彬，為了賺取母親住院費用而過著貧困的生活，而在學校則被同學霸凌，過著絕望的失敗者人生，某天，他和同學黑手打架的影片意外在全世界中直播，透過這支「打架影片」一戰成名獲得千萬流量，並朝街頭格鬥實況主邁進崛起的故事。原作主角帥氣、故事題材新穎符合新世代風格，不僅擁有破億瀏覽的超人氣，更累積眾多獲獎肯定：第 25 屆日本媒體藝術節漫畫部被選為「評審團推薦作品」、最適合動畫化的 LINE 漫畫原創作品排行榜中男性向排名第一。本作動畫化聲優陣容也很精彩，有《葬送的芙莉蓮》欣梅爾聲優岡本信彦、以及《進擊的巨人》米卡莎聲優石川由依等，聲優表現也令人相當期待，喜歡的粉絲千萬不要錯過！接著是超清新粉紅氛圍校園百合動畫作品《恰如細語般的戀歌》，原作漫畫累計銷量已突破 50 萬本，更曾榮獲日本 2020 年度「百合漫畫大賞」第一名，劇情描述高一新生「木野陽鞠」在新生歡迎會上欣賞了樂團「SSGIRLS」的表演。並對樂團吉他手兼主唱朝凪依產生一見鍾情的悸動，依在得知陽鞠的仰慕之情後，也對陽鞠萌生了「一見鐘情」的戀愛情愫。一個是仰慕之情與一個是戀愛情愫，雖然都是喜歡，但感覺卻有微妙的差異。兩個人的「一見鐘情」，轉眼間奏起一段活潑生動的青春樂曲。 《恰如細語般的戀歌》唯美的校園畫風、輕柔的粉色氛圍，兩位女主角無論外型或個性皆相當討喜，動畫化消息推出後便引起粉絲期待，可以說是近期最強百合作品之一！若是喜歡異世界的粉絲千萬不要錯過《怪人的沙拉碗》！此作講述窮偵探鏑矢惣助在跟蹤目標途中，遇見會操控魔術的異世界皇女莎拉。惣助受情勢所逼，和莎拉展開了同居生活。而跟著莎拉傳送到現代日本的女騎士莉薇亞，雖然落魄成了遊民，卻意外地過起歡樂的小日子。這兩個異世界人積極勇敢地面對生命的態度，也日漸對惣助、鬼畜律師、分手業者、宗教家等生活在這塊土地上的奇葩人士們造成影響。平坂讀 X Kantoku 聯手為這個時代打造的天下無雙群像喜劇，堂堂動畫化！ 風格輕鬆歡樂、角色充滿可愛趣味感，推薦給想輕鬆追番的觀眾！最後介紹近期受到許多人關注的運動番類作品，無論是籃球、排球或是足球都受到許多關注，而這一季則有高爾夫球元素的《蜻蛉高球》，描述前職業高爾夫球選手五十嵐一賀，在鹿兒島的火之島上遇見了一位蘊含著異於常人的高爾夫球才華的少女——蜻蛉，以這一段際遇為契機，兩人的命運大幅轉變。運動番作品充滿了許多正向元素，更曾獲得《週刊高爾夫文摘》主辦的「2016 高爾夫摘要獎」的「讀者大獎」，喜歡熱血清新的感覺務必將此部作品加入播放清單！以上回歸線娛樂代理作品均有在中華電信 Hami Video、台灣大哥大 MyVideo、遠傳 friDay 影音、巴哈姆特動畫瘋、LiTV 立視線上影視、ofiii 歐飛免費線上看、KKTV、LINE TV 播放，實際播出時間以平台為主，快把喜歡的作品記下，一起在四月觀看吧！資料來源：回歸線娛樂|https://news.agentm.tw/277154/|https://news.agentm.tw/wp-content/uploads/cover-1-2556-390x219.jpg|['動畫', '新番', '動畫', '代理商', '娛樂', '新番', '代理', '動畫', '作品', '全球', '累積', '瀏覽', '人氣', '韓漫', '改編', '動畫', '作品', '實況', '日本', '漫畫', '大賞', '氛圍', '寶藏', '作品', '細語', '戀歌', '畫風', '角色', '異世界', '作品', '怪人', '沙拉碗', '運動番', '類型', '作品', '高爾夫球', '元素', '蛉高球', '筆記回歸線', '娛樂', '代理', '新番', '作品', '陣容', '觀看', '清單', '內容', '目錄', '推薦', '全球', '累積', '瀏覽', '人氣', '韓漫改編', '動畫', '作品', '實況', '故事', '校園', '階級', '底層', '高中生', '柳皓彬', '賺取', '費用', '生活', '學校', '同學', '人生', '同學', '黑手打架', '影片', '意外', '世界', '影片', '流量', '街頭', '實況', '故事', '原作', '主角', '故事', '題材', '風格', '破億瀏覽', '累積', '日本', '媒體', '漫畫部', '評審團', '推薦', '作品', '漫畫', '作品', '排行榜', '男性', '本作', '葬送', '芙莉蓮', '梅爾', '聲優', '岡本信彦', '進擊', '巨人', '米卡莎', '聲優', '石川由', '聲優', '表現', '粉絲', '粉紅', '氛圍', '校園', '百合', '動畫', '作品', '戀歌', '原作', '漫畫', '銷量', '突破', '日本', '年度', '百合', '漫畫', '大賞', '劇情', '描述', '木野陽鞠', '新生', '樂團', '表演', '樂團', '吉他手', '主唱', '悸動', '陽鞠', '鐘情', '情愫', '情愫', '差異', '青春', '樂曲', '戀歌', '校園', '畫風', '粉色', '氛圍', '女主角', '外型', '個性', '消息', '推出', '引起', '粉絲', '粉絲', '怪人', '沙拉碗', '偵探', '跟蹤', '目標途', '遇見', '操控', '魔術', '異世界', '皇女', '莎拉', '莎拉', '展開', '生活', '莎拉', '日本', '騎士莉薇亞', '遊民', '日子', '世界', '生命', '態度', '律師', '手業者', '宗教家', '土地', '奇葩', '人士', '影響', '平坂', '時代', '打造', '天下', '群像', '喜劇', '風格', '角色', '趣味感', '追番', '觀眾', '運動', '番類', '作品', '籃球', '排球', '足球', '高爾夫球', '元素', '蛉高球', '描述', '職業', '高爾夫球', '選手', '鹿兒島', '火之', '遇見', '常人', '高爾夫球', '才華', '少女', '際遇', '契機', '命運', '運動番', '作品', '元素', '週刊', '高爾夫文', '主辦', '高爾夫', '摘要獎', '讀者大獎', '感覺', '作品', '加入', '播放', '清單', '娛樂', '代理', '作品', '中華', '電信', '台灣', '大哥大 MyVideo', '遠傳', '影音', '巴哈姆特', '動畫瘋', '視線', '影視', '線上', '播放', '播出', '時間', '平台為主', '作品記', '觀看', '資料', '娛樂']|[('作品', 14), ('動畫', 6), ('娛樂', 4), ('日本', 4), ('漫畫', 4), ('高爾夫球', 4), ('新番', 3), ('代理', 3), ('累積', 3), ('實況', 3), ('氛圍', 3), ('戀歌', 3), ('元素', 3), ('故事', 3), ('校園', 3), ('聲優', 3), ('粉絲', 3), ('莎拉', 3), ('全球', 2), ('瀏覽', 2), ('人氣', 2), ('大賞', 2), ('畫風', 2), ('角色', 2), ('異世界', 2), ('怪人', 2), ('沙拉碗', 2), ('運動番', 2), ('蛉高球', 2), ('觀看', 2), ('清單', 2), ('推薦', 2), ('生活', 2), ('同學', 2), ('影片', 2), ('世界', 2), ('原作', 2), ('風格', 2), ('百合', 2), ('描述', 2), ('樂團', 2), ('情愫', 2), ('遇見', 2), ('播放', 2), ('代理商', 1), ('韓漫', 1), ('改編', 1), ('寶藏', 1), ('細語', 1), ('類型', 1), ('筆記回歸線', 1), ('陣容', 1), ('內容', 1), ('目錄', 1), ('韓漫改編', 1), ('階級', 1), ('底層', 1), ('高中生', 1), ('柳皓彬', 1), ('賺取', 1), ('費用', 1), ('學校', 1), ('人生', 1), ('黑手打架', 1), ('意外', 1), ('流量', 1), ('街頭', 1), ('主角', 1), ('題材', 1), ('破億瀏覽', 1), ('媒體', 1), ('漫畫部', 1), ('評審團', 1), ('排行榜', 1), ('男性', 1), ('本作', 1), ('葬送', 1), ('芙莉蓮', 1), ('梅爾', 1), ('岡本信彦', 1), ('進擊', 1), ('巨人', 1), ('米卡莎', 1), ('石川由', 1), ('表現', 1), ('粉紅', 1), ('銷量', 1), ('突破', 1), ('年度', 1), ('劇情', 1), ('木野陽鞠', 1), ('新生', 1), ('表演', 1), ('吉他手', 1), ('主唱', 1), ('悸動', 1), ('陽鞠', 1), ('鐘情', 1), ('差異', 1), ('青春', 1), ('樂曲', 1), ('粉色', 1), ('女主角', 1), ('外型', 1), ('個性', 1), ('消息', 1), ('推出', 1), ('引起', 1), ('偵探', 1), ('跟蹤', 1), ('目標途', 1), ('操控', 1), ('魔術', 1), ('皇女', 1), ('展開', 1), ('騎士莉薇亞', 1), ('遊民', 1), ('日子', 1), ('生命', 1), ('態度', 1), ('律師', 1), ('手業者', 1), ('宗教家', 1), ('土地', 1), ('奇葩', 1), ('人士', 1), ('影響', 1), ('平坂', 1), ('時代', 1), ('打造', 1), ('天下', 1), ('群像', 1), ('喜劇', 1), ('趣味感', 1), ('追番', 1), ('觀眾', 1), ('運動', 1), ('番類', 1), ('籃球', 1), ('排球', 1), ('足球', 1), ('職業', 1), ('選手', 1), ('鹿兒島', 1), ('火之', 1), ('常人', 1), ('才華', 1), ('少女', 1), ('際遇', 1), ('契機', 1), ('命運', 1), ('週刊', 1), ('高爾夫文', 1), ('主辦', 1), ('高爾夫', 1), ('摘要獎', 1), ('讀者大獎', 1), ('感覺', 1), ('加入', 1), ('中華', 1), ('電信', 1), ('台灣', 1), ('大哥大 MyVideo', 1), ('遠傳', 1), ('影音', 1), ('巴哈姆特', 1), ('動畫瘋', 1), ('視線', 1), ('影視', 1), ('線上', 1), ('播出', 1), ('時間', 1), ('平台為主', 1), ('作品記', 1), ('資料', 1)]|1.0|"以及畫風與角色都過分可愛的異世界動畫作品《怪人的沙拉碗》 | 有全球累積破 20 億瀏覽人氣韓漫改編動畫作品《格鬥實況》 | 還有獲得日本 2020 年度「百合漫畫大賞」第一名、清新粉紅氛圍的寶藏百合作品《恰如細語般的戀歌》"
影集新聞_2024-04-12_35|2024-04-12|英雄美劇始祖《超異能英雄》將重啟！《超異能英雄：蝕》找回主創提姆克林編劇|影集新聞|根據《Deadline》的報導，由提姆克林擔任主創的 2006 年經典影集《超異能英雄》即將推出重啟版本《超異能英雄：蝕》(Heroes：Ecli psed)，早在《復仇者聯盟》與《正義聯盟》火紅之前，《超異能英雄》在當時就引起極大轟動，「Save the cheerleader, Save the world」劇中這句台詞幾乎影迷們都耳熟能詳，此消息一出自然也讓不少人開始期待。《超異能英雄》故事描述一群平凡人發現自己擁有超能力，像是心靈感應、飛行、自癒能力等，劇情聚焦這些超能力是如何影響他們的日常生活，以及他們是如何運用能力拯救人類。劇中有可以控制時間與穿越時空的日本上班族、會飄浮飛行的護理師、擁有殺手人格的負債單親媽媽、可以讀懂他人心思的紐約警察、擁有不死之身的高中啦啦隊長等…各式各樣的能力設定，為故事帶來許多趣味。而《超異能英雄：蝕》將由提姆克林回歸擔任編劇，時間點設置在原版影集屆數得多年後，新的異能者開始覺醒，了解到自身足以改變人生的神秘力量。許多熟悉反派、全新敵人都再次露面。《超異能英雄》共有四季，對當時流行文化帶來不小影響，也入圍艾美獎戲劇類最佳影集。《超異能英雄：蝕》相關計劃目前已向 NBC 及串流平台提出，確定由提姆克林擔任執行製作人。|https://news.agentm.tw/277404/|https://news.agentm.tw/wp-content/uploads/p7892394_b_h10_aa-390x219.jpg|['報導', '提姆克林', '主創', '經典', '影集', '英雄', '推出', '重啟', '版本', '英雄', '聯盟', '正義聯盟', '英雄', '引起', '台詞', '影迷', '消息', '故事', '描述', '平凡人', '超能力', '心靈', '感應', '能力', '劇情', '超能力', '影響', '生活', '運用', '能力', '拯救', '人類', '控制', '時間', '日本', '上班族', '護理師', '殺手', '人格', '媽媽', '心思', '紐約', '警察', '不死之身', '高中啦啦', '隊長', '能力', '設定', '故事', '帶來', '趣味', '英雄：蝕', '姆克林', '編劇', '時間點設置', '影集', '異能者', '改變', '人生', '力量', '反派', '超異能英雄', '文化', '帶來', '影響', '艾美獎', '戲劇類', '影集', '超異能英雄：蝕', '計劃', '串流', '平台', '提出', '姆克林', '製作人']|[('影集', 3), ('英雄', 3), ('能力', 3), ('故事', 2), ('超能力', 2), ('影響', 2), ('帶來', 2), ('姆克林', 2), ('報導', 1), ('提姆克林', 1), ('主創', 1), ('經典', 1), ('推出', 1), ('重啟', 1), ('版本', 1), ('聯盟', 1), ('正義聯盟', 1), ('引起', 1), ('台詞', 1), ('影迷', 1), ('消息', 1), ('描述', 1), ('平凡人', 1), ('心靈', 1), ('感應', 1), ('劇情', 1), ('生活', 1), ('運用', 1), ('拯救', 1), ('人類', 1), ('控制', 1), ('時間', 1), ('日本', 1), ('上班族', 1), ('護理師', 1), ('殺手', 1), ('人格', 1), ('媽媽', 1), ('心思', 1), ('紐約', 1), ('警察', 1), ('不死之身', 1), ('高中啦啦', 1), ('隊長', 1), ('設定', 1), ('趣味', 1), ('英雄：蝕', 1), ('編劇', 1), ('時間點設置', 1), ('異能者', 1), ('改變', 1), ('人生', 1), ('力量', 1), ('反派', 1), ('超異能英雄', 1), ('文化', 1), ('艾美獎', 1), ('戲劇類', 1), ('超異能英雄：蝕', 1), ('計劃', 1), ('串流', 1), ('平台', 1), ('提出', 1), ('製作人', 1)]|1.0|"由提姆克林擔任主創的 2006 年經典影集《超異能英雄》即將推出重啟版本《超異能英雄：蝕》(Heroes：Ecli psed) | 而《超異能英雄：蝕》將由提姆克林回歸擔任編劇 | 《超異能英雄》故事描述一群平凡人發現自己擁有超能力"
影集新聞_2024-04-12_36|2024-04-12|【日劇開箱】石原聰美主演《Destiny：命運交會》：你有辦法制裁所愛之人嗎？|影集新聞|朝日電視台的 2024 春季日劇《Destiny：命運交會》是石原聰美（石原さとみ）睽違三年的日劇主演作品，也是她跟男主角龜梨和也的首度合作。本劇不只在日本的電視台與正版串流平台播出，還同步登上 Netflix，在 190 幾個國家放送，把日式懸疑故事搬上世界舞台。內容目錄主角西村奏（石原聰美 飾）在「橫濱地檢中央支部」擔任檢察官，因為國中三年級的時候失去疼愛她的父親辻英介（佐佐木藏之介 飾），讓她的內心產生巨大的創傷。當年父親是「東京地檢特搜部」的檢察官，卻在工作上遭遇挫折，最後以自殺來結束生命。於是，奏跟隨母親搬到長野，從此把自己封閉起來，一心一意專注在課業上面。就讀信濃大學法學部二年級的那個夏天，奏遇見了改變她一生的朋友。期末考的時候，坐在她旁邊的野木真樹（龜梨和也 飾），不僅拜託奏協助他作弊，之後還把好朋友－森知美（宮澤艾瑪 飾）、梅田祐希（矢本悠馬 飾）、及川香織（田中美奈實 飾）介紹給奏認識。原先單調乏味的日常，因為有這群夥伴的加入，開始變得多采多姿，奏終於體驗到青春洋溢的校園生活。單純可愛的奏深深吸引著真樹的目光，他們很快就墜入情網。即使知道香織也喜歡真樹，奏卻刻意視而不見，陶醉在美好的初戀之中。不過，突然發生的事件徹底摧毀本來應該天長地久的友情以及耀眼的青春時光，大家從此分道揚鑣，真樹也消失在奏的眼前。12 年後，如願當上檢察官的奏跟失聯已久的真樹重逢，命運之輪再次轉動起來。曾經深愛的人卻成為縱火的嫌疑犯，而且學生時代發生的車禍其實隱藏著秘密，還有父親的死亡之謎等等，一連串看似毫無關聯的事件，背後竟然牽扯出殘酷的真相，故事朝向意想不到的方向發展……曾經在日劇中詮釋過各式各樣職業的石原聰美，這是第一次扮演檢察官的角色。生產之後已經三年沒有接演日劇，在《Destiny：命運交會》所飾演的主角西村奏將為了保護所愛之人，展現出堅強的意志力。成為母親的石原聰美，深刻體會到想用生命去守護某個人的決心，因此她可以理解奏的心情，大家也能夠看見她本身散發的力量。關於這部作品的特色，石原聰美表示：「這次在長野與橫濱拍攝外景，這些地方都很漂亮，我有一種在看電影的感覺。另外，故事劇情充滿懸疑與謎團，值得觀眾享受推理和考察的樂趣。在愛情線方面，12 年前大學生時代的青春悸動，以及出社會當上檢察官之後，心裡產生的波瀾，還有主角們受到命運擺布的模樣，相信會讓大家看得很過癮。」石原聰美和其他四位演員第一次對戲就是要拍攝大學五人組和樂融融玩在一起的畫面，雖然剛開始會擔心，畢竟大家還不太熟，但因為都是專業演員，一下子就營造出愉快的感覺。她說龜梨和也很會帶動氣氛，而且常常逗大家開心，確實把真樹這個角色的魅力發揮到淋漓盡致，因此跟他演戲讓石原聰美感到放心。可以與同世代演員合作，拍攝過程都變成美好的回憶。※底下內文有劇透！請斟酌閱讀※《Destiny：命運交會》這部日劇裡面的石原聰美，不禁讓我想起她在《法醫女王》（アンナチュラル）的樣子，性格認真嚴肅，對自己的工作懷抱著熱情，精明幹練的俐落身影，美到令人傾心。雖然這不是一部法律為主軸的職場劇，可是仍然會看見石原聰美以檢察官身分來調查每一起事件背後的疑點，並且揭開橫跨 20 年的秘密，觀眾也準備跟著迎接衝擊的真相。雖然主要演員平均年齡已經 35 歲了，讓他們扮演大學生稍微勉強了一點，不過看得出導演和演員們的努力，仍然拍出屬於青春的活潑朝氣，資深編劇吉田紀子的劇本也相當引人入勝。當樸素又認真的女孩，遇上玩世不恭的渣男，彼此的戀愛卻導致悲劇的結果，光是第一集就有各種高潮迭起的情節發展，看得我目不轉睛。劇中男女主角的父親角色，分別是由佐佐木藏之介和仲村亨來扮演，他們同時也是檢察官與律師，莫非是工作上的勁敵？奏的父親會走上自殺這條路，相信跟真樹的父親脫不了關係，他們必須重新面對上一代的恩怨。究竟知美查到的資訊是什麼？陷入歇斯底里狀態的香織為何身亡？最後真樹與香織在車上發生什麼事情？這些都是接下來要揭開的謎團！|https://news.agentm.tw/277403/|https://news.agentm.tw/wp-content/uploads/cover-1-2554-390x219.jpg|['朝日', '電視台', '日劇', '命運', '石原聰美', '石原', '日劇', '主演', '作品', '主角', '龜梨和也', '日本', '電視台', '串流', '平台', '播出', '國家', '放送', '故事', '搬上', '世界', '舞台', '內容', '目錄', '主角', '西村奏', '石原聰美', ' 飾', '橫濱', '地檢', '中央', '支部', '檢察官', '國中', '三年級', '時候', '父親', '辻英介', '佐佐木藏之介', '內心', '創傷', '父親', '東京地', '檢特', '搜部', '檢察官', '工作', '挫折', '生命', '母親', '搬到', '長野', '封閉', '讀信', '大學', '法學部', '二年級', '奏遇見', '改變', '一生', '朋友', '時候', '木真樹', '龜梨和也 飾', '拜託', '協助', '好朋友', '森知美', '宮澤艾瑪 飾', '梅田祐希', '悠馬 飾', '川香織', '田中美奈實 飾', '夥伴', '加入', '青春', '校園', '生活', '奏深', '目光', '初戀', '事件', '摧毀', '友情', '青春', '時光', '檢察官', '命運', '嫌疑犯', '學生', '時代', '車禍', '隱藏', '秘密', '父親', '事件', '背後', '牽扯出', '真相', '故事', '方向', '發展', '日劇', '詮釋', '職業', '石原聰美', '扮演', '檢察官', '角色', '生產', '接演', '日劇', '命運', '飾演', '主角', '西村奏將', '保護', '意志力', '母親', '生命', '守護', '決心', '心情', '散發', '力量', '作品', '特色', '石原聰美', '長野', '橫濱', '拍攝', '地方', '電影', '感覺', '故事', '劇情', '謎團', '觀眾', '考察', '樂趣', '愛情線', '方面', '大學生', '時代', '青春', '檢察官', '心裡', '波瀾', '主角', '命運擺布', '模樣', '看得', '石原聰美', '演員', '拍攝', '五人組', '樂融融玩', '畫面', '演員', '營造出', '感覺', '龜梨', '帶動', '氣氛', '角色', '魅力', '石原聰', '演員', '過程', '內文', '斟酌', '閱讀', '命運', '日劇', '石原聰美', '法醫', '女王', '樣子', '性格', '工作', '懷抱', '熱情', '美到', '法律', '主軸', '職場', '檢察官', '身分', '事件', '疑點', '揭開', '秘密', '觀眾', '迎接', '衝擊', '真相', '演員', '年齡已經', '扮演', '大學生', '導演', '演員', '拍出', '青春', '朝氣', '編劇', '吉田紀子', '劇本', '女孩', '遇上', '渣男', '悲劇', '結果', '情節', '發展', '看得', '主角', '父親', '角色', '佐佐木藏之介', '仲村亨', '扮演', '檢察官', '律師', '工作', '勁敵', '父親', '父親', '關係', '面對', '恩怨', '資訊', '狀態', '香織', '香織', '事情', '揭開', '謎團']|[('檢察官', 7), ('石原聰美', 6), ('父親', 6), ('日劇', 5), ('主角', 5), ('演員', 5), ('命運', 4), ('青春', 4), ('故事', 3), ('工作', 3), ('事件', 3), ('扮演', 3), ('角色', 3), ('電視台', 2), ('作品', 2), ('橫濱', 2), ('時候', 2), ('佐佐木藏之介', 2), ('生命', 2), ('母親', 2), ('長野', 2), ('時代', 2), ('秘密', 2), ('真相', 2), ('發展', 2), ('拍攝', 2), ('感覺', 2), ('謎團', 2), ('觀眾', 2), ('大學生', 2), ('看得', 2), ('揭開', 2), ('香織', 2), ('朝日', 1), ('石原', 1), ('主演', 1), ('龜梨和也', 1), ('日本', 1), ('串流', 1), ('平台', 1), ('播出', 1), ('國家', 1), ('放送', 1), ('搬上', 1), ('世界', 1), ('舞台', 1), ('內容', 1), ('目錄', 1), ('西村奏', 1), (' 飾', 1), ('地檢', 1), ('中央', 1), ('支部', 1), ('國中', 1), ('三年級', 1), ('辻英介', 1), ('內心', 1), ('創傷', 1), ('東京地', 1), ('檢特', 1), ('搜部', 1), ('挫折', 1), ('搬到', 1), ('封閉', 1), ('讀信', 1), ('大學', 1), ('法學部', 1), ('二年級', 1), ('奏遇見', 1), ('改變', 1), ('一生', 1), ('朋友', 1), ('木真樹', 1), ('龜梨和也 飾', 1), ('拜託', 1), ('協助', 1), ('好朋友', 1), ('森知美', 1), ('宮澤艾瑪 飾', 1), ('梅田祐希', 1), ('悠馬 飾', 1), ('川香織', 1), ('田中美奈實 飾', 1), ('夥伴', 1), ('加入', 1), ('校園', 1), ('生活', 1), ('奏深', 1), ('目光', 1), ('初戀', 1), ('摧毀', 1), ('友情', 1), ('時光', 1), ('嫌疑犯', 1), ('學生', 1), ('車禍', 1), ('隱藏', 1), ('背後', 1), ('牽扯出', 1), ('方向', 1), ('詮釋', 1), ('職業', 1), ('生產', 1), ('接演', 1), ('飾演', 1), ('西村奏將', 1), ('保護', 1), ('意志力', 1), ('守護', 1), ('決心', 1), ('心情', 1), ('散發', 1), ('力量', 1), ('特色', 1), ('地方', 1), ('電影', 1), ('劇情', 1), ('考察', 1), ('樂趣', 1), ('愛情線', 1), ('方面', 1), ('心裡', 1), ('波瀾', 1), ('命運擺布', 1), ('模樣', 1), ('五人組', 1), ('樂融融玩', 1), ('畫面', 1), ('營造出', 1), ('龜梨', 1), ('帶動', 1), ('氣氛', 1), ('魅力', 1), ('石原聰', 1), ('過程', 1), ('內文', 1), ('斟酌', 1), ('閱讀', 1), ('法醫', 1), ('女王', 1), ('樣子', 1), ('性格', 1), ('懷抱', 1), ('熱情', 1), ('美到', 1), ('法律', 1), ('主軸', 1), ('職場', 1), ('身分', 1), ('疑點', 1), ('迎接', 1), ('衝擊', 1), ('年齡已經', 1), ('導演', 1), ('拍出', 1), ('朝氣', 1), ('編劇', 1), ('吉田紀子', 1), ('劇本', 1), ('女孩', 1), ('遇上', 1), ('渣男', 1), ('悲劇', 1), ('結果', 1), ('情節', 1), ('仲村亨', 1), ('律師', 1), ('勁敵', 1), ('關係', 1), ('面對', 1), ('恩怨', 1), ('資訊', 1), ('狀態', 1), ('事情', 1)]|1.0|"可是仍然會看見石原聰美以檢察官身分來調查每一起事件背後的疑點 | 最後真樹與香織在車上發生什麼事情 | 不過看得出導演和演員們的努力"
影集新聞_2024-04-12_37|2024-04-12|《君主計畫：神祕組織與怪獸之謎》正式續訂第二季！Apple TV+ 將推出更多「怪獸宇宙」衍伸影集|影集新聞|根據《綜藝報》接獲的最新消息，衍伸自傳奇影業怪獸宇宙的 Apple TV+ 影集《君主計畫：神祕組織與怪獸之謎》已經正式續訂第二季。除此之外，Apple 也已經與傳奇影業達成了新的協議，即將推出更多怪獸宇宙衍伸影集，至於詳細內容目前依然處於保密狀態。Apple TV+ 全球發展部門領導摩根汪戴爾表示：「《君主計畫》在全球觀眾的心中、腦海以及想像中都留下了一個無法抹滅的烙印，由克里斯、麥特、克特、懷特以及其他才華洋溢的天才卡司以及創意團隊領導。我們能讓觀眾有機會在第二季感受到更多刺激，還能在《君主計畫》系列中踏上一場史詩的新冒險，同時讓我們拓展傳奇影業的怪獸宇宙。」《君主計畫》第一季由寇特羅素、懷特羅素、澤井杏奈、科蕾西克萊門斯、渡部蓮、山本真理、安德斯霍姆、約翰古德曼、喬蒂皮特以及艾莉莎拉索斯基主演。這部影集設定在《哥吉拉：怪獸之王》的事件後，泰坦巨獸的存在被正式公諸於世，而故事講述了一對姐弟試圖跟上父親的腳步，揭開他們家族與神秘組織「君主」之間的關聯，而他們也依循線索來到了一個充滿怪獸的世界，並遇到了由寇特以及懷特羅素飾演的軍官。《君主計畫》由克里斯布雷克以及麥特弗拉甸安擔任節目統籌以及執行製作人。延伸閱讀>>【劇評】《君主計畫：神祕組織與怪獸之謎》：如同世界觀設定般遊走地底，將表面的電影劇情給全盤串起《君主計畫》第二季以及其他衍生影集合約成為了傳奇影業怪獸宇宙的最新進展。打從系列最初的電影《哥吉拉》於 2014 年推出後，這系列就獲得了許多關注，在那之後也陸續推出了《金鋼：骷髏島》、《哥吉拉：怪獸之王》、《哥吉拉對金剛》以及最新的《哥吉拉與金剛：新帝國》後，整個系列的累積票房更是來到了 2 億美元。|https://news.agentm.tw/277421/|https://news.agentm.tw/wp-content/uploads/1-496-390x219.png|['綜藝報', '接獲', '消息', '衍伸', '影業', '怪獸', '宇宙', '影集', '君主', '計畫', '組織', '怪獸', '傳奇', '影業', '達成', '協議', '推出', '怪獸', '宇宙', '衍伸', '影集', '內容', '狀態', '全球', '發展', '部門', '領導', '摩根汪戴爾', '君主', '計畫', '全球', '觀眾', '腦海', '想像', '留下', '抹滅', '烙印', '克里斯', '麥特', '克特', '懷特', '才華', '天才卡司', '創意團隊', '領導', '觀眾', '機會', '刺激', '君主計畫', '系列', '史詩', '拓展', '影業', '怪獸', '宇宙', '君主計畫', '寇特羅素', '懷特羅素', '澤井杏奈', '科蕾西克萊門斯', '渡部蓮', '山本真理', '安德斯霍姆', '約翰古德曼', '喬蒂皮特', '艾莉莎拉索斯基', '主演', '影集', '定在', '哥吉拉', '怪獸', '事件', '泰坦', '巨獸', '故事', '姐弟', '跟上', '父親', '腳步', '揭開', '家族', '君主', '怪獸', '世界', '遇到', '懷特羅素', '飾演', '軍官', '君主計畫', '克里斯布雷克', '麥特弗拉甸安', '節目統籌', '執行', '製作人', '閱讀', '劇評', '君主', '計畫', '組織', '怪獸', '世界觀', '設定', '表面', '電影', '劇情', '串起', '君主', '計畫', '衍生', '影集', '合約成', '影業', '怪獸', '宇宙', '進展', '系列', '電影', '哥吉拉', '推出', '系列', '推出', '金鋼', '骷髏島', '哥吉拉', '怪獸', '哥吉拉', '金剛', '哥吉拉', '金剛', '帝國', '系列', '票房']|[('怪獸', 9), ('君主', 5), ('哥吉拉', 5), ('影業', 4), ('宇宙', 4), ('影集', 4), ('計畫', 4), ('系列', 4), ('推出', 3), ('君主計畫', 3), ('衍伸', 2), ('組織', 2), ('全球', 2), ('領導', 2), ('觀眾', 2), ('懷特羅素', 2), ('電影', 2), ('金剛', 2), ('綜藝報', 1), ('接獲', 1), ('消息', 1), ('傳奇', 1), ('達成', 1), ('協議', 1), ('內容', 1), ('狀態', 1), ('發展', 1), ('部門', 1), ('摩根汪戴爾', 1), ('腦海', 1), ('想像', 1), ('留下', 1), ('抹滅', 1), ('烙印', 1), ('克里斯', 1), ('麥特', 1), ('克特', 1), ('懷特', 1), ('才華', 1), ('天才卡司', 1), ('創意團隊', 1), ('機會', 1), ('刺激', 1), ('史詩', 1), ('拓展', 1), ('寇特羅素', 1), ('澤井杏奈', 1), ('科蕾西克萊門斯', 1), ('渡部蓮', 1), ('山本真理', 1), ('安德斯霍姆', 1), ('約翰古德曼', 1), ('喬蒂皮特', 1), ('艾莉莎拉索斯基', 1), ('主演', 1), ('定在', 1), ('事件', 1), ('泰坦', 1), ('巨獸', 1), ('故事', 1), ('姐弟', 1), ('跟上', 1), ('父親', 1), ('腳步', 1), ('揭開', 1), ('家族', 1), ('世界', 1), ('遇到', 1), ('飾演', 1), ('軍官', 1), ('克里斯布雷克', 1), ('麥特弗拉甸安', 1), ('節目統籌', 1), ('執行', 1), ('製作人', 1), ('閱讀', 1), ('劇評', 1), ('世界觀', 1), ('設定', 1), ('表面', 1), ('劇情', 1), ('串起', 1), ('衍生', 1), ('合約成', 1), ('進展', 1), ('金鋼', 1), ('骷髏島', 1), ('帝國', 1), ('票房', 1)]|1.0|"衍伸自傳奇影業怪獸宇宙的 Apple TV+ 影集《君主計畫：神祕組織與怪獸之謎》已經正式續訂第二季 | 將表面的電影劇情給全盤串起《君主計畫》第二季以及其他衍生影集合約成為了傳奇影業怪獸宇宙的最新進展 | 打從系列最初的電影《哥吉拉》於 2014 年推出後"
影集新聞_2024-04-11_38|2024-04-11|【劇評】《寄生獸：灰色部隊》：延氏宇宙與漫畫原著的完美嵌合，包裝在驚悚底下的女性成長寓言|影集新聞|轉載自：歐搜哇作為一部銷量達到一千一百萬冊、還拿過星雲賞的青年漫畫，《寄生獸》一直以來都是真人影視化呼聲頗高的作品之一。2014、15 年陸續推出了二部曲真人電影（山崎貴執導，古澤良太編劇，染古將太、橋本愛、深津繪里主演），算是圓了書迷的夢想；可惜詹姆斯柯麥隆籌畫的好萊塢版本，因版權過期而胎死腹中。在漫畫完結將近三十年之後，Netflix 釋出了全新改編的影集版《寄生獸：灰色部隊》。內容目錄《寄生獸：灰色部隊》（기생수: 더 그레이／Parasyte: The Grey）是基於漫畫原著的世界觀而重新創作的故事，由《屍速列車》、《謗法》、《地獄公使》的導演延尚昊執導，劇本由《紙房子：韓國版》、《我的全像情人》的編劇柳勇在執筆。故事背景從九零年代的日本，移到現代的韓國一處虛構的城市，而起源不明的寄生生物隨機選擇人類個體為宿主取而代之、四處捕食人類的恐怖情節，不但保留甚至被放大。至於主演卡司，被寄生獸入侵、卻未被完融合的女主角「鄭秀仁」，由曾主演《青春月譚》、《靈魂伴侶》的全昭霓（全少妮）飾演；為了查明家中變故、不慎揭發寄生獸組織化陰謀的小混混「薛強祐」，則是拿過釜山國際影展、釜日電影獎、以及百想藝術大賞等多座獎項的具教煥；而追殺寄生獸的特殊部隊「灰色部隊」的領導人「崔俊京」，由影視歌三棲的青龍影后李貞賢擔綱。其他搭配演員還有：權海驍、金吝勸、尹賢吉、李玄均等人。※以下內容可能包含劇透、成人議題以及個人主觀論述，請斟酌閱覽※雖說是近乎全新創作的翻拍作品，但是延導與柳編的共同合作下，《寄生獸：灰色部隊》除了改動時空背景、打造全新角色以外，大多數的情節幾乎都是對照原作的一比一複寫。但是在根據韓國本地的文化風俗予以改造、並且巧妙的更動前後順序之後，完成了一部既符合原作精神、又能表現出原創實力的改編作品。與日本電影版將寄生獸起源設定為「海洋自然誕生說」不同，韓版影集這邊是趨向漫畫版本的「未知外星生物說」。以人類為宿主寄生、捕食的理由是出於生物本能，但大前提則是為了大幅減少寄生於地球的「人類病毒」這一點，也與漫畫主張的環保意識及文明反思相符。以第一女主角秀仁的觀點來看，這個世界對她非常的不友善──母親拋家棄子，父親家暴成性，好不容易成長到可以自立謀生，卻又遇上差點致死的暴力犯罪。如果不是遇上後來被取名為「海蒂」的寄生獸，秀仁的人生就要結束在那場隨機殺人的無差別犯罪當中了。但即使如此，秀仁卻依然認為這個世界值得拯救，儘管她幾乎沒有被友善對待過。而另一位做為對照的灰色部隊隊長俊京，則是抱持「收了傷害就傷害回去，還要加倍奉還」的平等主義。當然，她是以執法者的身分維護法律、作為公務員善盡保護國民的職責；但骨子裡她就是個一心復仇的寡婦，甚至不惜將已經完全被寄生獸同化的丈夫當作引誘寄生生物的「獵犬」。以一個文職的犯罪側寫師來說，她展現出的過人武力差點就蓋過了全程在線的智慧。跟這兩位分別是「白月光」和「黑寡婦」的大女主相比，男性角色中戲分最重的強祐，應該是韓劇史上最不稱頭的男主角了。從他的視角來看，人類的滅絕危機遠不如自身一家的安危重要，畢竟他也不是什麼飛天遁地力拔山河的超級英雄；但是當真遇上關鍵時刻，他卻總是能做出大是大非的決斷，站在正確的那一邊。整個故事的主題從秀仁和俊京完整出場的兩場夢境─透過秀仁的兒時回憶、以及俊京與先生在大賣場遇襲─之後，就已經清楚表明：這將是個時代女性的自我救贖旅程。而藉此同時，韓版影集也建立了與原作漫畫（以及日版電影）將會是形似而神不似的迥異故事。以風格來說，漫畫讓米奇（小右）與男主泉新一共存，幫助新一從怯懦學生蛻變為救世英雄，在寄生獸群體幾乎全面輾壓人類的弱勢下，儘管無處可逃還是殺出一條生機血路；韓版影集的「海蒂」每天只能現身十餘分鐘，儘管被標榜為「寄生獸最強個體」，其實她更像是秀仁潛意識裡被長年壓抑的反面自我。正如她剛進入秀仁體內就被迫治癒瀕死的刀傷，海蒂最大的功能更是修復因家暴創傷和環境壓力而陷入自我厭棄的秀仁。而最終大決戰戲碼表面上是人類與寄生獸的死鬥，實際上更像是三個女性角色－秀仁、俊京、慶熙（被寄生的強祐姊姊）－的同盟，與非人、亦非寄生獸的「牧師」的對決。這裡的牧師象徵著一種渴望被「組織」認同、卻又主動背叛「組織」的矛盾情緒，最終受到「女性／母性」的制裁（也可以說是馴化）延導在大勢底定的事件過後追加了兩場戲，一場是作為情緒餘韻，也就是海蒂留給秀仁的那封信；另一場是原作男主角新一的登場，並且以新一伸出的右手（也就是沉睡中的米奇）定格成最後畫面。這兩場戲不但把劇情帶回原作的故事線，同時也留給觀眾更多想像（或期待）續集的空間。如果真有續集，或許就能見識海蒂／秀仁與米奇／新一這兩位奇行種個體聯手帶來的更多衝擊了。|https://news.agentm.tw/277332/|https://news.agentm.tw/wp-content/uploads/未命名設計-84-390x213.png|['轉載', '歐搜哇', '銷量', '星雲賞', '青年', '漫畫', '寄生獸', '真人', '呼聲', '作品', '推出', '真人', '電影', '山崎貴', '執導', '古澤良', '橋本愛', '深津繪里', '主演', '書迷', '夢想', '詹姆斯柯麥隆', '籌畫', '好萊塢', '版本', '版權', '漫畫', '釋出', '改編', '影集版', '寄生', '灰色部隊', '內容', '目錄', '寄生獸', '灰色部隊', '漫畫', '原著', '世界觀', '創作', '故事', '謗法》', '地獄公', '導演', '執導', '劇本', '房子', '韓國版', '情人', '編劇', '柳勇', '故事', '背景', '日本', '移到', '韓國', '虛構', '城市', '人類', '宿主', '代之', '捕食', '人類', '情節', '保留', '放大', '主演', '卡司', '寄生獸', '融合', '女主角', '鄭秀仁', '主演', '青春月譚', '靈魂伴侶', '全昭霓', '少妮', '飾演', '揭發寄生獸', '陰謀', '混混', '釜山', '國際', '影展', '釜日電影獎', '百想藝術', '大賞', '獎項', '具教煥', '追殺', '寄生獸', '部隊', '灰色', '部隊', '領導人', '崔俊京', '影視歌', '青龍', '影后', '李貞賢', '演員', '權海驍', '金吝', '尹賢吉', '李玄均', '內容', '成人', '議題', '論述', '斟酌', '閱覽', '創作', '作品', '延導', '柳編', '寄生獸', '灰色', '部隊', '改動', '時空', '背景', '打造', '角色', '情節', '原作', '複寫', '韓國', '文化', '風俗', '改造', '順序', '完成', '原作', '精神', '表現出', '實力', '作品', '日本', '電影版', '寄生獸', '起源', '海洋', '韓版', '影集', '漫畫', '版本', '外星生物說', '人類為', '宿主', '捕食', '理由是', '生物', '本能', '前提', '地球', '人類', '病毒', '漫畫', '主張', '環保', '意識', '文明', '秀仁', '觀點', '世界', '母親', '父親', '家暴', '成長到', '遇上', '暴力', '遇上', '海蒂', '寄生獸', '秀仁', '人生', '殺人', '差別', '秀仁', '世界', '拯救', '對待', '灰色', '部隊', '隊長', '俊京', '傷害', '傷害', '主義', '身分', '維護', '法律', '公務員', '保護', '國民', '職責', '骨子', '寡婦', '寄生獸', '同化', '丈夫', '引誘', '生物', '獵犬', '文職', '寫師', '武力', '差點', '智慧', '白月光', '寡婦', '女主', '男性', '角色', '戲分', '韓劇', '男主角', '視角', '人類', '滅絕', '危機遠', '力拔', '山河', '英雄', '時刻', '做出', '決斷', '故事', '主題', '秀仁', '夢境', '秀仁', '俊京', '先生', '時代', '女性', '旅程', '韓版', '影集', '建立', '原作', '漫畫', '日版', '電影', '故事', '風格', '漫畫', '男主', '泉新一共存', '幫助', '新一從怯懦學生', '世英雄', '寄生獸群體', '弱勢下', '生機血路', '韓版影', '海蒂', '寄生獸', '個體', '秀仁', '潛意識', '壓抑', '反面', '秀仁', '治癒', '刀傷', '海蒂', '功能', '修復', '家暴創傷', '環境', '壓力', '秀仁', '決戰', '戲碼', '表面', '人類', '寄生獸', '女性', '角色', '秀仁', '俊京', '慶熙', '姊姊', '同盟', '牧師', '牧師', '渴望', '組織', '背叛', '組織', '情緒', '女性', '母性', '制裁', '馴化', '延導', '大勢底定', '事件', '追加', '情緒', '餘韻', '海蒂', '秀仁', '原作', '男主角', '伸出', '右手', '米奇', '畫面', '劇情', '帶回', '原作', '故事線', '觀眾', '續集', '空間', '續集', '見識', '海蒂', '米奇', '奇行', '帶來', '衝擊']|[('寄生獸', 10), ('秀仁', 10), ('漫畫', 7), ('人類', 5), ('原作', 5), ('海蒂', 5), ('故事', 4), ('部隊', 4), ('作品', 3), ('主演', 3), ('灰色', 3), ('角色', 3), ('俊京', 3), ('女性', 3), ('真人', 2), ('電影', 2), ('執導', 2), ('版本', 2), ('灰色部隊', 2), ('內容', 2), ('創作', 2), ('背景', 2), ('日本', 2), ('韓國', 2), ('宿主', 2), ('捕食', 2), ('情節', 2), ('延導', 2), ('韓版', 2), ('影集', 2), ('生物', 2), ('世界', 2), ('遇上', 2), ('傷害', 2), ('寡婦', 2), ('男主角', 2), ('牧師', 2), ('組織', 2), ('情緒', 2), ('米奇', 2), ('續集', 2), ('轉載', 1), ('歐搜哇', 1), ('銷量', 1), ('星雲賞', 1), ('青年', 1), ('呼聲', 1), ('推出', 1), ('山崎貴', 1), ('古澤良', 1), ('橋本愛', 1), ('深津繪里', 1), ('書迷', 1), ('夢想', 1), ('詹姆斯柯麥隆', 1), ('籌畫', 1), ('好萊塢', 1), ('版權', 1), ('釋出', 1), ('改編', 1), ('影集版', 1), ('寄生', 1), ('目錄', 1), ('原著', 1), ('世界觀', 1), ('謗法》', 1), ('地獄公', 1), ('導演', 1), ('劇本', 1), ('房子', 1), ('韓國版', 1), ('情人', 1), ('編劇', 1), ('柳勇', 1), ('移到', 1), ('虛構', 1), ('城市', 1), ('代之', 1), ('保留', 1), ('放大', 1), ('卡司', 1), ('融合', 1), ('女主角', 1), ('鄭秀仁', 1), ('青春月譚', 1), ('靈魂伴侶', 1), ('全昭霓', 1), ('少妮', 1), ('飾演', 1), ('揭發寄生獸', 1), ('陰謀', 1), ('混混', 1), ('釜山', 1), ('國際', 1), ('影展', 1), ('釜日電影獎', 1), ('百想藝術', 1), ('大賞', 1), ('獎項', 1), ('具教煥', 1), ('追殺', 1), ('領導人', 1), ('崔俊京', 1), ('影視歌', 1), ('青龍', 1), ('影后', 1), ('李貞賢', 1), ('演員', 1), ('權海驍', 1), ('金吝', 1), ('尹賢吉', 1), ('李玄均', 1), ('成人', 1), ('議題', 1), ('論述', 1), ('斟酌', 1), ('閱覽', 1), ('柳編', 1), ('改動', 1), ('時空', 1), ('打造', 1), ('複寫', 1), ('文化', 1), ('風俗', 1), ('改造', 1), ('順序', 1), ('完成', 1), ('精神', 1), ('表現出', 1), ('實力', 1), ('電影版', 1), ('起源', 1), ('海洋', 1), ('外星生物說', 1), ('人類為', 1), ('理由是', 1), ('本能', 1), ('前提', 1), ('地球', 1), ('病毒', 1), ('主張', 1), ('環保', 1), ('意識', 1), ('文明', 1), ('觀點', 1), ('母親', 1), ('父親', 1), ('家暴', 1), ('成長到', 1), ('暴力', 1), ('人生', 1), ('殺人', 1), ('差別', 1), ('拯救', 1), ('對待', 1), ('隊長', 1), ('主義', 1), ('身分', 1), ('維護', 1), ('法律', 1), ('公務員', 1), ('保護', 1), ('國民', 1), ('職責', 1), ('骨子', 1), ('同化', 1), ('丈夫', 1), ('引誘', 1), ('獵犬', 1), ('文職', 1), ('寫師', 1), ('武力', 1), ('差點', 1), ('智慧', 1), ('白月光', 1), ('女主', 1), ('男性', 1), ('戲分', 1), ('韓劇', 1), ('視角', 1), ('滅絕', 1), ('危機遠', 1), ('力拔', 1), ('山河', 1), ('英雄', 1), ('時刻', 1), ('做出', 1), ('決斷', 1), ('主題', 1), ('夢境', 1), ('先生', 1), ('時代', 1), ('旅程', 1), ('建立', 1), ('日版', 1), ('風格', 1), ('男主', 1), ('泉新一共存', 1), ('幫助', 1), ('新一從怯懦學生', 1)]|5.0177861865563494e-11|"如果不是遇上後來被取名為「海蒂」的寄生獸 | 儘管被標榜為「寄生獸最強個體」 | 但大前提則是為了大幅減少寄生於地球的「人類病毒」這一點"
影集新聞_2024-04-10_39|2024-04-10|別等了！基特哈靈頓證實《冰與火之歌：權力遊戲》瓊恩雪諾衍生作品已經遭擱置|影集新聞|HBO 對《冰與火之歌：權力遊戲》系列依然有豐富計劃，可惜的是，與系列要角「瓊恩雪諾」有關的衍生作品目前似乎不包含於其中。雖然系列最早傳出的外傳計劃就是聚焦在由基特哈靈頓飾演的角色身上，但根據他向《ScreenRant》透露的說法，這項計劃目前尚未進入發展階段。基特哈靈頓在宣傳羅德布萊克斯特最新力作《Blood for Dust》時表示：「以目前來說，這項計劃並不在檯面上，因為我們都無法找到一段能讓我們感到興奮且適合的故事。所以我們決定暫時放下。在未來某一天我們或許將會重新回到這項計劃，但目前的確先擱置了。」HBO 目前正在進行多項與《冰與火之歌》有關的衍生計劃，其中包含將於今年 6 月迎來第二季的《龍族前傳》，及正在計劃中的《七王國的騎士：流浪騎士》(A Knight of the Seven Kingdoms: The Hedge Knight)。根據《冰與火之歌》系列原作者喬治·R·R·馬丁先前所說，哈靈頓是最初提議發展更多瓊恩雪諾故事的人，但在馬丁持續拓展《冰與火之歌》宇宙，加上哈靈頓開始投入其他原創計畫，使得瓊恩雪諾相關作品漸漸走向停擺。喬治·R·R·馬丁向《ScreenRant》表示，他之所以對這項計劃保持安靜有諸多原因，「我還沒有真正地討論過這項計劃，因為目前還在發展中。我原本不希望這部作品正在發展中的消息外流，我也不想看到觀眾們開始推測各種理論，接著感到期待或厭煩，即使最終可能根本不會拍成。因為在發展過程中，你會觀察每一種角度，然後推斷這一切是否值得。」不過雖然基特哈靈頓出面表示計畫告一段落，但影迷們還是可以看到其他計畫的登場，至少可以先迎接《龍族前傳》第二季的到來。|https://news.agentm.tw/277202/|https://news.agentm.tw/wp-content/uploads/未命名設計-82-390x213.png|['權力', '遊戲', '系列', '計劃', '系列', '要角', '瓊恩雪諾', '衍生', '作品', '系列', '傳出', '外傳', '計劃', '基特哈', '靈頓', '飾演', '角色', '說法', '計劃', '發展', '階段', '基特', '哈靈頓', '宣傳', '德布萊克斯特', '力作', '計劃', '檯面', '找到', '故事', '放下', '計劃', '擱置', '進行', '衍生', '計劃', '迎來', '龍族', '前傳', '計劃', '王國', '騎士：', '流浪', '騎士', '系列', '喬治·', '馬丁', '哈靈頓', '發展', '瓊恩雪諾', '故事', '馬丁', '拓展', '宇宙', '哈靈頓', '投入', '計畫', '瓊恩雪諾', '作品', '喬治', '馬丁', '計劃', '原因', '計劃', '發展', '作品', '發展', '消息', '觀眾', '理論', '發展', '過程', '角度', '基特哈靈頓', '計畫', '影迷', '計畫', '迎接', '龍族']|[('計劃', 9), ('發展', 5), ('系列', 4), ('瓊恩雪諾', 3), ('作品', 3), ('哈靈頓', 3), ('馬丁', 3), ('計畫', 3), ('衍生', 2), ('故事', 2), ('龍族', 2), ('權力', 1), ('遊戲', 1), ('要角', 1), ('傳出', 1), ('外傳', 1), ('基特哈', 1), ('靈頓', 1), ('飾演', 1), ('角色', 1), ('說法', 1), ('階段', 1), ('基特', 1), ('宣傳', 1), ('德布萊克斯特', 1), ('力作', 1), ('檯面', 1), ('找到', 1), ('放下', 1), ('擱置', 1), ('進行', 1), ('迎來', 1), ('前傳', 1), ('王國', 1), ('騎士：', 1), ('流浪', 1), ('騎士', 1), ('喬治·', 1), ('拓展', 1), ('宇宙', 1), ('投入', 1), ('喬治', 1), ('原因', 1), ('消息', 1), ('觀眾', 1), ('理論', 1), ('過程', 1), ('角度', 1), ('基特哈靈頓', 1), ('影迷', 1), ('迎接', 1)]|0.9998323891707546|"根據《冰與火之歌》系列原作者喬治·R·R·馬丁先前所說 | 在未來某一天我們或許將會重新回到這項計劃 | 」HBO 目前正在進行多項與《冰與火之歌》有關的衍生計劃"
影集新聞_2024-04-10_40|2024-04-10|【劇評】Netflix《雷普利》：犯罪經典再現！不只劇情更忠於原著，新版雷普利更危險迷人|影集新聞|Netflix 影集《雷普利》改編自美國作家派翠西亞海史密斯的犯罪系列《天才雷普利》，由《辛德勒的名單》金獎編劇史蒂芬柴里安擔任編導，經典人物「湯姆雷普利」則由《親愛的陌生人》安德魯史考特飾演，並攜手《私刑教育3》達科塔芬妮、《致命裝置》強尼弗林與《007：生死交戰》艾莉特薩姆納演出。《雷普利》劇情以 1960 年代為背景，講述落魄不已的紐約騙子湯姆雷普利，突然收到一位富商委託，希望他能說服在義大利流浪的兒子返家。然而，在接受這份工作後，緊接而來卻是充滿詐欺、殺機的複雜生活。內容目錄被譽為黑色犯罪小說顛峰之作的《天才雷普利》，過去就曾數度改編成電影，其中 1999 年由麥特戴蒙主演的同名電影更是獲得極佳口碑，甚至獲得奧斯卡獎五項大獎提名的殊榮，是影史上具代表性的犯罪心理電影之一。如今同樣的經典原著再次被翻拍，甚至首度挑戰以小螢幕的形式呈現，觀眾不免俗會將兩者相提並論。儘管改編自相同的故事，電影版與《雷普利》影集版的詮釋方式卻有些許不同。電影版除了濃縮原著的精華，更是自行添加許多新元素、新角色於劇情當中，刻意增強劇情瀰漫的緊張氛圍，不只讓節奏更緊湊，也成功達到令人坐立難安的效果，不過，卻因此讓觀影體驗多了一層忐忑焦慮的毛躁感，讓人又愛又恨。雖然《雷普利》影集版敘事節奏相當緩慢，但也因為更細膩地鋪陳，加深對人物內在性格的著墨，並將海史密斯之所以創造湯姆雷普利的意義。透過不疾不徐的劇情推演，緩緩揭露埋藏於細節中的寓意，更一探雷普利狂亂又殘酷的內心世界，理解為何海史密斯會將自我投射於雷普利這個亦正亦邪的虛構角色身上，且為何道出「因為湯姆雷普利是無名小卒，所以能成為任何人」這般耐人尋味的話語。相形之下，觀看《雷普利》影集版比較像在讀文學著作，或許較為隱晦的呈現手法削弱犯罪懸疑片該有的驚悚刺激感，卻能透過一些特定鏡頭的捕捉，更深入雷普利的犯罪心理與暗黑人格，且能同時探究保守的 1960 年代間，性別與自我認同所乘載的美麗與哀愁，並嘗試了解雷普利之所以癲狂，也許只是為了在如此荒唐的世代擁有更完整的自我。《雷普利》另一大特色即是全劇皆以黑白色調為基底，少了繽紛色彩的渲染，原以為會使義大利如畫般的動人景致黯然失色，沒想到卻意外襯出另類的詭譎神秘氣息，且當越是熟悉這樣的色調，便越是對色階層次與光影變換更為敏感。黑白場景搭配上劇情的推進，不僅讓故事情節自帶四、五〇年代黑白犯罪電影的復古風格，也凸顯角色情緒、情境氣氛的細微變化，甚至凸顯雷普利是如何憑藉光影的優勢，一次次僥倖逃脫警察的追捕。不過，全劇最令人驚豔的則是高手準的攝影功力，完美的構圖與適切的光影拿捏讓每一格影像都像幅美麗畫作，別緻到令人目不轉睛。《雷普利》之所能成功再現犯罪經典，除了質樸而華美的攝影、精采且富具張力的改編文本外，飾演新版湯姆雷普利的安德魯史考特最是功不可沒。曾憑著《新世紀福爾摩斯》飾演致命反派「莫里亞蒂」獲得各大獎項肯定的安德魯史考特，無庸置疑是湯姆雷普利的最佳選角。即便對於安德魯史考特的演技抱持著超高期待，然而，他不但完美駕馭雷普利深不可測且難以捉摸的黑暗性格，甚至展現其冷冽危險且令人不寒而慄的迷人魅力，高水準的演出完全沒讓人失望，更是將本劇格調提升至另一個層級。|https://news.agentm.tw/277272/|https://news.agentm.tw/wp-content/uploads/2-297-390x219.jpg|['影集', '雷普利', '改編', '美國', '作家', '派翠西亞', '海史密斯', '系列', '天才', '雷普利', '辛德勒', '名單', '編劇', '史蒂芬', '柴里安', '編導', '經典', '人物', '湯姆雷普利', '陌生人', '安德魯史考特', '飾演', '私刑', '教育', '達科塔芬妮', '裝置', '強尼弗林', '生死', '艾莉特薩姆納', '演出', '雷普利', '劇情', '背景', '紐約', '騙子', '湯姆雷普利', '收到', '富商', '義大利', '兒子', '接受', '工作', '詐欺', '殺機', '生活', '內容', '目錄', '黑色', '小說', '顛峰', '天才雷普利', '電影', '麥特戴蒙', '主演', '電影', '口碑', '奧斯卡獎', '提名', '殊榮', '代表性', '心理', '電影', '經典', '原著', '翻拍', '挑戰', '螢幕', '形式', '觀眾', '改編', '故事', '電影版', '雷普利', '影集版', '詮釋', '方式', '電影版', '原著', '精華', '角色', '劇情', '劇情', '氛圍', '效果', '觀影', '體驗', '毛躁感', '雷普利', '影集版', '節奏', '鋪陳', '人物', '內在', '性格', '海史密斯', '創造', '湯姆雷普利', '意義', '劇情', '揭露', '埋藏', '細節', '寓意', '雷普利', '內心', '世界', '海史密斯', '投射', '雷普利', '虛構', '角色', '湯姆雷普利', '話語', '觀看', '雷普利', '影集版', '讀文學', '著作', '手法', '削弱', '疑片', '激感', '鏡頭', '捕捉', '雷普利', '心理', '性別', '雷普利', '世代', '雷普利', '特色', '劇皆', '色調', '基底', '色彩', '渲染', '義大利', '景致', '氣息', '色調', '層次', '光影', '變換', '場景', '搭配上', '劇情', '故事情節自帶四', '電影', '風格', '角色', '情緒', '情境', '氣氛', '變化', '雷普利', '光影', '優勢', '警察', '追捕', '攝影', '功力', '構圖', '光影', '拿捏', '影像', '畫作', '雷普利', '經典', '攝影', '張力', '改編', '文本', '飾演', '新版', '湯姆雷普利', '安德魯史考特', '福爾摩斯', '飾演', '反派', '莫里亞蒂', '獎項', '安德魯史考特', '湯姆雷普利', '選角', '安德魯史考特', '演技', '雷普利', '性格', '展現', '魅力', '水準', '演出', '格調', '提升', '層級']|[('雷普利', 14), ('湯姆雷普利', 6), ('劇情', 5), ('安德魯史考特', 4), ('電影', 4), ('改編', 3), ('海史密斯', 3), ('經典', 3), ('飾演', 3), ('影集版', 3), ('角色', 3), ('光影', 3), ('人物', 2), ('演出', 2), ('義大利', 2), ('心理', 2), ('原著', 2), ('電影版', 2), ('性格', 2), ('色調', 2), ('攝影', 2), ('影集', 1), ('美國', 1), ('作家', 1), ('派翠西亞', 1), ('系列', 1), ('天才', 1), ('辛德勒', 1), ('名單', 1), ('編劇', 1), ('史蒂芬', 1), ('柴里安', 1), ('編導', 1), ('陌生人', 1), ('私刑', 1), ('教育', 1), ('達科塔芬妮', 1), ('裝置', 1), ('強尼弗林', 1), ('生死', 1), ('艾莉特薩姆納', 1), ('背景', 1), ('紐約', 1), ('騙子', 1), ('收到', 1), ('富商', 1), ('兒子', 1), ('接受', 1), ('工作', 1), ('詐欺', 1), ('殺機', 1), ('生活', 1), ('內容', 1), ('目錄', 1), ('黑色', 1), ('小說', 1), ('顛峰', 1), ('天才雷普利', 1), ('麥特戴蒙', 1), ('主演', 1), ('口碑', 1), ('奧斯卡獎', 1), ('提名', 1), ('殊榮', 1), ('代表性', 1), ('翻拍', 1), ('挑戰', 1), ('螢幕', 1), ('形式', 1), ('觀眾', 1), ('故事', 1), ('詮釋', 1), ('方式', 1), ('精華', 1), ('氛圍', 1), ('效果', 1), ('觀影', 1), ('體驗', 1), ('毛躁感', 1), ('節奏', 1), ('鋪陳', 1), ('內在', 1), ('創造', 1), ('意義', 1), ('揭露', 1), ('埋藏', 1), ('細節', 1), ('寓意', 1), ('內心', 1), ('世界', 1), ('投射', 1), ('虛構', 1), ('話語', 1), ('觀看', 1), ('讀文學', 1), ('著作', 1), ('手法', 1), ('削弱', 1), ('疑片', 1), ('激感', 1), ('鏡頭', 1), ('捕捉', 1), ('性別', 1), ('世代', 1), ('特色', 1), ('劇皆', 1), ('基底', 1), ('色彩', 1), ('渲染', 1), ('景致', 1), ('氣息', 1), ('層次', 1), ('變換', 1), ('場景', 1), ('搭配上', 1), ('故事情節自帶四', 1), ('風格', 1), ('情緒', 1), ('情境', 1), ('氣氛', 1), ('變化', 1), ('優勢', 1), ('警察', 1), ('追捕', 1), ('功力', 1), ('構圖', 1), ('拿捏', 1), ('影像', 1), ('畫作', 1), ('張力', 1), ('文本', 1), ('新版', 1), ('福爾摩斯', 1), ('反派', 1), ('莫里亞蒂', 1), ('獎項', 1), ('選角', 1), ('演技', 1), ('展現', 1), ('魅力', 1), ('水準', 1), ('格調', 1), ('提升', 1), ('層級', 1)]|1.0|"《雷普利》劇情以 1960 年代為背景 | 飾演新版湯姆雷普利的安德魯史考特最是功不可沒 | 《雷普利》另一大特色即是全劇皆以黑白色調為基底"
影集新聞_2024-04-08_41|2024-04-08|「神父」安德魯史考特有話要對 5 年後還在看《邋遢女郎》的粉絲說：「走出戶外，去做點有意義的事吧！」|影集新聞|在影集《邋遢女郎》(Fleabag，又譯《倫敦生活》）第二季中飾演性感「神父」的安德魯史考特，最近幽默回應那些時隔五年後依然還在繼續觀賞這部影集的粉絲。安德魯史考特飾演的角色在登場後，成為了菲比沃勒布里奇的角色「邋遢鬼」的愛慕對象。而在《邋遢女郎》完結的五週年後，史考特似乎有些話想要對那些依然著迷於這部影集的觀眾們說。安德魯史考特說：「出去呼吸點新鮮空氣吧，不要再看了。不要再哭了，不要再把窗簾拉起來窩在房間裡哭。去做點有意義的事吧。這是一部優秀的影集，我們都很愛它，但拜託喔，振作一點吧。拉開窗簾走出戶外！」Andrew Scott has a message for people still watching #Fleabag. 🤣 pic.twitter.com/Ki82src9Pq— Entertainment Weekly (@EW) April 4, 2024《邋遢女郎》是一部 BBC 第三頻道與 Amazon Studios 合作監製的影集，一共播出了兩季 12 集。《邋遢女郎》由菲比沃勒布里奇擔任主創兼編劇，改編自一齣她於 2013 年的愛丁堡國際藝穗節上演出過的單人女子秀。沃勒布里奇的角色在《邋遢女郎》中被稱為「邋遢鬼」，她的本名從頭到尾都沒有提及。這部影集的故事講述這位單身、豪邁又令人困惑的女子在倫敦探索生活的過程。除了菲比沃勒布里奇以及安德魯史考特之外，其他參與這部影集的演員還包含了茜安克利福德、奧莉薇亞考曼、比爾派特森、布雷特吉爾曼、休斯金納、休丹尼斯、班奧德里基以及珍妮理查德森。影集於 2016 年 7 月 21 日開播，並在 2019 年 4 月 8 日完結。此外，菲比沃勒布里奇也在 2019 年贏得了一座喜劇影集類傑出女主角獎，而《邋遢女郎》也在同年榮獲了最佳傑出喜劇獎。|https://news.agentm.tw/276985/|https://news.agentm.tw/wp-content/uploads/0-19-390x218.jpeg|['影集', '女郎', '倫敦', '生活', '飾演', '神父', '安德魯史考特', '回應', '時隔', '觀賞', '影集', '粉絲', '安德魯史考特', '飾演', '角色', '菲比沃勒布里奇', '角色', '邋遢鬼', '對象', '女郎', '影集', '觀眾', '安德魯史考特', '空氣', '窗簾', '房間', '意義', '影集', '拜託', '拉開', '窗簾', '戶外', '頻道', '監製', '影集', '播出', '女郎', '菲比沃勒布里奇', '編劇', '改編', '愛丁堡', '國際藝穗節', '演出', '單人', '女子', '沃勒布里奇', '角色', '女郎', '邋遢鬼', '本名', '影集', '故事', '女子', '倫敦', '生活', '過程', '菲比沃勒布里奇', '安德魯史考特', '參與', '影集', '演員', '茜安克利福德', '奧莉薇亞考曼', '比爾派特森', '布雷特吉爾曼', '休斯金納', '班奧德里基', '珍妮理查德森', '影集', '菲比沃勒布里奇', '喜劇', '影集類', '主角', '喜劇']|[('影集', 8), ('女郎', 4), ('安德魯史考特', 4), ('菲比沃勒布里奇', 4), ('角色', 3), ('倫敦', 2), ('生活', 2), ('飾演', 2), ('邋遢鬼', 2), ('窗簾', 2), ('女子', 2), ('喜劇', 2), ('神父', 1), ('回應', 1), ('時隔', 1), ('觀賞', 1), ('粉絲', 1), ('對象', 1), ('觀眾', 1), ('空氣', 1), ('房間', 1), ('意義', 1), ('拜託', 1), ('拉開', 1), ('戶外', 1), ('頻道', 1), ('監製', 1), ('播出', 1), ('編劇', 1), ('改編', 1), ('愛丁堡', 1), ('國際藝穗節', 1), ('演出', 1), ('單人', 1), ('沃勒布里奇', 1), ('本名', 1), ('故事', 1), ('過程', 1), ('參與', 1), ('演員', 1), ('茜安克利福德', 1), ('奧莉薇亞考曼', 1), ('比爾派特森', 1), ('布雷特吉爾曼', 1), ('休斯金納', 1), ('班奧德里基', 1), ('珍妮理查德森', 1), ('影集類', 1), ('主角', 1)]|0.9999999999940924|"沃勒布里奇的角色在《邋遢女郎》中被稱為「邋遢鬼」 | 除了菲比沃勒布里奇以及安德魯史考特之外 | 菲比沃勒布里奇也在 2019 年贏得了一座喜劇影集類傑出女主角獎"
影集新聞_2024-04-07_42|2024-04-07|Netflix 科幻電影《Rebel Moon》最新第 2 部《烙印之人》4 月線上開戰：黑暗時代來襲，柯拉與戰士們準備迎擊──|影集新聞|備受矚目的查克史奈德科幻電影第二部曲《Rebel Moon – 第 2 部：烙印之人》於日前釋出正式預告與海報。首部曲《Rebel Moon – 第 1 部：火之女》在去年 12 月 22 日於 Netflix 上線後，引起熱烈討論，第二部曲《Rebel Moon – 第 2 部：烙印之人》將延續柯拉和倖存戰士們史詩般的故事。內容目錄今日釋出的正式預告中，開場蘇菲亞波提拉（飾演柯拉）就以精湛的打鬥場面登場，柯拉帶領著倖存的戰士們拯救村莊免於敵人手中。在戰鬥前，戰士必須面對自己的過去以及自己奮戰的理由。預告中柯拉無畏敵人攻擊，努力地消滅敵人，而由艾德斯克林 (Ed Skrein)飾演的艾提克斯諾伯更驚奇地從一道膜中升起，起身打鬥。而艾提克斯的一句話，更直接揭露了柯拉就是烙印之人的事實。柯拉說到：「我不會讓村莊的人為了我而犧牲」強烈的奮戰意識更是讓粉絲倍感期待！黑暗時代即將來襲，他們別無選擇，只能準備好迎戰！由查克史奈德執導的 Netflix 科幻電影《Rebel Moon 第 2 部：烙印之人》將延續首部曲《Rebel Moon 第 1 部：火之女》柯拉與戰士們的故事，與一群勇敢的人民一起保護曾經祥和的村莊，隨著大家全面應戰，也建立起不可摧的革命情感。英雄們崛起，傳奇也就此誕生！磅礴鉅作《Rebel Moon 第 2 部：烙印之人》將於 4 月 19 日於 Netflix 正式上線。資料來源：Netflix|https://news.agentm.tw/276767/|https://news.agentm.tw/wp-content/uploads/cover-1-2541-390x219.jpg|['查克史奈德', '電影', '烙印', '釋出', '海報', '引起', '烙印', '柯拉', '戰士', '史詩', '故事', '內容', '目錄', '釋出', '蘇菲亞波提拉', '飾演', '柯拉', '場面', '柯拉', '戰士', '拯救', '村莊', '敵人', '戰士', '面對', '理由', '柯拉', '敵人', '攻擊', '消滅', '敵人', '艾德斯克林', '飾演', '艾提克斯諾伯', '膜中', '艾提克斯', '揭露', '柯拉', '烙印', '事實', '柯拉', '村莊', '意識', '粉絲', '黑暗', '時代', '選擇', '準備好', '迎戰', '執導', '電影', '烙印', '首部曲', '火之女》', '柯拉', '戰士們', '故事', '人民', '保護', '村莊', '建立起', '情感', '英雄', '傳奇', '鉅作', '烙印', '資料', '來源']|[('柯拉', 7), ('烙印', 5), ('戰士', 3), ('村莊', 3), ('敵人', 3), ('電影', 2), ('釋出', 2), ('故事', 2), ('飾演', 2), ('查克史奈德', 1), ('海報', 1), ('引起', 1), ('史詩', 1), ('內容', 1), ('目錄', 1), ('蘇菲亞波提拉', 1), ('場面', 1), ('拯救', 1), ('面對', 1), ('理由', 1), ('攻擊', 1), ('消滅', 1), ('艾德斯克林', 1), ('艾提克斯諾伯', 1), ('膜中', 1), ('艾提克斯', 1), ('揭露', 1), ('事實', 1), ('意識', 1), ('粉絲', 1), ('黑暗', 1), ('時代', 1), ('選擇', 1), ('準備好', 1), ('迎戰', 1), ('執導', 1), ('首部曲', 1), ('火之女》', 1), ('戰士們', 1), ('人民', 1), ('保護', 1), ('建立起', 1), ('情感', 1), ('英雄', 1), ('傳奇', 1), ('鉅作', 1), ('資料', 1), ('來源', 1)]|0.9992695939728674|"由查克史奈德執導的 Netflix 科幻電影《Rebel Moon 第 2 部：烙印之人》將延續首部曲《Rebel Moon 第 1 部：火之女》柯拉與戰士們的故事 | 備受矚目的查克史奈德科幻電影第二部曲《Rebel Moon – 第 2 部：烙印之人》於日前釋出正式預告與海報 | 第二部曲《Rebel Moon – 第 2 部：烙印之人》將延續柯拉和倖存戰士們史詩般的故事"
影集新聞_2024-04-07_43|2024-04-07|《殺手寓言》改編真人電影還不夠，動畫影集興津和幸、澤城美雪及花澤香菜等人氣聲優熱演 Disney+ 線上播出|影集新聞|改編自南勝久同名暢銷漫畫並找來興津和幸、澤城美雪、及花澤香菜共同獻聲，一部講述前殺手被迫隱姓埋名的故事即將登陸 Disney+！在傳奇殺手經歷了殺人如麻、屍積如山的一年後，為了避免樹大招風，他被迫隱匿行蹤躲藏起來，全新動畫《殺手寓言》將在 4 月 7 日於 Disney+ 正式上線。內容目錄《殺手寓言》改編自南勝久的暢銷漫畫，並由首屈一指的漫畫出版商「講談社」(Kodansha) 出版，講述如傳說般存在的天才殺手「寓言」一生都在接受訓練只為成為世界上最優秀殺手的故事。寓言在黑社會中以快速解決目標而享有盛譽，然而，在經歷了殺人人數比以往都要多的一年後，老闆命令寓言低調生活一年，並且在此期間不得再殺人，面對突然離開家鄉搬到大阪，並要與好戰的罪犯們展開全新生活的寓言突然發現自己變得茫然，他必須控制自己的脾氣，學習適應普通人的生活才能生存下去。《殺手寓言》由興津和幸（曾為《金屬口紅》、《銀魂》配音）獻聲演繹殺手「寓言」佐藤明；澤城美雪（曾為《王樣戰隊帝王者》、《假面騎士 Decade》配音）演繹佐藤洋子；花澤香菜（曾為《你的名字》、《言葉之庭》配音）演繹清水岬；大塚明夫（曾為《攻殼機動隊》、《航海王》配音）演繹海老原剛士；津田健次郎（曾為《一一》、《黃金神威》配音）演繹小島；小村哲生（曾為《電馭叛客：邊緣行者》、《小魔女學園》配音）演繹 Boss；還有福島潤（曾為《不死不運》、《哥布林殺手》配音）演繹 Jackall 富岡。該作由曾製作《機動戰士鋼彈：水星的魔女》的高島雄哉、及曾製作《女神咖啡廳》的森田真由美共同改編為動畫，並由高橋良輔執導。《殺手寓言》將於 4 月 7 日在 Disney+ 正式上線。消息來源：Disney+|https://news.agentm.tw/275109/|https://news.agentm.tw/wp-content/uploads/template-233-390x219.jpg|['改編', '南勝久', '漫畫', '找來', '興津和幸', '澤城美雪', '花澤香菜', '殺手', '故事', '傳奇', '殺手', '隱匿', '行蹤', '動畫', '殺手', '寓言', '內容', '目錄', '殺手', '寓言', '改編', '漫畫', '漫畫', '出版商', '講談社', '出版', '傳說', '天才', '殺手', '寓言', '一生', '接受', '訓練', '世界', '殺手', '故事', '寓言', '社會', '解決', '目標', '盛譽', '人數', '老闆', '期間', '殺人', '面對', '離開', '家鄉', '搬到', '大阪', '罪犯', '展開', '生活', '控制', '脾氣', '學習', '生活', '存下去', '殺手寓', '興津', '金屬口紅', '演繹', '殺手', '寓言', '藤明', '澤城美雪', '王樣戰隊', '帝王者', '假面', '騎士', '配音', '繹佐藤洋子', '花澤香菜', '名字', '言葉之庭', '清水岬', '大塚明夫', '攻殼機動隊', '海王', '剛士', '津田健次郎', '一一', '黃金', '神威', '演繹', '小村哲生', '電馭', '叛客', '邊緣', '行者', '演繹', '福島潤', '哥布林', '殺手', '演繹', '富岡', '製作', '戰士', '鋼彈', '水星', '魔女', '高島雄哉', '製作', '女神', '咖啡廳', '森田真由美', '動畫', '高橋良輔', '執導', '殺手', '寓言', '消息', '來源']|[('殺手', 9), ('寓言', 6), ('演繹', 4), ('漫畫', 3), ('改編', 2), ('澤城美雪', 2), ('花澤香菜', 2), ('故事', 2), ('動畫', 2), ('生活', 2), ('製作', 2), ('南勝久', 1), ('找來', 1), ('興津和幸', 1), ('傳奇', 1), ('隱匿', 1), ('行蹤', 1), ('內容', 1), ('目錄', 1), ('出版商', 1), ('講談社', 1), ('出版', 1), ('傳說', 1), ('天才', 1), ('一生', 1), ('接受', 1), ('訓練', 1), ('世界', 1), ('社會', 1), ('解決', 1), ('目標', 1), ('盛譽', 1), ('人數', 1), ('老闆', 1), ('期間', 1), ('殺人', 1), ('面對', 1), ('離開', 1), ('家鄉', 1), ('搬到', 1), ('大阪', 1), ('罪犯', 1), ('展開', 1), ('控制', 1), ('脾氣', 1), ('學習', 1), ('存下去', 1), ('殺手寓', 1), ('興津', 1), ('金屬口紅', 1), ('藤明', 1), ('王樣戰隊', 1), ('帝王者', 1), ('假面', 1), ('騎士', 1), ('配音', 1), ('繹佐藤洋子', 1), ('名字', 1), ('言葉之庭', 1), ('清水岬', 1), ('大塚明夫', 1), ('攻殼機動隊', 1), ('海王', 1), ('剛士', 1), ('津田健次郎', 1), ('一一', 1), ('黃金', 1), ('神威', 1), ('小村哲生', 1), ('電馭', 1), ('叛客', 1), ('邊緣', 1), ('行者', 1), ('福島潤', 1), ('哥布林', 1), ('富岡', 1), ('戰士', 1), ('鋼彈', 1), ('水星', 1), ('魔女', 1), ('高島雄哉', 1), ('女神', 1), ('咖啡廳', 1), ('森田真由美', 1), ('高橋良輔', 1), ('執導', 1), ('消息', 1), ('來源', 1)]|0.3354438368866151|"《殺手寓言》由興津和幸（曾為《金屬口紅》、《銀魂》配音）獻聲演繹殺手「寓言」佐藤明 | 全新動畫《殺手寓言》將在 4 月 7 日於 Disney+ 正式上線 | 《殺手寓言》將於 4 月 7 日在 Disney+ 正式上線"
影集新聞_2024-04-05_44|2024-04-05|【開箱】金獎編劇徐譽庭新作《不夠善良的我們》五大看點：林依晨、許瑋甯雙女主，細膩到句句說進心坎裡|影集新聞|《我可能不會愛你》、《誰先愛上他的》知名編劇徐譽庭最新力作《不夠善良的我們》，由公共電視及台灣大哥大MyVideo共同出品，並由徐譽庭擔任編劇與導演。《不夠善良的我們》卡司除了由林依晨、許瑋甯、賀軍翔、柯震東、路斯明主演，還有金馬影后謝盈萱、劉若英、蔡淑臻等諸多演員客串，本劇也預計於 4/6 開播。內容目錄劇情描述即將邁入四十不惑的人妻簡慶芬（林依晨飾）有個幸福美滿的家庭，不僅老公（賀軍翔飾）體貼，兒子也很乖巧。日子過地別無所求，但生活卻了無新意。某天她回想起過去，想起剛出社會的同事 Rebecca（許瑋甯飾），兩人不僅時常撞衫，甚至還喜歡上同一個男人，為此兩人還整整糾纏了 12 年。擅長描繪細膩、寫實愛情故事的徐譽庭，則再度拋出大課題：「究竟人生該如何做才會真的快樂？」而人生是不是需要有個假想敵來相互比較，才能活的更有意義？2005 年的《惡作劇之吻》可說是捧紅林依晨、鄭元暢、許瑋甯等一票演員，在劇中飾演情侶的林依晨與鄭元暢更是被公認為最佳銀幕情侶。而在劇中飾演情敵的林依晨、許瑋甯則是在徐譽庭新作《不夠善良的我們》中再續前緣，在劇中扮演糾纏長達 12 年之久的情敵。許久未合作的她們，一合作又演出情敵一角，不禁讓許多影迷掀起一陣回憶殺。去年以電影《車頂上的玄天上帝》與影迷見面的林依晨，今年再度以《不夠善良的我們》與大家相見歡。這也是她繼《我可能不會愛你》後，睽違 12 年再度與徐譽庭合作。不同以往接演的角色，林依晨在劇中飾演外表看似乖乖牌、沒心機的女生，卻成為橫刀奪愛、介入他人感情的第三者。而許瑋甯則以冷酷難搞的形象詮釋一位愛情犧牲者。不同兩位演員先前合作的《惡作劇之吻》，主要角色是落在林依晨所飾演的袁湘琴身上，《不夠善良的我們》則是藉雙女主的不同視角去呈現故事。除了雙女主精彩對手以外，主演群當中也可以見到好久不見的賀軍翔，在劇中飾演簡慶芬的老公何瑞之，一改過去《惡魔在身邊》、《鬥牛，要不要》偶像劇男神形象，在《不夠善良的我們》中飾演的是一位憔悴的已婚上班男子，本作也是繼 2004 年《愛情合約》後，賀軍翔再度與林依晨合作，相信也是讓許多影迷意外湧出許多回憶殺！此外，最近轉當導演頗有成就的柯震東，雖然常在大銀幕與觀眾相見，卻鮮少有戲劇演出的他，這也是繼 Netflix《愛愛內含光》後再度演出的台劇作品。在劇中飾演一位工程師于向立，是 Rebecca 在共享辦公室的好夥伴，劇中相差十歲的他們，也將有不少對戲。有趣的是，這也是繼 2020 年電影《打噴嚏》後，柯震東與林依晨再度合作之作。《不夠善良的我們》不僅祭出超強卡司與強大的客串陣容，劇中台詞更是句句到位，讓觀眾產生許多共鳴。擔任編導的徐譽庭也曾在報導透露，雖然只有八集，共計八小時左右的片長，卻耗費她一整年的時間來創作。從徐譽庭過往作品多少能看出她對於愛情、人生的剖析堪比句句到位，故事時常讓觀眾產生諸多共鳴。而本劇也在首映會時，被主持人阿Ken 表示：「劇中台詞簡直金句連發！」她也無奈回應表示在創作時，劇本團隊已盡量避免這個情形出現，卻還是有不少金句出現在劇中。不僅主演、導演、編劇都很有看點，連幕後操刀本劇配樂的人物也大有來頭，就是橫掃 2022 年金曲獎的歌后蔡健雅。首次跨刀影劇配樂設計的蔡健雅，不僅為四位主演量身打造專屬歌曲，更創作了片頭曲與片尾曲，甚至是劇中出現的所有配樂也都來自於她。當劇中兩位女主角的配樂首次出場，相信不少觀眾都很有感，甚至更能投入於角色之中。4/6 起，每週六晚間 9 點，公共電視 13 頻道 播出；晚間10點，MyVideo & 愛奇藝上架；4/7起，每週日晚間8點，八大戲劇台播出。|https://news.agentm.tw/276944/|https://news.agentm.tw/wp-content/uploads/image3-894-390x219.jpg|['編劇', '徐譽庭', '力作', '電視', '台灣', '大哥大', 'MyVideo', '出品', '徐譽庭', '編劇', '導演', '卡司', '林依晨', '許瑋甯', '賀軍翔', '柯震東', '路斯明', '主演', '金馬', '影后', '謝盈萱', '劉若英', '蔡淑臻', '演員', '客串', '內容', '目錄', '劇情', '描述', '人妻', '簡慶芬', '林依晨', '飾）', '家庭', '老公', '賀軍翔', '兒子', '日子', '生活', '新意', '社會', '同事', '許瑋甯', '撞衫', '男人', '糾纏', '描繪', '愛情', '故事', '徐譽庭', '拋出', '課題', '人生', '人生', '假想敵來', '比較', '意義', '惡作', '林依晨', '鄭元暢', '許瑋甯', '演員', '飾演', '情侶', '林依晨', '鄭元暢', '銀幕', '情侶', '劇中', '飾演', '情敵', '林依晨', '許瑋甯', '徐譽庭', '扮演', '糾纏長達', '情敵', '情敵', '影迷', '掀起', '回憶', '電影', '車頂', '玄天', '上帝', '影迷', '林依晨', '徐譽庭', '接演', '角色', '林依晨', '飾演', '外表', '乖乖', '女生', '介入他人', '感情', '第三者', '許瑋甯', '形象', '詮釋', '愛情', '演員', '惡作', '角色', '林依晨', '飾演', '袁湘琴', '雙女主', '視角', '故事', '雙女主', '對手', '主演群', '賀軍翔', '飾演', '簡慶芬', '老公', '何瑞之', '改過', '惡魔', '身邊', '偶像', '劇男神', '形象', '飾演', '男子', '本作', '愛情合約', '賀軍翔', '林依晨', '影迷', '意外', '回憶', '成就', '柯震東', '銀幕', '觀眾相見', '戲劇', '演出', '含光', '演出', '台劇', '作品', '工程師', '于向立', '辦公室', '夥伴', '電影', '柯震東', '林依晨', '祭出', '客串', '陣容', '台詞', '觀眾產生', '共鳴', '編導', '徐譽庭', '小時', '片長', '耗費', '時間', '創作', '徐譽庭', '作品', '愛情', '人生', '剖析', '故事', '觀眾', '共鳴', '首映', '主持人', '阿Ken ', '台詞', '金句連發', '回應', '創作', '劇本', '團隊', '情形出現', '金句', '主演', '導演', '編劇', '看點', '幕後', '操刀本', '人物', '來頭', '橫掃', '金曲獎', '歌后', '蔡健雅', '跨刀影', '配樂', '設計', '蔡健雅', '主演', '量身', '打造', '歌曲', '創作', '片頭曲', '片尾曲', '劇中', '配樂', '主角', '配樂', '觀眾', '投入', '角色', '電視', '頻道', '播出', '奇藝', '播出']|[('林依晨', 10), ('徐譽庭', 7), ('飾演', 6), ('許瑋甯', 5), ('賀軍翔', 4), ('編劇', 3), ('柯震東', 3), ('主演', 3), ('演員', 3), ('愛情', 3), ('故事', 3), ('人生', 3), ('情敵', 3), ('影迷', 3), ('角色', 3), ('創作', 3), ('配樂', 3), ('電視', 2), ('導演', 2), ('客串', 2), ('簡慶芬', 2), ('老公', 2), ('惡作', 2), ('鄭元暢', 2), ('情侶', 2), ('銀幕', 2), ('劇中', 2), ('回憶', 2), ('電影', 2), ('形象', 2), ('雙女主', 2), ('演出', 2), ('作品', 2), ('台詞', 2), ('共鳴', 2), ('觀眾', 2), ('蔡健雅', 2), ('播出', 2), ('力作', 1), ('台灣', 1), ('大哥大', 1), ('MyVideo', 1), ('出品', 1), ('卡司', 1), ('路斯明', 1), ('金馬', 1), ('影后', 1), ('謝盈萱', 1), ('劉若英', 1), ('蔡淑臻', 1), ('內容', 1), ('目錄', 1), ('劇情', 1), ('描述', 1), ('人妻', 1), ('飾）', 1), ('家庭', 1), ('兒子', 1), ('日子', 1), ('生活', 1), ('新意', 1), ('社會', 1), ('同事', 1), ('撞衫', 1), ('男人', 1), ('糾纏', 1), ('描繪', 1), ('拋出', 1), ('課題', 1), ('假想敵來', 1), ('比較', 1), ('意義', 1), ('扮演', 1), ('糾纏長達', 1), ('掀起', 1), ('車頂', 1), ('玄天', 1), ('上帝', 1), ('接演', 1), ('外表', 1), ('乖乖', 1), ('女生', 1), ('介入他人', 1), ('感情', 1), ('第三者', 1), ('詮釋', 1), ('袁湘琴', 1), ('視角', 1), ('對手', 1), ('主演群', 1), ('何瑞之', 1), ('改過', 1), ('惡魔', 1), ('身邊', 1), ('偶像', 1), ('劇男神', 1), ('男子', 1), ('本作', 1), ('愛情合約', 1), ('意外', 1), ('成就', 1), ('觀眾相見', 1), ('戲劇', 1), ('含光', 1), ('台劇', 1), ('工程師', 1), ('于向立', 1), ('辦公室', 1), ('夥伴', 1), ('祭出', 1), ('陣容', 1), ('觀眾產生', 1), ('編導', 1), ('小時', 1), ('片長', 1), ('耗費', 1), ('時間', 1), ('剖析', 1), ('首映', 1), ('主持人', 1), ('阿Ken ', 1), ('金句連發', 1), ('回應', 1), ('劇本', 1), ('團隊', 1), ('情形出現', 1), ('金句', 1), ('看點', 1), ('幕後', 1), ('操刀本', 1), ('人物', 1), ('來頭', 1), ('橫掃', 1), ('金曲獎', 1), ('歌后', 1), ('跨刀影', 1), ('設計', 1), ('量身', 1), ('打造', 1), ('歌曲', 1), ('片頭曲', 1), ('片尾曲', 1), ('主角', 1), ('投入', 1), ('頻道', 1), ('奇藝', 1)]|1.0|"而在劇中飾演情敵的林依晨、許瑋甯則是在徐譽庭新作《不夠善良的我們》中再續前緣 | 不僅主演、導演、編劇都很有看點 | 《我可能不會愛你》、《誰先愛上他的》知名編劇徐譽庭最新力作《不夠善良的我們》"
影集新聞_2024-03-31_45|2024-03-31|全台首次的《劇場版 五等分的新娘》主題咖啡廳就在三創，和中野家五胞胎姊妹共度幸福時光|影集新聞|青春戀愛喜劇《五等分的新娘》在台首度大型合作！《劇場版 五等分的新娘》主題 Café 於 3/29 起在三創生活園區 MyAnime Café 正式展開，主題期間以中野家五胞胎美少女為主題設計美好店裝，搭配角色形象蔬食主餐、甜點、聖代及飲料，點餐均加贈美圖特典，給每位訪店來賓至上的用餐體驗。內容目錄《五等分的新娘》為五胞胎美少女及男主角間的戀愛喜劇漫畫，洋溢青春愛情酸甜滋味，作品開頭先透露男主角上杉風太郎將與中野家五胞胎之一結婚，再以倒敘方式讓讀者隨著劇情推測新娘究竟是誰。五位不同類型的女主角更自各擁有支持粉絲，隨著作品動畫化並集結一線女聲優：花澤香菜、竹達彩奈、伊藤美來、佐倉綾音、水瀨祈演出，同時滿足動漫迷及聲優迷，絕對是近年來戀愛動畫的必推佳作！本次 MyAnime Café 與《劇場版 五等分的新娘》共同合作，以期間限定主題 Cafe 喚醒大家美好戀情的記憶，主題期間來店還可聽到由五胞胎演唱的劇場版主題曲「五等分の軌跡」和「五等分の花嫁〜ありがとうの花〜」，歡迎喜愛本作及五胞胎的粉絲來店朝聖。活動期間消費滿額 800 元，即可獲得冷燙大圖卡 1 張，5 位女孩身著令人憧憬的新娘禮服現身，臉上洋溢幸福表情，等著你將這份美好畫面帶回家。而從 5/1 起的中野家五胞胎生日特企活動，滿額千元還可獲得 A3 紀念海報 1 張，數量有限送完為止。享用主餐即贈角色寫真卡。享用聖代可獲得角色小卡。享用甜點即贈角色小卡。內用或外帶飲品即贈隨機杯墊（杯墊款式分為前後期）。全檔期單筆滿額 800 元可獲得冷燙大圖卡。5/1~5/5 五姊妹生日特企期間消費滿額可獲得 A3 紀念海報。資料來源：曼迪傳播|https://news.agentm.tw/276480/|https://news.agentm.tw/wp-content/uploads/cover-1-2533-390x219.jpg|['青春', '喜劇', '新娘', '大型', '劇場版', '新娘', '主題', '生活', '園區', '展開', '主題', '期間', '中野家', '五胞胎', '少女', '主題', '設計', '店裝', '搭配', '角色', '形象', '蔬食', '主餐', '甜點', '聖代', '飲料', '美圖', '特典', '訪店', '來賓', '體驗', '內容', '目錄', '新娘', '五胞胎', '少女', '主角', '喜劇', '漫畫', '青春', '愛情', '滋味', '作品', '主角', '杉風太郎', '中野家', '倒敘', '方式', '劇情', '新娘', '類型', '主角', '支持', '粉絲', '作品', '一線', '聲優', '花澤', '香菜', '彩奈', '伊藤美來', '佐倉綾音', '水瀨祈', '演出', '聲優迷', '動畫', '劇場版', '新娘', '期間', '主題', '喚醒', '戀情', '記憶', '主題', '期間', '五胞胎', '演唱', '劇場版', '主題曲', '等分', '軌跡', '花嫁', '五胞胎', '粉絲', '活動', '期間', '消費', '女孩', '新娘', '禮服', '表情', '畫面', '中野家', '五胞胎', '生日', '特企', '活動', '紀念', '海報', '數量', '享用', '主餐', '角色', '寫真', '享用', '聖代', '角色', '享用', '甜點', '角色', '小卡', '外帶', '飲品', '杯墊', '款式', '檔期', '姊妹', '生日', '特企', '期間', '消費', '海報', '資料', '來源', '曼迪', '傳播']|[('新娘', 6), ('主題', 5), ('期間', 5), ('五胞胎', 5), ('角色', 4), ('劇場版', 3), ('中野家', 3), ('主角', 3), ('享用', 3), ('青春', 2), ('喜劇', 2), ('少女', 2), ('主餐', 2), ('甜點', 2), ('聖代', 2), ('作品', 2), ('粉絲', 2), ('活動', 2), ('消費', 2), ('生日', 2), ('特企', 2), ('海報', 2), ('大型', 1), ('生活', 1), ('園區', 1), ('展開', 1), ('設計', 1), ('店裝', 1), ('搭配', 1), ('形象', 1), ('蔬食', 1), ('飲料', 1), ('美圖', 1), ('特典', 1), ('訪店', 1), ('來賓', 1), ('體驗', 1), ('內容', 1), ('目錄', 1), ('漫畫', 1), ('愛情', 1), ('滋味', 1), ('杉風太郎', 1), ('倒敘', 1), ('方式', 1), ('劇情', 1), ('類型', 1), ('支持', 1), ('一線', 1), ('聲優', 1), ('花澤', 1), ('香菜', 1), ('彩奈', 1), ('伊藤美來', 1), ('佐倉綾音', 1), ('水瀨祈', 1), ('演出', 1), ('聲優迷', 1), ('動畫', 1), ('喚醒', 1), ('戀情', 1), ('記憶', 1), ('演唱', 1), ('主題曲', 1), ('等分', 1), ('軌跡', 1), ('花嫁', 1), ('女孩', 1), ('禮服', 1), ('表情', 1), ('畫面', 1), ('紀念', 1), ('數量', 1), ('寫真', 1), ('小卡', 1), ('外帶', 1), ('飲品', 1), ('杯墊', 1), ('款式', 1), ('檔期', 1), ('姊妹', 1), ('資料', 1), ('來源', 1), ('曼迪', 1), ('傳播', 1)]|0.9990578757128664|"內容目錄《五等分的新娘》為五胞胎美少女及男主角間的戀愛喜劇漫畫 | 青春戀愛喜劇《五等分的新娘》在台首度大型合作 | 5/1~5/5 五姊妹生日特企期間消費滿額可獲得 A3 紀念海報"
影集新聞_2024-03-30_46|2024-03-30|《蓋世豪俠》：重播兩百次還是要看！就算你自認周星馳迷，但也可能沒看過的周氏風格奠基關鍵|影集新聞|周星馳的作品往往具有他個人的鮮明特色，許多影迷不僅對他電影中的大量橋段無比熟悉，就連相關台詞也總是能立刻背出幾句。就算當下的喜劇橋段沒有他出現，你過去也不曾看過那部電影，但也還是極有可能從那個搞笑手法中，清楚辨識出那是不是一部與周星馳有關的作品。有趣的是，有些人認為，周星馳的搞笑風格源自幾個與他在早期時常合作的導演。例如以《賭聖》讓他一炮而紅的劉鎮偉，或是接連推出《賭俠》及《整人專家》的王晶，都是時常被人提到的例子。然而，這樣的說法看似合理，但要是你身為香港觀眾，或是以前就有看港劇的習慣，便會知道我們無比熟悉的周氏風格，大多還是源自周星馳自己本身，而且早在《賭聖》於無數觀眾心裡奠定他的無厘頭風格前，便能在那部電視劇中，看到一些後來時常在他電影中出現的搞笑手法。那部港劇，便是由周星馳首度擔任男主角，後來也由於他在隔年便憑《賭聖》爆紅，因此成為他至今唯一一部在電視連續劇中擔任第一男主角的作品——《蓋世豪俠》。內容目錄1988 年，在香港無線電視台熬了數年的周星馳，由於憑藉電影《霹靂先鋒》拿下金馬獎最佳男配角，因此搖身一變，成為電視台打算力捧的對象，這才有了 1989 年的《蓋世豪俠》一劇。而在《蓋世豪俠》裡，周星馳飾演的武林大幫掌門之子段飛，是個與絕大多數武俠劇主角相當不同的角色，雖然個性善良，但卻玩世不恭、膽小怕事，就連對武學也毫無興趣可言。因此，在全長三十集的《蓋世豪俠》中，他一直到二十集以後，才在武學上真正有所進展，否則在那之前，他還因為無意練了未臻完善的「極樂神功」，所以常常只是輕輕挨上常人一拳，便會立即陷入氣息全無的假死狀態。值得注意的是，雖然《蓋世豪俠》身為武俠喜劇，但其他演員的演出方式，大多數還是按傳統方式呈現，只有周星馳一人在當時便以誇張的漫畫風格來演繹主角，而他將現代市井小民的語氣套入古裝武俠劇的方式，也在香港引發一陣熱潮，使劇中主角的一些口頭禪，就此成為了當時香港的熱門流行語。不過，真正讓《蓋世豪俠》成為周星馳迷必看之作的主要原因，還是在於本劇完結篇的那一場高潮決戰。在那個段落中，周星馳的角色剪去了通常古裝片的一頭長髮，以現代感十足的短髮及綁著藍波式頭帶的造型現身。至於接下來他與吳鎮宇的決戰，則更是推翻了先前打鬥時的傳統嚴肅路線，轉而以全然喜劇的方式呈現，就連原本演出風格十分正經的吳鎮宇，也在那一段裡，像是提前演出了他日後在電影《正宗絕代雙驕》裡的角色一樣，帶來不亞於周星馳的誇張演繹。《蓋世豪俠》完結篇高潮決鬥戲：要是你已經看完了上面那個《蓋世豪俠》的決鬥段落，想必就會發現，後來他在《唐伯虎點秋香》或《功夫》等喜劇中，那些我們早已反覆看過無數遍的搞笑手法，其實早在《蓋世豪俠》的這個段落裡便已誕生，因此讓人想到《蓋世豪俠》的推出時間其實比《賭聖》還早時，便忍不住感到驚嘆不已。此外，在合作對象方面，《蓋世豪俠》在周星馳的作品中，也同樣具有十分重要的地位。首先，本劇除了是他與吳孟達第一次的主要合作外，像是他過往曾暗戀藍潔瑛，還有與羅慧娟那段感情這些直至今日，仍會被許多內容農場風格的文章或影片頻道提起的事情，也全都源自他們在《蓋世豪俠》中的合作。而這還只是幕前部份。事實上，《蓋世豪俠》除了是周星馳的電視代表作，同時也是本劇編導之一的李力持代表作，為他們在《唐伯虎點秋香》、《破壞之王》、《凌凌漆大戰金鎗客》、《食神》、《行運一條龍》、《喜劇之王》與《少林足球》等片中的合作，奠定了最初的基礎。就連《蓋世豪俠》那場決鬥戲，也是出自他們兩人討論後，決定要大賭一把的嘗試之舉。不過，或許身為周星馳影迷，過去也沒看過《蓋世豪俠》的你，可能會對這部劇集感到好奇，卻又不知要到哪裡觀賞。幸運的是，香港 TVB 電視台有將全套的《蓋世豪俠》，放至名為「TVB Drama 國語劇場」的 YouTube 頻道上。雖然上面的版本並非粵語發音，多少有些可惜，但對於想更了解周氏風格發展過程的影迷來說，同樣還是有著值得一看的價值，因此各位周星馳影迷們，可別輕易錯過了。《蓋世豪俠》全集：|https://news.agentm.tw/276654/|https://news.agentm.tw/wp-content/uploads/cover-1-2537-390x219.jpg|['周星馳', '作品', '特色', '影迷', '電影', '橋段', '台詞', '背出', '喜劇', '橋段', '電影', '可能', '手法', '辨識出', '周星馳', '作品', '周星馳', '風格', '導演', '賭聖', '劉鎮偉', '推出', '賭俠', '專家', '王晶', '例子', '說法', '香港', '觀眾', '港劇', '習慣', '周氏', '風格', '周星馳', '觀眾', '奠定', '風格', '電視劇', '電影', '手法', '港劇', '周星馳', '男主角', '賭聖', '電視', '連續', '主角', '作品', '世豪俠', '內容', '目錄', '香港', '電視台', '周星馳', '電影', '拿下', '馬獎', '配角', '電視台', '對象', '蓋世豪俠', '蓋世豪俠', '周星馳', '飾演', '武林', '大幫', '掌門', '段飛', '主角', '角色', '個性', '武學', '興趣', '蓋世豪俠', '武學', '進展', '神功', '常人', '氣息全無', '狀態', '蓋世豪俠', '喜劇', '演員', '演出', '方式', '方式', '周星馳', '漫畫', '風格', '演繹', '主角', '市井小民', '語氣', '套入', '武俠劇', '方式', '香港', '引發', '熱潮', '主角', '香港', '流行語', '蓋世豪俠', '周星馳', '原因', '完結篇', '高潮', '決戰', '段落', '周星馳', '角色', '古裝片', '現代感', '短髮', '藍波式', '頭帶', '造型', '吳鎮宇', '決戰', '推翻', '路線', '喜劇', '方式', '演出', '風格', '吳鎮宇', '演出', '電影', '正宗', '角色', '帶來', '周星馳', '世豪俠', '高潮', '決鬥戲', '看完', '蓋世豪俠', '段落', '唐伯虎點秋香', '功夫', '喜劇', '手法', '蓋世豪俠', '段落', '蓋世豪俠', '推出', '時間', '賭聖', '對象', '方面', '蓋世豪俠', '周星馳', '作品', '地位', '吳孟達', '藍潔瑛', '羅慧娟', '感情', '內容', '農場', '風格', '文章', '影片', '頻道', '事情', '蓋世豪俠', '事實', '蓋世豪俠', '周星馳', '電視', '代表作', '編導', '李力持', '代表', '唐伯', '秋香', '破壞', '凌凌漆', '行運', '喜劇', '少林', '足球', '奠定', '基礎', '蓋世豪俠', '決鬥戲', '嘗試', '影迷', '蓋世豪俠', '觀賞', '香港', '電視台', '蓋世豪俠', '國語', '劇場', '頻道', '版本', '粵語', '了解', '周氏', '風格', '發展', '過程', '影迷', '價值', '周星馳', '影迷', '蓋世豪俠']|[('蓋世豪俠', 15), ('周星馳', 14), ('風格', 7), ('電影', 5), ('喜劇', 5), ('香港', 5), ('作品', 4), ('影迷', 4), ('主角', 4), ('方式', 4), ('手法', 3), ('賭聖', 3), ('電視台', 3), ('角色', 3), ('演出', 3), ('段落', 3), ('橋段', 2), ('推出', 2), ('觀眾', 2), ('港劇', 2), ('周氏', 2), ('奠定', 2), ('電視', 2), ('世豪俠', 2), ('內容', 2), ('對象', 2), ('武學', 2), ('高潮', 2), ('決戰', 2), ('吳鎮宇', 2), ('決鬥戲', 2), ('頻道', 2), ('特色', 1), ('台詞', 1), ('背出', 1), ('可能', 1), ('辨識出', 1), ('導演', 1), ('劉鎮偉', 1), ('賭俠', 1), ('專家', 1), ('王晶', 1), ('例子', 1), ('說法', 1), ('習慣', 1), ('電視劇', 1), ('男主角', 1), ('連續', 1), ('目錄', 1), ('拿下', 1), ('馬獎', 1), ('配角', 1), ('飾演', 1), ('武林', 1), ('大幫', 1), ('掌門', 1), ('段飛', 1), ('個性', 1), ('興趣', 1), ('進展', 1), ('神功', 1), ('常人', 1), ('氣息全無', 1), ('狀態', 1), ('演員', 1), ('漫畫', 1), ('演繹', 1), ('市井小民', 1), ('語氣', 1), ('套入', 1), ('武俠劇', 1), ('引發', 1), ('熱潮', 1), ('流行語', 1), ('原因', 1), ('完結篇', 1), ('古裝片', 1), ('現代感', 1), ('短髮', 1), ('藍波式', 1), ('頭帶', 1), ('造型', 1), ('推翻', 1), ('路線', 1), ('正宗', 1), ('帶來', 1), ('看完', 1), ('唐伯虎點秋香', 1), ('功夫', 1), ('時間', 1), ('方面', 1), ('地位', 1), ('吳孟達', 1), ('藍潔瑛', 1), ('羅慧娟', 1), ('感情', 1), ('農場', 1), ('文章', 1), ('影片', 1), ('事情', 1), ('事實', 1), ('代表作', 1), ('編導', 1), ('李力持', 1), ('代表', 1), ('唐伯', 1), ('秋香', 1), ('破壞', 1), ('凌凌漆', 1), ('行運', 1), ('少林', 1), ('足球', 1), ('基礎', 1), ('嘗試', 1), ('觀賞', 1), ('國語', 1), ('劇場', 1), ('版本', 1), ('粵語', 1), ('了解', 1), ('發展', 1), ('過程', 1), ('價值', 1)]|1.0|"雖然《蓋世豪俠》身為武俠喜劇 | 《蓋世豪俠》在周星馳的作品中 | 《蓋世豪俠》除了是周星馳的電視代表作"
影集新聞_2024-03-29_47|2024-03-29|【劇評】門脇麥日劇《廚房的愛麗絲》: 精湛詮釋自閉症天才廚師，獻上一道道暖心料理|影集新聞|由人氣演員門脇麥領銜主演的 2024 年冬季日劇《廚房的愛麗絲》（厨房のありす），是一部以料理和化學為主軸，並且細膩地描繪親情、友情、愛情的溫馨作品。無論生活多麼艱辛，只要身邊有可以信賴、相互扶持的家人朋友，就有辦法度過各種難關。看著劇中角色慢慢變得堅強勇敢，觀眾也獲得滿滿的正能量。內容目錄開設小餐館的主角八重森愛麗絲（門脇麥 飾）是一位患有 ASD 自閉症類群障礙的天才廚師，她從小受到化學教授父親八重森心護（大森南朋 飾）的影響，熱衷於研究化學，因此能夠以驚人的記憶力和豐富的化學知識，替客人們量身打造出專屬的美味餐點。這樣的愛麗絲，口頭禪就是：「做菜是一種化學。」小餐館並沒有菜單，愛麗絲會聽取客人的喜好和身體狀況，根據他們當下的身心狀態來進行分析，設計最適合的菜單，製作出改善疲勞或者紓解壓力的健康料理，營養與美味同時兼顧到了，不僅溫暖大家的心，也滿足大家的味蕾。不過，愛麗絲無法與他人進行正常的溝通、害怕巨大聲響與強烈光線、討厭別人太靠近她、不能應付突發狀況、對於事物有自己的堅持與規矩等等。因為愛麗絲在接待客人方面容易引發糾紛，說出讓客人生氣的話，所以後來的外場接待工作，就交給愛麗絲的好朋友三澤和紗（前田敦子 飾）來負責。有孕在身的和紗即將去生產，擔心店裡忙不過來，因此急需招募外場新人，神秘的青年酒江倖生（永瀨廉 飾）適時出現，順利獲得愛麗絲的信賴，成為小餐館的新成員。倖生替愛麗絲的生活帶來巨大的改變，原本以為自己不可能談戀愛的愛麗絲，漸漸地被倖生的溫柔體貼所吸引……我覺得《廚房的愛麗絲》最令人驚喜的劇情設定，就是愛麗絲的養父心護是一位同志父親，劇中也常常有一對男同志情侶學生來找他商量感情的事情。這部日劇除了提到 ASD 自閉症，也呈現 LGBTQ 所面臨的困境，兩個少數族群所組成的家庭，堪稱多元成家的最佳典範。愛麗絲與心護之間的親子關係非常動人，可以從兩人的互動當中感受到溫暖的羈絆。心護原本在大型製藥公司五條製藥裡面進行研究，不過 25 年前因故離開五條製藥，前往大學的研究室任職，擔任有機化學的教授。身為同志的心護在 25 年前還收養了愛麗絲，對這個孩子付出無微不至的關心。溫和敦厚的性格讓他受到眾人的愛戴，是大家眼中的好爸爸。看似是療癒的家庭與美食劇，故事卻埋著懸疑的伏筆，心護對愛麗絲隱瞞了她的身世，也不告訴她親生父母的事情。愛麗絲隱約察覺自己跟五調製藥有關係，一直認為五條蒔子（木村多江 飾）就是拋棄自己的親生母親。雖然沒有血緣關係，愛麗絲卻從心護那裡獲得無私的愛，而且和紗的雙親、老公、孩子們也把愛麗絲當成家人看待。不僅愛麗絲的身世充滿謎團，倖生本身也藏著秘密，他竟然是心護的戀人十嶋晃生（竹財輝之助 飾）的兒子。倖生會來到小餐館打工，其實是想要向心護復仇，他認為是心護害父親走上自殺的絕路。只是，在暗中調查的過程中，倖生也不知不覺喜歡上愛麗絲了，於是兩個人決定一起面對上一代的情感糾葛，把殘酷的真相全都公諸於世。一切的恩恩怨怨是源自於五條製藥的研究室，當年的研究團隊當中有心護、晃生、蒔子，以及愛麗絲的親生父母－未知子（國仲涼子 飾）、誠士（萩原聖人 飾）。心護與晃生是一對同志戀人，後來晃生無法擺脫世俗的眼光和壓力，選擇跟普通女性結婚，因此有了倖生這個兒子。身為五條製藥千金的蒔子和未知子，姊妹倆同時愛上誠士，卻也被這個唯利是圖的負心漢給利用了。我很喜歡愛麗絲替客人烹調的料理，以及跟客人的有趣互動，也喜歡愛麗絲與心護、和紗一家人的深厚羈絆，當然還有愛麗絲和倖生的甜蜜發展，不過上一代的愛恨情仇就讓人感到煩躁，尤其反派角色誠士實在太礙眼了。或許是編劇想要強調，花時間所培養出來的真摯感情，遠起血緣關係還要重要吧！愛麗絲在最後一集說的話讓人格外動容：「誠士先生雖然是我的親生父親，我繼承你一半的 DNA，它以染色體形式存在於我的所有細胞核。另一方面，我的體內沒有一絲八重森心護的 DNA，但是自從他領養我之後，每天都很不熟練地做飯給我吃，總是樂於教我化學知識，還試圖拉攏和紗一家人來保護我……這 25 年來，他願意正視我，和我共同建立的這段關係，對我來說才是值得相信的。我只有八重森心護這個父親！」儘管《廚房的愛麗絲》故事內容不算是別出心裁，不過光看門脇麥的精湛演技就值得了！她演活善良又可愛的愛麗絲，以渾然天成的自然表演方式打動觀眾的心。愛麗絲在工作方面嚴謹踏實，有著不折不扣的職人精神；而在戀愛方面，她全心全意地喜歡著倖生，像孩子般純真無邪的傳達出自己的想法。以演技派站穩一席之地的門脇麥，有時候給人飄忽不定的感覺，有時候給人帶來強烈的衝擊性，神祕氣質更令人過目難忘。這次詮釋自閉症的天才廚師，相當具有挑戰性，還要背下大量夾雜著化學專有名詞的艱澀台詞，以及表現出自閉症患者特有的神情、手勢、動作，真是太令人佩服了！《廚房的愛麗絲》共有 10 集精采內容，台灣的觀眾目前可於中華電信 MOD、Hami Video 以及 KKTV 等平台線上收看。|https://news.agentm.tw/276631/|https://news.agentm.tw/wp-content/uploads/cover-1-2536-390x219.jpg|['人氣', '演員', '門脇麥', '領銜', '主演', '日劇', '廚房', '愛麗絲', '料理', '化學', '主軸', '描繪', '親情', '友情', '愛情', '作品', '生活', '身邊', '扶持', '家人', '朋友', '辦法', '難關', '角色', '觀眾', '能量', '內容', '目錄', '餐館', '主角', '八重森', '門脇麥 ', '自閉症', '類群', '障礙', '天才', '廚師', '化學', '教授', '父親', '八重森', '森南朋 ', '影響', '化學', '記憶力', '化學', '知識', '客人', '量身', '打造出', '愛麗絲', '口頭', '化學', '餐館', '菜單', '愛麗絲', '聽取', '客人', '身體', '狀況', '身心', '狀態', '進行', '分析', '設計', '菜單', '製作', '改善', '壓力', '料理', '營養', '美味', '兼顧到', '味蕾', '愛麗絲', '進行正常', '溝通', '聲響', '光線', '靠近', '應付', '狀況', '事物有', '規矩', '愛麗絲', '接待', '客人方面容', '引發', '糾紛', '客人', '外場', '工作', '愛麗絲', '好朋友', '三澤和紗', '敦子 ', '生產', '招募', '外場', '新人', '青年', '酒江', '倖生', '永瀨廉 飾', '愛麗絲', '小餐館', '成員', '愛麗絲', '生活', '帶來', '改變', '愛麗絲', '倖生', '廚房', '愛麗絲', '劇情', '設定', '愛麗絲', '養父', '心護', '同志', '父親', '志情侶', '學生', '感情', '事情', '日劇', '自閉症', '困境', '族群', '家庭', '典範', '愛麗絲', '心護', '親子', '關係', '羈絆', '心護', '大型', '公司', '進行', '離開', '大學', '研究室', '化學', '教授', '同志', ' 25 ', '收養', '愛麗絲', '孩子', '付出', '性格', '眾人', '爸爸', '療癒', '家庭', '美食劇', '故事', '埋著', '伏筆', '心護', '愛麗絲', '隱瞞', '身世', '父母', '事情', '愛麗絲', '五調製藥', '關係', '蒔子', '木村多江 飾', '拋棄自', '母親', '血緣', '關係', '愛麗絲', '雙親', '老公', '孩子', '愛麗絲', '家人', '看待', '愛麗絲', '身世', '謎團', '秘密', '心護', '戀人', '嶋晃生', '竹財輝之助 飾', '兒子', '倖生', '小餐館', '心護害', '父親', '絕路', '過程', '倖生', '愛麗絲', '面對', '情感', '糾葛', '真相', '恩恩怨', '研究室', '團隊', '心護', '蒔子', '愛麗絲', '父母', '仲涼子 飾', '誠士', '萩原聖人', '同志', '戀人', '擺脫', '世俗', '眼光', '壓力', '選擇', '女性', '兒子', '千金', '蒔子', '未知子', '誠士', '負心漢給', '利用', '愛麗絲', '客人', '烹調', '料理', '客人', '愛麗絲', '心護、和紗', '一家人', '愛麗絲', '倖生', '發展', '愛恨情仇就', '反派', '角色', '編劇', '花時', '感情', '愛麗', '誠士', '先生', '父親', '繼承', '染色體', '形式', '細胞', '方面', '八重森', '心護', '化學', '知識', '拉攏', '和紗一家人', '保護', '正視', '建立', '關係', '八重森', '心護', '父親', '廚房', '愛麗絲', '故事', '內容', '門脇麥', '演技', '愛麗絲', '自然', '表演', '方式', '觀眾', '愛麗絲', '工作', '方面', '精神', '方面', '倖生', '孩子', '傳達出', '想法', '演技派', '門脇麥', '感覺', '帶來', '衝擊性', '詮釋', '自閉症', '天才', '廚師', '挑戰性', '背下', '化學專有名詞', '表現出', '自閉症患者', '神情', '動作', '廚房', '愛麗絲', '內容', '台灣', '觀眾', '中華', '電信', '平台', '收看']|[('愛麗絲', 27), ('心護', 8), ('化學', 7), ('倖生', 6), ('父親', 5), ('客人', 5), ('廚房', 4), ('八重森', 4), ('關係', 4), ('門脇麥', 3), ('料理', 3), ('觀眾', 3), ('內容', 3), ('自閉症', 3), ('同志', 3), ('孩子', 3), ('蒔子', 3), ('誠士', 3), ('方面', 3), ('日劇', 2), ('生活', 2), ('家人', 2), ('角色', 2), ('餐館', 2), ('天才', 2), ('廚師', 2), ('教授', 2), ('知識', 2), ('菜單', 2), ('狀況', 2), ('進行', 2), ('壓力', 2), ('外場', 2), ('工作', 2), ('小餐館', 2), ('帶來', 2), ('感情', 2), ('事情', 2), ('家庭', 2), ('研究室', 2), ('故事', 2), ('身世', 2), ('父母', 2), ('戀人', 2), ('兒子', 2), ('人氣', 1), ('演員', 1), ('領銜', 1), ('主演', 1), ('主軸', 1), ('描繪', 1), ('親情', 1), ('友情', 1), ('愛情', 1), ('作品', 1), ('身邊', 1), ('扶持', 1), ('朋友', 1), ('辦法', 1), ('難關', 1), ('能量', 1), ('目錄', 1), ('主角', 1), ('門脇麥 ', 1), ('類群', 1), ('障礙', 1), ('森南朋 ', 1), ('影響', 1), ('記憶力', 1), ('量身', 1), ('打造出', 1), ('口頭', 1), ('聽取', 1), ('身體', 1), ('身心', 1), ('狀態', 1), ('分析', 1), ('設計', 1), ('製作', 1), ('改善', 1), ('營養', 1), ('美味', 1), ('兼顧到', 1), ('味蕾', 1), ('進行正常', 1), ('溝通', 1), ('聲響', 1), ('光線', 1), ('靠近', 1), ('應付', 1), ('事物有', 1), ('規矩', 1), ('接待', 1), ('客人方面容', 1), ('引發', 1), ('糾紛', 1), ('好朋友', 1), ('三澤和紗', 1), ('敦子 ', 1), ('生產', 1), ('招募', 1), ('新人', 1), ('青年', 1), ('酒江', 1), ('永瀨廉 飾', 1), ('成員', 1), ('改變', 1), ('劇情', 1), ('設定', 1), ('養父', 1), ('志情侶', 1), ('學生', 1), ('困境', 1), ('族群', 1), ('典範', 1), ('親子', 1), ('羈絆', 1), ('大型', 1), ('公司', 1), ('離開', 1), ('大學', 1), (' 25 ', 1), ('收養', 1), ('付出', 1), ('性格', 1), ('眾人', 1), ('爸爸', 1), ('療癒', 1), ('美食劇', 1), ('埋著', 1), ('伏筆', 1), ('隱瞞', 1), ('五調製藥', 1), ('木村多江 飾', 1), ('拋棄自', 1), ('母親', 1), ('血緣', 1), ('雙親', 1), ('老公', 1), ('看待', 1), ('謎團', 1), ('秘密', 1), ('嶋晃生', 1), ('竹財輝之助 飾', 1), ('心護害', 1), ('絕路', 1), ('過程', 1), ('面對', 1), ('情感', 1), ('糾葛', 1), ('真相', 1), ('恩恩怨', 1), ('團隊', 1), ('仲涼子 飾', 1), ('萩原聖人', 1), ('擺脫', 1), ('世俗', 1), ('眼光', 1), ('選擇', 1), ('女性', 1), ('千金', 1), ('未知子', 1), ('負心漢給', 1), ('利用', 1), ('烹調', 1), ('心護、和紗', 1), ('一家人', 1), ('發展', 1), ('愛恨情仇就', 1), ('反派', 1), ('編劇', 1), ('花時', 1), ('愛麗', 1), ('先生', 1), ('繼承', 1), ('染色體', 1), ('形式', 1), ('細胞', 1), ('拉攏', 1), ('和紗一家人', 1), ('保護', 1), ('正視', 1), ('建立', 1), ('演技', 1), ('自然', 1), ('表演', 1), ('方式', 1), ('精神', 1), ('傳達出', 1), ('想法', 1), ('演技派', 1), ('感覺', 1), ('衝擊性', 1), ('詮釋', 1), ('挑戰性', 1), ('背下', 1), ('化學專有名詞', 1), ('表現出', 1), ('自閉症患者', 1), ('神情', 1)]|1.0|"愛麗絲與心護之間的親子關係非常動人 | 愛麗絲在最後一集說的話讓人格外動容：「誠士先生雖然是我的親生父親 | 身為同志的心護在 25 年前還收養了愛麗絲"
影集新聞_2024-03-26_48|2024-03-26|【劇評】川榮李奈主演《隔壁的護佐姐姐》: 以為是熱血勵志的醫療職人劇，其實是令人戰慄的懸疑推理日劇？|影集新聞|2024 年冬季日劇《隔壁的護佐姐姐》（となりのナースエイド、另譯：天才醫生的護佐鄰居）改編自現役醫師知念實希人的同名小說，川榮李奈飾演的「照護輔佐員」將與高杉真宙飾演的「天才外科醫師」共同拯救患者的生命。表面上看起來像熱血勵志的醫療故事，可是卻令人越看越戰慄──原來這其實是一部找犯人的懸疑推理劇。內容目錄《隔壁的護佐姐姐》主角櫻庭澪（川榮李奈 飾）是一位性格積極樂觀的醫療宅女，也是崇拜明星醫師的迷妹。她被分配到星嶺大學醫學部附屬醫院的綜合外科擔任照護輔佐員（簡稱護佐），到職第一天就指揮外科醫師猿田彌彥（小手伸也 飾），並且提出醫療建議，因為一連串的脫序行為，就此被視為麻煩人物。澪的同事有溫柔資深的片岡晴美（水野美紀 飾）、笨拙內向的菊池相馬（矢本悠馬 飾）與毒舌傲嬌的小野夏芽（吉住 飾），她跟著三位護佐前輩一同學習繁雜的工作事項。不過，澪對病患的過度關心與照顧，也引起其他醫師和護理師的不滿，更讓同事們傷透腦筋。日劇《隔壁的護佐姐姐》劇照。護佐的工作是遵從護理師的指示，照顧病患的療養生活，舉凡餵食、處理排泄物、入浴、搬動身體、維持病房整潔、協助鋪床……等等，護佐就是打雜性質的身體勞動。此外，病患住院期間的心情時常很不穩定，護佐也要顧及他們的心理狀態。跟病患最親近的護佐，亦是最了解病患的人。雖然在人際關係方面不太順利，澪還是很開心來到星嶺，因為這裡有她最崇拜的天才外科醫師龍崎大河（高杉真宙 飾），他不僅受到教授火神郁男（古田新太 飾）的信賴，還擁有一流的手術技術。原本夢想跟崇拜的大河一起工作，沒想到對方竟然是冷漠無情、態度惡劣的醫師，更讓澪震驚的事情是，大河就住在她的隔壁！於是，被稱為「樂觀笨蛋」但有著不可告人祕密的新人護佐，遇上外冷內熱的天才醫師，看似水火不容的兩個人，慢慢擦出精彩的火花。他們在醫療最前線會遇到各式各樣棘手的問題，而且還有躲在暗處的「真兇」在偷偷觀察澪的一舉一動……日劇《隔壁的護佐姐姐》劇照。日劇總是可以找到新的職業來拍攝，即使是職場的無名英雄，也能夠成為故事裡面的主角。《隔壁的護佐姐姐》就解鎖照護輔佐員這個辛苦的職業，從他們的視角來一窺醫護前線的大小事，鮮明如實地呈現出護佐的工作樣貌，觀眾因此對這一行有更加深入的了解與認識。剛開始看第一集的時候，我會覺得澪有太多白目的地方，居然大膽指揮醫生、干預治療、闖進手術室等等，她的脫序行為看在大河的眼裡，卻有不同的解讀方式，並且立刻就發現澪跟其他護佐的差異之處。澪的真實身分曝光之後，大家才知道她也是優秀的外科醫師，而且一心一意想要拯救患者。相較於劇情嚴謹的醫療劇，《隔壁的護佐姐姐》走的是漫改風的浮誇路線，主軸其實是澪想要知道姊姊櫻庭唯（成海璃子 飾）為什麼走上絕路。本來澪認為是自己逼死姊姊，後來發現姊姊的死因並不單純，應該是被人殺害。因此，她與大河開始抽絲剝繭，想要從線索當中找出真正的凶手，幾乎人人都有嫌疑，觀眾也看得膽戰心驚，害怕澪會有生命危險。日劇《隔壁的護佐姐姐》劇照。《隔壁的護佐姐姐》雖然有很多不合理的地方，我還是覺得越看越有趣，顛覆套路的劇情發展格外的引人入勝。就算找川榮李奈和高杉真宙這對高顏值的組合來共演，也可以不走戀愛喜劇路線，彼此之間是相互扶持與療傷的好夥伴。男女主角之間並沒有戀愛火花，但是身邊的人都擅自把他們湊成一對，真的很爆笑。另外，劇中有三位極富喜感的優秀配角，每次都很期待他們出現，分別是飾演毒舌護佐小野夏芽的吉住、飾演廢柴外科醫師猿田彌彥的小手伸也、苦苦單戀男主角的教授千金火神玲香則由瀧本美織來扮演，這三人的存在感超強！日劇《隔壁的護佐姐姐》劇照。身為搞笑藝人的吉住，不愧曾獲得「第 4 回女藝人 No.1 決定戰 THE W 王者」的肯定，舉手投足皆是笑點，把渾然天成的搞笑功力融入到劇情裡面，她所飾演的夏芽各種吐槽和犀利發言，真的太精采了。編劇甚至認為夏芽在《隔壁的護佐姐姐》的重要性，就跟《VIVANT》的多拉姆一樣，是負責吸睛的吉祥物。小手伸也與扮演護理師的織田梨沙同框，應該會讓觀眾聯想到《信用詐欺師 JP》，我不禁懷疑這兩人是偽裝的醫護人員。猿田醫生不僅醫術差，嘴巴也很壞，不過當他想搞破壞的時候，總是會以失敗收場，成為本劇最大的丑角。真正的凶手雖然是火神教授，可是他都讓猿田醫生來背黑鍋、扮黑臉。越來越漂亮的瀧本美織非常適合演這種霸氣十足又自信滿滿的大小姐，她當眾告白的那場戲實在很經典。瀧本美織從元氣少女，逐漸蛻變為成熟御姊，散發出來的氣質與風采，令人著迷不已。雖然玲香是以情敵的身分登場，卻完全沒有威脅性，而且還特別的討喜可愛，我好喜歡看澪和玲香的互動。日劇《隔壁的護佐姐姐》劇照。《隔壁的護佐姐姐》裡面讓醫師們聞之色變的恐怖疾病「SMMNS」，以及火神教授花費畢生心血投入與研發的「OOHMS」不斷出現，成為貫穿全劇的重要元素，看到後面難免感到疲乏，不過編劇刻意留下伏筆，或許是電視台打算拍攝續集，看來澪與大河的奮鬥之路還要繼續下去。日劇《隔壁的護佐姐姐》劇照。《隔壁的護佐姐姐》共有 10 集精采內容，台灣的觀眾目前可於中華電信 MOD、Hami Video 以及 KKTV 等平台線上收看。|https://news.agentm.tw/276094/|https://news.agentm.tw/wp-content/uploads/未命名設計-67-390x213.png|['日劇', '隔壁', '護佐', '姐姐', '天才', '醫生', '護佐', '鄰居', '改編', '醫師', '實希', '小說', '川榮李奈', '飾演', '照護', '輔佐員', '高杉真宙', '飾演', '外科', '醫師', '拯救', '患者', '生命', '表面', '熱血', '醫療', '故事', '看越', '犯人', '推理', '內容', '目錄', '隔壁', '護佐', '姐姐', '主角', '櫻庭澪', '川榮李奈 ', '性格', '醫療', '宅女', '明星', '醫師', '迷妹', '分配到', '星嶺', '大學', '醫學部', '醫院', '外科', '照護', '輔佐員', '護佐', '外科', '醫師', '猿田彌彥', '提出', '建議', '行為', '人物', '同事', '片岡晴美', '水野美紀 飾', '菊池相馬', '吉住 飾', '護佐', '前輩', '學習', '工作', '事項', '病患', '照顧', '引起', '醫師', '護理師', '同事', '日劇', '隔壁', '護佐姐姐', '劇照', '護佐', '工作', '遵從', '護理師', '指示', '病患', '生活', '餵食', '處理', '排泄物', '身體', '病房', '協助', '護佐', '打雜性質', '身體', '勞動', '病患', '心情', '護佐', '心理', '狀態', '病患', '護佐', '了解', '病患', '人際', '關係', '方面', '星嶺', '天才', '外科', '醫師', '龍崎大河', '高杉真宙 飾', '教授', '火神郁男', '古田新太 ', '手術', '技術', '夢想', '態度', '醫師', '事情', '隔壁', '笨蛋', '祕密', '新人', '護佐', '遇上', '外冷內熱', '天才', '醫師', '水火', '擦出', '火花', '醫療', '遇到', '問題', '暗處', '偷觀察澪', '日劇', '隔壁', '護佐', '姐姐', '劇照', '日劇', '找到', '職業', '拍攝', '職場', '故事', '主角', '隔壁', '護佐姐姐', '解鎖照護', '輔佐員', '職業', '視角', '大小事', '護佐', '工作', '樣貌', '觀眾', '時候', '地方', '干預治療', '手術室', '行為看', '解讀', '方式', '差異', '身分', '外科', '醫師', '拯救', '患者', '劇情', '醫療劇', '隔壁', '護佐', '姐姐', '路線', '主軸', '姊姊', '櫻庭唯', '海璃子 ', '絕路', '逼死', '姊姊', '姊姊', '死因', '殺害', '線索', '找出', '凶手', '人人', '嫌疑', '觀眾', '生命', '日劇', '隔壁', '護佐', '姐姐', '劇照', '隔壁', '護佐', '姐姐', '地方', '顛覆', '套路', '劇情', '川榮李奈', '高杉真宙', '高顏值', '組合', '喜劇', '路線', '扶持', '夥伴', '男女', '主角', '身邊', '喜感', '配角', '飾演', '飾演', '醫師', '猿田彌彥', '男主角', '教授', '千金火神玲香', '瀧本美織來', '扮演', '存在感', '日劇', '隔壁', '護佐', '姐姐', '劇照', '藝人', '藝人', '決定戰', '舉手投足', '笑點', '功力', '融入到', '劇情', '飾演', '吐槽', '編劇', '夏芽', '隔壁', '護佐', '姐姐', '重要性', '多拉姆', '吉祥物', '扮演', '護理師', '觀眾', '詐欺師', '偽裝', '人員', '猿田', '醫生', '醫術', '嘴巴', '破壞', '時候', '丑角', '凶手', '火神', '教授', '猿田醫', '黑鍋', '瀧本美織', '霸氣', '小姐', '告白', '瀧本美織從', '元氣', '少女', '御姊', '散發出來', '氣質', '風采', '玲香', '情敵', '威脅性', '玲香', '日劇', '隔壁', '護佐姐姐', '劇照', '隔壁', '護佐姐姐', '們聞之色變', '疾病', '火神教授', '花費畢生', '心血', '投入與', '研發', '貫穿', '元素', '留下', '伏筆', '電視台', '拍攝', '續集', '日劇', '隔壁', '護佐', '姐姐', '劇照', '隔壁', '護佐', '姐姐', '內容', '台灣', '觀眾', '中華', '電信', '平台線上', '收看']|[('護佐', 19), ('隔壁', 15), ('姐姐', 10), ('醫師', 10), ('日劇', 8), ('劇照', 6), ('飾演', 5), ('外科', 5), ('病患', 5), ('護佐姐姐', 4), ('觀眾', 4), ('天才', 3), ('輔佐員', 3), ('醫療', 3), ('主角', 3), ('工作', 3), ('護理師', 3), ('教授', 3), ('劇情', 3), ('姊姊', 3), ('醫生', 2), ('川榮李奈', 2), ('照護', 2), ('高杉真宙', 2), ('拯救', 2), ('患者', 2), ('生命', 2), ('故事', 2), ('內容', 2), ('星嶺', 2), ('猿田彌彥', 2), ('同事', 2), ('身體', 2), ('職業', 2), ('拍攝', 2), ('時候', 2), ('地方', 2), ('路線', 2), ('凶手', 2), ('扮演', 2), ('藝人', 2), ('玲香', 2), ('鄰居', 1), ('改編', 1), ('實希', 1), ('小說', 1), ('表面', 1), ('熱血', 1), ('看越', 1), ('犯人', 1), ('推理', 1), ('目錄', 1), ('櫻庭澪', 1), ('川榮李奈 ', 1), ('性格', 1), ('宅女', 1), ('明星', 1), ('迷妹', 1), ('分配到', 1), ('大學', 1), ('醫學部', 1), ('醫院', 1), ('提出', 1), ('建議', 1), ('行為', 1), ('人物', 1), ('片岡晴美', 1), ('水野美紀 飾', 1), ('菊池相馬', 1), ('吉住 飾', 1), ('前輩', 1), ('學習', 1), ('事項', 1), ('照顧', 1), ('引起', 1), ('遵從', 1), ('指示', 1), ('生活', 1), ('餵食', 1), ('處理', 1), ('排泄物', 1), ('病房', 1), ('協助', 1), ('打雜性質', 1), ('勞動', 1), ('心情', 1), ('心理', 1), ('狀態', 1), ('了解', 1), ('人際', 1), ('關係', 1), ('方面', 1), ('龍崎大河', 1), ('高杉真宙 飾', 1), ('火神郁男', 1), ('古田新太 ', 1), ('手術', 1), ('技術', 1), ('夢想', 1), ('態度', 1), ('事情', 1), ('笨蛋', 1), ('祕密', 1), ('新人', 1), ('遇上', 1), ('外冷內熱', 1), ('水火', 1), ('擦出', 1), ('火花', 1), ('遇到', 1), ('問題', 1), ('暗處', 1), ('偷觀察澪', 1), ('找到', 1), ('職場', 1), ('解鎖照護', 1), ('視角', 1), ('大小事', 1), ('樣貌', 1), ('干預治療', 1), ('手術室', 1), ('行為看', 1), ('解讀', 1), ('方式', 1), ('差異', 1), ('身分', 1), ('醫療劇', 1), ('主軸', 1), ('櫻庭唯', 1), ('海璃子 ', 1), ('絕路', 1), ('逼死', 1), ('死因', 1), ('殺害', 1), ('線索', 1), ('找出', 1), ('人人', 1), ('嫌疑', 1), ('顛覆', 1), ('套路', 1), ('高顏值', 1), ('組合', 1), ('喜劇', 1), ('扶持', 1), ('夥伴', 1), ('男女', 1), ('身邊', 1), ('喜感', 1), ('配角', 1), ('男主角', 1), ('千金火神玲香', 1), ('瀧本美織來', 1), ('存在感', 1), ('決定戰', 1), ('舉手投足', 1), ('笑點', 1), ('功力', 1), ('融入到', 1), ('吐槽', 1), ('編劇', 1), ('夏芽', 1), ('重要性', 1), ('多拉姆', 1), ('吉祥物', 1), ('詐欺師', 1), ('偽裝', 1), ('人員', 1), ('猿田', 1), ('醫術', 1), ('嘴巴', 1), ('破壞', 1), ('丑角', 1), ('火神', 1), ('猿田醫', 1), ('黑鍋', 1), ('瀧本美織', 1), ('霸氣', 1), ('小姐', 1), ('告白', 1), ('瀧本美織從', 1), ('元氣', 1), ('少女', 1), ('御姊', 1), ('散發出來', 1), ('氣質', 1), ('風采', 1), ('情敵', 1), ('威脅性', 1), ('們聞之色變', 1), ('疾病', 1), ('火神教授', 1), ('花費畢生', 1), ('心血', 1), ('投入與', 1), ('研發', 1), ('貫穿', 1), ('元素', 1), ('留下', 1), ('伏筆', 1), ('電視台', 1)]|9.658940314238862e-13|"日劇《隔壁的護佐姐姐》劇照 | 日劇《隔壁的護佐姐姐》劇照 | 日劇《隔壁的護佐姐姐》劇照"
影集新聞_2024-03-25_49|2024-03-25|【劇評】Netflix《3 體》：符合西方語境的大幅魔改，高維對低維的衝擊與輾壓|影集新聞|做為連續獲得銀河獎、雨果獎等多項殊榮的作品，劉慈欣的《三體》三部曲系列小說一直有大量的科幻迷熱烈追捧，影視化的進度也持續受到關注。繼 22 年的動畫影集、23 年騰訊版華語劇集之後，Netflix 版本的真人影集《3 體》第一季也在這個月上架了。《3 體》正式預告：內容目錄《3 體》第一季劇情的主要架構來自小說第一部〈地球往事〉，同時融合第二部〈黑暗森林〉及第三部〈死神永生〉的人物和部分情節。製作及開發由《冰與火之歌：權力遊戲》的主創大衛班紐夫及 D·B·魏斯主創，原作者劉慈欣、以及英文版譯者劉宇昆，也列名共同編劇及製作顧問。導演群則有曾國祥、安德魯史坦頓、敏琪斯派羅、傑瑞米波德斯瓦等人。第一季的劇情線集中在被稱為「牛津五傑」的幾位專精物理、數學、材料科學等領域的五位年輕男女身上。由於近期有多位極負盛名的科學家，以各種匪夷所思的方式結束生命；全球各地的粒子加速器進行中的實驗，幾乎同時以不明原因全數失敗，導致全世界的基礎科學即將毀於一旦，引來聯合國及各國高層的重視。這五名年輕科學家出於自願或非自願，即將負擔起挽救人類、抵禦未知的外星聞明的侵略。※以下內容可能包含劇透、成人議題以及個人主觀論述，請斟酌閱覽※如前段所述，網飛版本大量精簡了小說的細緻敘事，提前挪用了原本在續作中才會出場的人物及相關劇情線；還進一步更動了部分人物的背景設定，以及角色之間的人際關係，所以在往下介紹之前，這邊先概略整理一下 Netflix 版本的主角群、與原作小說的對照。其他還有一些角色也做了變動，不過大致不影響主要劇情線，所以暫時不加入列表。對於經典文本的影視改編，基本是兩條選擇路徑：一是還原小說裡到底寫了些什麼？說是照本宣科也行；二是呈現小說到底想說什麼？這條路徑可以自由發揮的空間比較大，但萬一不幸超譯誤譯或穿鑿附會了，風險也是很大。去年的騰訊版《三體》顯然就是選擇走前者，適度添加了擴充劇情方便觀眾理解；這次 Netflix 版本明確是走了後者，同樣是小說第一部，騰訊拍出了三十集（最近推出的重製版修為廿六集），網飛明明還挪用了後面的劇情、卻只拍出精簡的八集，到底哪一邊才是最優解？Netflix 版本的《3 體》更動可以說是「大刀闊斧」，小說第一到第三部的要角全都一次性（甚至是全部擠在第一集）出場。這種做法相當符合好萊塢的主流劇作理論──無論好人壞人，只要是主角就得在第一幕登場。所以包含牛津五傑、ETO 組織、甚至是智子的的擬態人物都齊刷刷出場。往好處說，角色出場代表事件也出場，劇情推進節奏自然也提早了，敘事的效率當然會提高；但是為了讓角色接連出場而添加的人際／戀愛關係，也不免把原本恢弘史詩的宇宙紛亂，搞得還不如這幾個毛孩子愛來恨去的小打小鬧。同樣的弊病也發生在反派 ETO 組織這一邊，精神導師葉文潔被加上了和白沐霖、伊文思前後發生了肉體關係。人有七情六欲是常態，但葉文潔在故事裡是反人類一方（也被戲稱是三體帶路黨）的神壇象徵，一但神性被世俗掩蓋，角色就崩了；另加一筆她在知悉伊文思與三體文明的對話錄音後，赫然發現自己不過是三體人用過即丟的免洗筷，轉頭就約索爾見面想將功折罪，反而顯得這角色不夠聰明。此外，ETO 的內鬥在小說裡是重要情節，用以嘲諷西方社會的白左沙文主義，整塊拿掉不要看似是為了加快劇情進度，但深究下去也不免有迴避主旋律之嫌，說起來跟騰訊版跳過步拍文革劇情也不過是異曲同工。雖說原著小說走的是科幻驚悚、還帶一點點懸疑推理的後現代路線，但是整個故事看下來很容易可以理解作者真正想說些什麼──文明的「先進」與否看的不是科技層面的技術高低，而是思想上的成熟與全面。三體之於地球，洽如同上上個世紀歐美列強挾著船堅炮利，在亞洲各國肆意攻城掠地予取予求，將有色族裔大肆屠戮剝削。但，優勢不會永遠維持，科技總有漏洞，就像小說中以蝗蟲為例的辯證。總體來講，《3 體》成品本身就是實現了一次小說裡像說的那種「高維文明的傲慢」；但如果單獨就一部影集來評論，基本上也是一部相當成功的改編作品，最起碼的做到了「敘事有序，立論有節」；即便是經過西方語境的魔改，換個角度看，又何嘗不是一次對華語科幻鉅著的成功推廣呢？|https://news.agentm.tw/276374/|https://news.agentm.tw/wp-content/uploads/未命名設計-69-e1711364736280-390x213.png|['銀河獎', '雨果獎', '殊榮', '作品', '劉慈欣', '三體', '三部曲', '系列', '小說', '追捧', '進度', '動畫影集', '騰訊版', '華語', '劇集', '版本', '真人', '影集', '內容', '目錄', '劇情', '架構', '地球', '往事', '融合', '森林', '死神', '人物', '情節', '製作', '開發', '權力', '遊戲', '主創', '大衛班紐夫', '魏斯主創', '劉慈欣', '英文版', '譯者', '劉宇昆', '編劇', '顧問', '導演群', '曾國祥', '安德魯史坦頓', '琪斯派羅', '米波德斯瓦', '劇情線', '集中', '牛津', '物理', '數學', '材料', '科學', '領域', '男女', '盛名', '科學家', '方式', '生命', '全球', '粒子', '加速器', '進行', '實驗', '原因', '世界', '科學', '引來', '聯合國', '高層', '科學家', '負擔', '挽救', '抵禦', '內容', '成人', '議題', '人主', '論述', '斟酌', '網飛', '版本', '小說', '挪用', '人物', '劇情線', '人物', '背景', '角色', '人際', '關係', '整理', '版本', '主角群', '原作', '小說', '角色', '影響', '劇情線', '加入', '列表', '經典', '文本', '影視', '改編', '基本', '選擇', '路徑', '小說', '路徑', '空間', '誤譯', '附會', '風險', '騰訊版', '三體', '選擇', '添加', '擴充', '情方', '觀眾', '版本', '小說', '拍出', '推出', '重製版', '網飛明明', '挪用', '劇情', '拍出', '版本', '小說', '要角', '做法', '好萊', '主流', '劇作', '理論', '好人', '壞人', '主角', '牛津', '五傑', '組織', '智子', '擬態人物', '刷刷', '好處', '角色', '代表', '事件', '劇情', '節奏', '效率', '提高', '角色', '添加', '人際', '關係', '史詩', '宇宙', '孩子', '弊病', '反派', '組織', '精神', '導師', '葉文潔', '加上', '白沐霖', '伊文思', '肉體', '關係', '七情', '常態', '葉文潔', '故事', '反人類一方', '三體', '帶路黨', '神壇', '象徵', '神性', '世俗', '掩蓋', '角色', '伊文思', '三體', '文明', '三體', '用過', '角色', '小說', '情節', '嘲諷', '社會', '主義', '拿掉', '劇情', '進度', '深究', '旋律', '騰訊版', '文革', '劇情', '曲同工', '原著小說', '推理', '後現代', '路線', '故事', '作者', '先進', '科技', '層面', '技術', '思想', '三體之於', '地球', '上上', '世紀', '歐美列', '船堅炮利', '亞洲', '有色', '族裔', '屠戮', '剝削', '優勢', '科技', '漏洞', '小說', '蝗蟲', '總體', '成品', '實現', '小說', '文明', '影集', '評論', '基本', '作品', '語境', '魔改', '角度', '華語', '鉅著', '推廣']|[('小說', 9), ('角色', 6), ('三體', 5), ('版本', 5), ('劇情', 5), ('騰訊版', 3), ('人物', 3), ('劇情線', 3), ('關係', 3), ('作品', 2), ('劉慈欣', 2), ('進度', 2), ('華語', 2), ('影集', 2), ('內容', 2), ('地球', 2), ('情節', 2), ('牛津', 2), ('科學', 2), ('科學家', 2), ('挪用', 2), ('人際', 2), ('基本', 2), ('選擇', 2), ('路徑', 2), ('添加', 2), ('拍出', 2), ('組織', 2), ('葉文潔', 2), ('伊文思', 2), ('故事', 2), ('文明', 2), ('科技', 2), ('銀河獎', 1), ('雨果獎', 1), ('殊榮', 1), ('三部曲', 1), ('系列', 1), ('追捧', 1), ('動畫影集', 1), ('劇集', 1), ('真人', 1), ('目錄', 1), ('架構', 1), ('往事', 1), ('融合', 1), ('森林', 1), ('死神', 1), ('製作', 1), ('開發', 1), ('權力', 1), ('遊戲', 1), ('主創', 1), ('大衛班紐夫', 1), ('魏斯主創', 1), ('英文版', 1), ('譯者', 1), ('劉宇昆', 1), ('編劇', 1), ('顧問', 1), ('導演群', 1), ('曾國祥', 1), ('安德魯史坦頓', 1), ('琪斯派羅', 1), ('米波德斯瓦', 1), ('集中', 1), ('物理', 1), ('數學', 1), ('材料', 1), ('領域', 1), ('男女', 1), ('盛名', 1), ('方式', 1), ('生命', 1), ('全球', 1), ('粒子', 1), ('加速器', 1), ('進行', 1), ('實驗', 1), ('原因', 1), ('世界', 1), ('引來', 1), ('聯合國', 1), ('高層', 1), ('負擔', 1), ('挽救', 1), ('抵禦', 1), ('成人', 1), ('議題', 1), ('人主', 1), ('論述', 1), ('斟酌', 1), ('網飛', 1), ('背景', 1), ('整理', 1), ('主角群', 1), ('原作', 1), ('影響', 1), ('加入', 1), ('列表', 1), ('經典', 1), ('文本', 1), ('影視', 1), ('改編', 1), ('空間', 1), ('誤譯', 1), ('附會', 1), ('風險', 1), ('擴充', 1), ('情方', 1), ('觀眾', 1), ('推出', 1), ('重製版', 1), ('網飛明明', 1), ('要角', 1), ('做法', 1), ('好萊', 1), ('主流', 1), ('劇作', 1), ('理論', 1), ('好人', 1), ('壞人', 1), ('主角', 1), ('五傑', 1), ('智子', 1), ('擬態人物', 1), ('刷刷', 1), ('好處', 1), ('代表', 1), ('事件', 1), ('節奏', 1), ('效率', 1), ('提高', 1), ('史詩', 1), ('宇宙', 1), ('孩子', 1), ('弊病', 1), ('反派', 1), ('精神', 1), ('導師', 1), ('加上', 1), ('白沐霖', 1), ('肉體', 1), ('七情', 1), ('常態', 1), ('反人類一方', 1), ('帶路黨', 1), ('神壇', 1), ('象徵', 1), ('神性', 1), ('世俗', 1), ('掩蓋', 1), ('用過', 1), ('嘲諷', 1), ('社會', 1), ('主義', 1), ('拿掉', 1), ('深究', 1), ('旋律', 1), ('文革', 1), ('曲同工', 1), ('原著小說', 1), ('推理', 1), ('後現代', 1), ('路線', 1), ('作者', 1), ('先進', 1), ('層面', 1), ('技術', 1), ('思想', 1), ('三體之於', 1), ('上上', 1), ('世紀', 1), ('歐美列', 1), ('船堅炮利', 1), ('亞洲', 1), ('有色', 1), ('族裔', 1), ('屠戮', 1), ('剝削', 1), ('優勢', 1), ('漏洞', 1), ('蝗蟲', 1), ('總體', 1), ('成品', 1), ('實現', 1), ('評論', 1), ('語境', 1), ('魔改', 1), ('角度', 1), ('鉅著', 1), ('推廣', 1)]|1.7180237232850002e-09|"《3 體》正式預告：內容目錄《3 體》第一季劇情的主要架構來自小說第一部〈地球往事〉 | 但是整個故事看下來很容易可以理解作者真正想說些什麼──文明的「先進」與否看的不是科技層面的技術高低 | Netflix 版本的真人影集《3 體》第一季也在這個月上架了"
影集新聞_2024-03-25_50|2024-03-25|柯林法洛打包票：DC《企鵝人》影集將會「不可思議的暴力！」|影集新聞|《企鵝人》影集版的首支預告片正式公開後，柯林法洛也揭露這部全新 DC 外傳影集的暴力程度。《企鵝人》影集衍伸自麥特李維斯於 2022 年執導的電影《蝙蝠俠》，講述 DC 經典反派「企鵝人」奧斯華柯波帕的故事，預計將會在今年內登上 Max 平台。最近為宣傳 Apple TV+ 影集系列《謎探休格》而接受《MovieZine》網站的訪談時，柯林法洛就被問到，粉絲能夠期待在《企鵝人》中看到什麼樣的風格。柯林法洛表示：「這部影集會很黑暗，我可以這樣跟你們說。這會很黑暗、很沉重，我想——這部影集絕對會呈現出這種風格。並不是說我沒有享受到樂趣，整個拍攝期間都是美好的時光。影集真的會非常暴力。《企鵝人》關於一個人朝著他夢寐以求的一切向上爬，也就是某種權力和社會地位。卡麥法爾康尼在《蝙蝠俠》電影結局中的死亡，導致高譚市陷入了一種真空狀態，許多人試圖篡奪那種權位，而這部影集就是奧斯華試圖排除各種障礙攀上高位的旅程。」最新公開的《企鵝人》影集預告片確實充滿著濃厚的火爆風格，從頭到尾都能看到各種爆破和武器，許多都是由奧斯華本人所使用。預告片也透過一段獨白暗示了奧斯華對於權力的渴望，而暴力絕對是他為了達成目標將會使用的主要手段。除了去年以《伊尼舍林的女妖》入圍奧斯卡的柯林法洛之外，這部影集也集結了一個相當堅強的卡司陣容，像是《追愛總動員》的克莉絲汀米利歐提就飾演了卡麥的女兒蘇菲亞法爾康尼，同時也是奧斯華奪權的最大阻礙。《V世代》的克藍西布朗以及《紙牌屋》的麥可凱利則分別飾演了敵對幫派成員薩爾馬洛尼以及強尼維提。其他參與演員還包含了麥可澤根、蘭斯菲利斯、西奧羅西、卡門艾喬格以及弗朗索瓦周等。詹姆士岡恩以及彼得沙佛朗聯合主導了即將到來的全新 DC 宇宙，而他們也常常談到這個全新宇宙即將到來的計劃，像是《超人》以及《生物突擊隊》等。除了主要的 DC 宇宙系列之外，兩位主創也表明了多部 DC 作品將會屬於所謂的「外部世界」(Elseworlds)，其中包含了動畫系列《少年泰坦GO》、瓦昆菲尼克斯主演的《小丑》系列，至於麥特李維斯版的《蝙蝠俠》也將會自成一個獨立的宇宙，而《企鵝人》就是那部電影的衍伸外傳影集。《企鵝人》將會在今年年底登上 Max 平台。|https://news.agentm.tw/276263/|https://news.agentm.tw/wp-content/uploads/a-11-390x219.jpg|['企鵝人', '影集版', '柯林法洛', '揭露', '影集', '暴力', '程度', '企鵝人', '影集', '衍伸', '麥特李維斯', '執導', '電影', '蝙蝠俠', '經典', '反派', '企鵝人', '奧斯華', '柯波帕', '故事', '平台', '宣傳', '影集', '系列', '謎探', '休格', '接受', '網站', '訪談', '柯林法洛', '粉絲', '企鵝人', '風格', '柯林法洛', '影集', '影集', '風格', '樂趣', '拍攝期間', '時光', '影集', '企鵝人', '權力', '社會', '地位', '卡麥法爾康尼', '蝙蝠俠', '電影', '結局', '高譚市', '真空', '狀態', '篡奪', '權位', '影集', '奧斯華', '排除', '障礙', '高位', '旅程', '企鵝人', '影集', '預告片', '風格', '武器', '奧斯華', '使用', '預告片', '奧斯華', '權力', '渴望', '暴力', '達成', '目標', '使用', '伊尼舍林', '女妖', '奧斯卡', '柯林法洛', '影集', '卡司', '陣容', '追愛', '總動員', '克莉絲汀米利歐提', '飾演', '卡麥', '女兒', '蘇菲亞', '法爾康尼', '奪權', '克藍西布朗', '紙牌屋', '麥可凱利', '飾演', '幫派', '成員', '薩爾馬洛尼', '參與', '演員', '麥可澤根', '蘭斯菲利斯', '西奧羅西', '卡門艾喬格', '弗朗索瓦周', '詹姆士岡恩', '彼得沙佛朗', '主導', '宇宙', '宇宙', '計劃', '超人', '生物', '突擊隊', '宇宙', '系列', '主創', '作品', '世界', '動畫', '系列', '少年', '泰坦GO', '瓦昆菲尼克斯', '主演', '小丑', '系列', '麥特李維斯版', '蝙蝠俠', '宇宙', '企鵝人', '電影', '衍伸', '外傳', '影集', '企鵝人']|[('影集', 10), ('企鵝人', 8), ('柯林法洛', 4), ('奧斯華', 4), ('系列', 4), ('宇宙', 4), ('電影', 3), ('蝙蝠俠', 3), ('風格', 3), ('暴力', 2), ('衍伸', 2), ('權力', 2), ('預告片', 2), ('使用', 2), ('飾演', 2), ('影集版', 1), ('揭露', 1), ('程度', 1), ('麥特李維斯', 1), ('執導', 1), ('經典', 1), ('反派', 1), ('柯波帕', 1), ('故事', 1), ('平台', 1), ('宣傳', 1), ('謎探', 1), ('休格', 1), ('接受', 1), ('網站', 1), ('訪談', 1), ('粉絲', 1), ('樂趣', 1), ('拍攝期間', 1), ('時光', 1), ('社會', 1), ('地位', 1), ('卡麥法爾康尼', 1), ('結局', 1), ('高譚市', 1), ('真空', 1), ('狀態', 1), ('篡奪', 1), ('權位', 1), ('排除', 1), ('障礙', 1), ('高位', 1), ('旅程', 1), ('武器', 1), ('渴望', 1), ('達成', 1), ('目標', 1), ('伊尼舍林', 1), ('女妖', 1), ('奧斯卡', 1), ('卡司', 1), ('陣容', 1), ('追愛', 1), ('總動員', 1), ('克莉絲汀米利歐提', 1), ('卡麥', 1), ('女兒', 1), ('蘇菲亞', 1), ('法爾康尼', 1), ('奪權', 1), ('克藍西布朗', 1), ('紙牌屋', 1), ('麥可凱利', 1), ('幫派', 1), ('成員', 1), ('薩爾馬洛尼', 1), ('參與', 1), ('演員', 1), ('麥可澤根', 1), ('蘭斯菲利斯', 1), ('西奧羅西', 1), ('卡門艾喬格', 1), ('弗朗索瓦周', 1), ('詹姆士岡恩', 1), ('彼得沙佛朗', 1), ('主導', 1), ('計劃', 1), ('超人', 1), ('生物', 1), ('突擊隊', 1), ('主創', 1), ('作品', 1), ('世界', 1), ('動畫', 1), ('少年', 1), ('泰坦GO', 1), ('瓦昆菲尼克斯', 1), ('主演', 1), ('小丑', 1), ('麥特李維斯版', 1), ('外傳', 1)]|0.999999999985676|"柯林法洛表示：「這部影集會很黑暗 | 《企鵝人》影集衍伸自麥特李維斯於 2022 年執導的電影《蝙蝠俠》 | 《企鵝人》將會在今年年底登上 Max 平台"
影集新聞_2024-03-24_51|2024-03-24|鳥山明《沙漠大冒險》改編動畫影集《SAND LAND: THE SERIES》主題曲串流上線|影集新聞|改編自鳥山明漫畫作品《沙漠大冒險》的全新動畫影集《SAND LAND: THE SERIES》已於 2024 年 3 月在 Disney+ 全球上線播出，其主題曲〈Water Carrier〉也安排於各大音樂平台推出，供線上收聽。內容目錄曾來台表演，更曾專程來台取景拍攝 MV 的日本樂團 Kroi，最新音樂作品〈Water Carrier〉獲選為動畫影集《SAND LAND: THE SERIES》主題曲，並隨著動畫影集上線，主題曲也能在各大音樂平台線上收聽完整內容；近日發佈的樂團版 MV，也能看到彷彿進入動畫世界般，吉普車上的 Kroi 成員們馳騁沙漠的狂野畫面──Kroi〈Water Carrier〉MV 畫面：Kroi 也對本次合作表示：我們的最新單曲〈Water Carrier〉，被選為改編自鳥山明老師原作漫畫的動畫影集《SAND LAND: THE SERIES》主題曲了。其實，當我們得知這件事並完成錄製已經是兩年前的事情了，所以我們非常開心終於能和大家分享這個消息。我們希望能藉由這首歌，能為圍繞在何謂邪惡何謂正義都顛倒矛盾，但卻存在著真實的世界裡冒險的貝爾傑布一行人，他們的冒險故事增添更多的緊張與興奮之情。希望大家可以和《SAND LAND: THE SERIES》一起欣賞我們的〈Water Carrier〉。Kro。此外，如果您於 Spotify 平台播放了這首〈Water Carrier〉，並使用 Spotify 內建功能分享樂曲至 Instagram 或 X 等社群，就有機會獲得《SAND LAND: THE SERIES》× Kroi 合作紀念的限定手機桌布……等好禮，詳細請參考 Kroi 的官網說明。Kroi New Sg「Water Carrier」#Spotify シェアキャンペーン開催🐪Spotifyで「Water Carrier」を再生、InstagramやXで楽曲シェアで「SAND LAND: THE SERIES × Kroi」コラボ壁紙をプレゼント！さらなるプレゼントのチャンスも…？ぜひご参加ください🔥🔗応募方法・詳細https://t.co/0zfxM9Ymqs— Kroi (@KroiOfficial) March 20, 2024而喜愛 Kroi 的樂迷朋友們，如果近期有前往日本的計畫，「Kroi Live Tour 2024」系列演出的預售票正在販售中，該巡演跨足日本 10 個城市，共 12 場演出，可別錯過了。由 Kroi 所製作並獻唱主題曲〈Water Carrier〉的動畫影集《SAND LAND: THE SERIES》，現正於 Disney+ 透過網路全球線上熱播中。資料來源：JAPANESE CULTURE PR TEAM|https://news.agentm.tw/276258/|https://news.agentm.tw/wp-content/uploads/《SAND-LAND-THE-SERIES》OP：Water-Carrier-1-390x219.jpg|['改編', '鳥山明', '漫畫', '作品', '沙漠', '動畫', '影集', '全球', '播出', '主題曲', '音樂', '平台', '推出', '線上', '收聽', '內容', '目錄', '表演', '拍攝', '日本', '樂團', '音樂', '作品', '動畫', '影集', '主題曲', '畫影集', '主題曲', '音樂', '平台', '收聽完', '內容', '樂團版', '畫世界', '吉普車上', '成員', '沙漠', '畫面', '改編', '鳥山明', '老師', '原作', '漫畫', '動畫', '影集', '主題曲了', '完成錄製', '事情', '消息', '圍繞', '正義', '顛倒', '世界', '貝爾傑布一', '故事', '增添', '平台', '播放', '使用', '內建', '功能', '樂曲', '社群', '機會', '紀念', '手機', '桌布', '參考', '官網', '加ください🔥🔗応募', '方法', '樂迷', '朋友們', '日本', '計畫', '系列', '演出', '預售票', '巡演跨', '日本', '城市', '演出', '製作', '獻唱', '主題曲', '動畫', '影集', '網路', '全球線', '資料', '來源']|[('動畫', 4), ('影集', 4), ('主題曲', 4), ('音樂', 3), ('平台', 3), ('日本', 3), ('改編', 2), ('鳥山明', 2), ('漫畫', 2), ('作品', 2), ('沙漠', 2), ('內容', 2), ('演出', 2), ('全球', 1), ('播出', 1), ('推出', 1), ('線上', 1), ('收聽', 1), ('目錄', 1), ('表演', 1), ('拍攝', 1), ('樂團', 1), ('畫影集', 1), ('收聽完', 1), ('樂團版', 1), ('畫世界', 1), ('吉普車上', 1), ('成員', 1), ('畫面', 1), ('老師', 1), ('原作', 1), ('主題曲了', 1), ('完成錄製', 1), ('事情', 1), ('消息', 1), ('圍繞', 1), ('正義', 1), ('顛倒', 1), ('世界', 1), ('貝爾傑布一', 1), ('故事', 1), ('增添', 1), ('播放', 1), ('使用', 1), ('內建', 1), ('功能', 1), ('樂曲', 1), ('社群', 1), ('機會', 1), ('紀念', 1), ('手機', 1), ('桌布', 1), ('參考', 1), ('官網', 1), ('加ください🔥🔗応募', 1), ('方法', 1), ('樂迷', 1), ('朋友們', 1), ('計畫', 1), ('系列', 1), ('預售票', 1), ('巡演跨', 1), ('城市', 1), ('製作', 1), ('獻唱', 1), ('網路', 1), ('全球線', 1), ('資料', 1), ('來源', 1)]|0.0022691130689183|"由 Kroi 所製作並獻唱主題曲〈Water Carrier〉的動畫影集《SAND LAND: THE SERIES》 | 最新音樂作品〈Water Carrier〉獲選為動畫影集《SAND LAND: THE SERIES》主題曲 | 改編自鳥山明漫畫作品《沙漠大冒險》的全新動畫影集《SAND LAND: THE SERIES》已於 2024 年 3 月在 Disney+ 全球上線播出"
影集新聞_2024-03-23_52|2024-03-23|神通王再臨！Netflix《降世神通：最後的氣宗》真人影集確定續訂全新第二季、第三季|影集新聞|Netflix 真人版改編影集《降世神通：最後的氣宗》日前宣布確定續訂全新第 2 與第 3 季，將在未來於 Netflix 全球獨家上線，並釋出續訂的正式海報。全球粉絲紛紛藉由梗圖迷因或是模擬的方式，進入影集中所呈現的「神通狀態」，期待著《降世神通：最後的氣宗》續集的到來。內容目錄自今年 2 月 22 日於 Netflix 首播以來，《降世神通：最後的氣宗》僅僅 11 天就創造 4,100 萬次的觀看，成為 Netflix 英語節目的排行榜第一名。其熱烈的討論在全球 76 個國家排名第一，在 92 個國家排名前十。而在《降世神通：最後的氣宗》開播前，其在社群平台上的討論就非常熱烈，像是在 TikTok 上，#AvatarTheLastAirbender 的標籤在首播的前七天就吸引 10 億次的全球觀看。《降世神通：最後的氣宗》將在第 2 季與第 3 季完結，男主角安將如何邁向史詩般的結局，還請觀眾拭目以待。水、地、火、氣四國原本一直和平共存，並由精通四種元素之力的神通王維繫勢力平衡。但烈火國 (Fire Nation) 發動攻勢，殲滅大氣牧族 (Air Nomads)，改變了世界局勢，而這還只是振火神通意圖征服世界的第一步。這一代神通王尚未出現，眼看整個世界都陷入絕望。但黑暗中亮起了一道光：大氣牧族僅存的少年安（高登科米爾 飾）甦醒過來，擔起了成為下一任神通王的責任。安和南方水族部落的兄妹檔蘇卡（伊恩奧斯利 飾）與凱塔拉（琪亞溫緹歐 飾）成為朋友，一起展開充滿危機與驚奇的冒險，設法拯救遭受烈火王傲賽（金大賢 飾）無情侵略的世界。不過，決心抓住他們的烈火國王子朱克（達拉斯劉 飾）尾隨在後，這趟旅程勢必不輕鬆。一路上，他們會遇見許多盟友與形形色色的人物，必須借助眾人的支援來實現目標。資料來源：Netflix|https://news.agentm.tw/275429/|https://news.agentm.tw/wp-content/uploads/cover-1-2508-390x219.jpg|['真人版', '改編', '影集', '降世', '神通', '氣宗', '全球', '釋出', '海報', '全球', '粉絲', '梗圖迷因', '模擬', '方式', '影集', '神通', '狀態', '神通', '氣宗', '續集', '內容', '目錄', '首播', '降世神通', '氣宗', '創造', '觀看', '英語', '節目', '排行榜', '全球', '國家', '國家', '世神通', '氣宗', '平台', '標籤', '首播', '全球', '觀看', '世神通：', '氣宗', '男主角', '安將', '史詩', '結局', '觀眾', '勢力', '烈火國 ', '發動', '攻勢', '殲滅', '氣牧族 ', '改變', '世界', '局勢', '通意', '征服', '世界', '神通王', '世界', '黑暗', '大氣牧族', '僅存', '少年', '擔起', '神通王', '責任', '安和', '水族', '部落', '兄妹檔', '蘇卡', '伊恩奧斯利 ', '凱塔拉', '琪亞溫緹歐 ', '朋友', '展開', '危機', '拯救', '烈火王', '傲賽', '金大賢 飾', '侵略', '世界', '抓住', '烈火國', '王子', '拉斯劉 ', '尾隨', '旅程', '遇見', '盟友', '人物', '借助', '眾人', '支援', '實現', '目標', '資料', '來源']|[('氣宗', 5), ('全球', 4), ('世界', 4), ('神通', 3), ('影集', 2), ('首播', 2), ('觀看', 2), ('國家', 2), ('神通王', 2), ('真人版', 1), ('改編', 1), ('降世', 1), ('釋出', 1), ('海報', 1), ('粉絲', 1), ('梗圖迷因', 1), ('模擬', 1), ('方式', 1), ('狀態', 1), ('續集', 1), ('內容', 1), ('目錄', 1), ('降世神通', 1), ('創造', 1), ('英語', 1), ('節目', 1), ('排行榜', 1), ('世神通', 1), ('平台', 1), ('標籤', 1), ('世神通：', 1), ('男主角', 1), ('安將', 1), ('史詩', 1), ('結局', 1), ('觀眾', 1), ('勢力', 1), ('烈火國 ', 1), ('發動', 1), ('攻勢', 1), ('殲滅', 1), ('氣牧族 ', 1), ('改變', 1), ('局勢', 1), ('通意', 1), ('征服', 1), ('黑暗', 1), ('大氣牧族', 1), ('僅存', 1), ('少年', 1), ('擔起', 1), ('責任', 1), ('安和', 1), ('水族', 1), ('部落', 1), ('兄妹檔', 1), ('蘇卡', 1), ('伊恩奧斯利 ', 1), ('凱塔拉', 1), ('琪亞溫緹歐 ', 1), ('朋友', 1), ('展開', 1), ('危機', 1), ('拯救', 1), ('烈火王', 1), ('傲賽', 1), ('金大賢 飾', 1), ('侵略', 1), ('抓住', 1), ('烈火國', 1), ('王子', 1), ('拉斯劉 ', 1), ('尾隨', 1), ('旅程', 1), ('遇見', 1), ('盟友', 1), ('人物', 1), ('借助', 1), ('眾人', 1), ('支援', 1), ('實現', 1), ('目標', 1), ('資料', 1), ('來源', 1)]|1.6576167084503268e-06|"Netflix 真人版改編影集《降世神通：最後的氣宗》日前宣布確定續訂全新第 2 與第 3 季 | 《降世神通：最後的氣宗》將在第 2 季與第 3 季完結 | 期待著《降世神通：最後的氣宗》續集的到來"
影集新聞_2024-03-23_53|2024-03-23|《慶餘年》第二季確定「這裡」線上獨播！范閒和婉兒就要迎來大婚，但未知考驗也隨之襲來──|影集新聞|張若昀、李沁在 2019 年合作的古裝傳奇劇《慶餘年》上線後引爆全網追劇熱潮，總播放量更在作品完結後突破 160 億大關，成為繼《琅琊榜》後最具代表性的權謀陸劇之一。時隔 4 年，製作團隊也終於宣布《慶餘年 2》即將榮耀回歸，並在騰訊創下近 1200 萬的預約觀看人數，台灣觀眾也將在 2024 年迎來《慶餘年 2》於 Disney+ 同步獨家播出。《慶餘年 2》海報。內容目錄《慶餘年》第一季的故事講述了一位身世神秘的青年范閒（張若昀 飾），歷經家族、江湖、廟堂的種種考驗與錘鍊，書寫出一段不同尋常又酣暢淋漓的人生傳奇。《慶餘年》也憑藉細膩複雜的故事伏筆、緊湊刺激的劇情節奏、以及實力派演員間的超強火花備受觀眾喜愛。《慶餘年》。《慶餘年 2》宣布殺青時，主角群紛紛為劇獻上祝福，男主角張若昀感性分享：「時隔幾年，我們又一起，做了一場好夢。此去一別，期望不日再見，但願這夢慢些醒。」女主角李沁也向粉絲喊話：「餘年有幸重逢，靜待相見之時。」如今開播日將近，也令粉絲們期待不已。而在劇中比男性角色出手更狠戾的長公主李小冉也透過社群寫下「瘋女人，殺青快樂」，《慶餘年 2》即將為觀眾帶來更多精彩絕倫的角色，以及角色間時而燒腦緊張、時而溫馨幽默的全新故事，也讓作品未播就先締造超高討論及關注度。《慶餘年》。在第一季以衝擊性結局帶給觀眾懸念後，《慶餘年 2》承接上季故事，范閒（張若昀 飾）將會面臨史無前例的壓力、更為複雜的局面以及更加棘手的難题，他將如何對抗二皇子（劉端端 飾）以及長公主（李小冉 飾）等人的威逼與生死考驗，並實踐母親葉輕眉的理想，將成為第二季的看點之一，而等著嗑「飯碗 CP」的觀眾也將如願迎來范閒和林婉兒（李沁 飾）的大婚之日，但兩人的甜蜜愛情卻在成婚後迎來前所未有的考驗。《慶餘年 2》。《慶餘年 2》改編自堪稱「中國網路文學神殿」、大神作家貓膩創作的同名暢銷小說，由《慶餘年》第一季編劇王倦、導演孫皓回歸打造，並攜手《甄嬛傳》造型指導陳同勛、《與鳳行》美術指導趙寧、《玫瑰之戰》攝影指導林澤君共同製作新一季故事。《慶餘年》第二季卡司除了有「范閒」張若昀、雞腿姑娘「林婉兒」李沁、「慶帝」陳道明、「海棠朵朵」辛芷蕾等原班人馬强势集结，更有很多實力派新角色驚喜加盟，敬請期待。《慶餘年 2》。《慶餘年 2》即將在 2024 年於 Disney+ 獨家上線。消息來源：Disney+|https://news.agentm.tw/275474/|https://news.agentm.tw/wp-content/uploads/cover-1-2511-390x219.jpg|['張若昀', '李沁', '古裝', '傳奇劇', '引爆', '追劇', '熱潮', '播放量', '作品', '突破', '大關', '琅琊榜', '代表性', '權謀', '陸劇', '時隔', '製作', '團隊', '餘年', '榮耀', '創下', '觀看', '人數', '台灣', '觀眾', '迎來', '播出', '海報', '內容', '目錄', '故事', '青年', '范閒', '張若昀', '家族', '江湖', '廟堂', '考驗', '錘鍊', '書寫出', '人生', '傳奇', '故事', '伏筆', '節奏', '實力派', '演員', '火花', '觀眾', '宣布', '主角群', '劇獻上', '祝福', '主角', '張若昀', '時隔', '女主角', '李沁', '粉絲喊話', '播日將近', '粉絲們', '男性', '角色', '公主', '李小冉', '社群', '寫下', '青快樂', '觀眾', '帶來', '角色', '角色', '腦緊', '故事', '作品', '締造', '關注度', '衝擊性', '結局', '觀眾', '故事', '范閒', '張若昀 飾', '壓力', '局面', '難题', '對抗', '劉端端', ' 飾', '李小冉', ' 飾', '生死', '考驗', '實踐', '母親', '葉輕眉', '理想', '看點', '飯碗 C', '觀眾', '迎來', '范閒', '林婉兒', '李沁 飾', '愛情', '考驗', '改編', '中國網', '文學神殿', '大神作家貓膩', '創作', '小說', '編劇', '王倦', '導演', '孫皓', '打造', '甄嬛傳', '造型', '指導', '陳同勛', '鳳行', '美術', '指導趙寧', '玫瑰', '攝影', '指導', '林澤', '製作', '故事', '餘年', '卡司', '范閒', '張若昀', '林婉兒', '慶帝', '陳道明', '海棠朵朵', '辛芷蕾', '實力派', '角色', '加盟', '獨家上線', '消息', '來源：Disney+']|[('觀眾', 5), ('故事', 5), ('張若昀', 4), ('范閒', 4), ('角色', 4), ('考驗', 3), ('李沁', 2), ('作品', 2), ('時隔', 2), ('製作', 2), ('餘年', 2), ('迎來', 2), ('實力派', 2), ('李小冉', 2), (' 飾', 2), ('林婉兒', 2), ('指導', 2), ('古裝', 1), ('傳奇劇', 1), ('引爆', 1), ('追劇', 1), ('熱潮', 1), ('播放量', 1), ('突破', 1), ('大關', 1), ('琅琊榜', 1), ('代表性', 1), ('權謀', 1), ('陸劇', 1), ('團隊', 1), ('榮耀', 1), ('創下', 1), ('觀看', 1), ('人數', 1), ('台灣', 1), ('播出', 1), ('海報', 1), ('內容', 1), ('目錄', 1), ('青年', 1), ('家族', 1), ('江湖', 1), ('廟堂', 1), ('錘鍊', 1), ('書寫出', 1), ('人生', 1), ('傳奇', 1), ('伏筆', 1), ('節奏', 1), ('演員', 1), ('火花', 1), ('宣布', 1), ('主角群', 1), ('劇獻上', 1), ('祝福', 1), ('主角', 1), ('女主角', 1), ('粉絲喊話', 1), ('播日將近', 1), ('粉絲們', 1), ('男性', 1), ('公主', 1), ('社群', 1), ('寫下', 1), ('青快樂', 1), ('帶來', 1), ('腦緊', 1), ('締造', 1), ('關注度', 1), ('衝擊性', 1), ('結局', 1), ('張若昀 飾', 1), ('壓力', 1), ('局面', 1), ('難题', 1), ('對抗', 1), ('劉端端', 1), ('生死', 1), ('實踐', 1), ('母親', 1), ('葉輕眉', 1), ('理想', 1), ('看點', 1), ('飯碗 C', 1), ('李沁 飾', 1), ('愛情', 1), ('改編', 1), ('中國網', 1), ('文學神殿', 1), ('大神作家貓膩', 1), ('創作', 1), ('小說', 1), ('編劇', 1), ('王倦', 1), ('導演', 1), ('孫皓', 1), ('打造', 1), ('甄嬛傳', 1), ('造型', 1), ('陳同勛', 1), ('鳳行', 1), ('美術', 1), ('指導趙寧', 1), ('玫瑰', 1), ('攝影', 1), ('林澤', 1), ('卡司', 1), ('慶帝', 1), ('陳道明', 1), ('海棠朵朵', 1), ('辛芷蕾', 1), ('加盟', 1), ('獨家上線', 1), ('消息', 1), ('來源：Disney+', 1)]|0.9999999998824616|"《慶餘年 2》即將為觀眾帶來更多精彩絕倫的角色 | 《慶餘年 2》即將在 2024 年於 Disney+ 獨家上線 | 《慶餘年 2》宣布殺青時"
影集新聞_2024-03-22_54|2024-03-22|【劇評】Disney+ 動畫影集《Sand Land》：鳥山明真正鍾愛的創意元素大集合，這是一場視聽饗宴|影集新聞|横嶋俊久導演在執導鳥山明原著的改編動畫影集《Sand Land》之前，先讀了原著漫畫，他發現：這是一本「鳥山明世界」全開的漫畫，充滿鳥山明鍾愛的元素。書裡沒有女性角色，卻有一大堆大叔或老頭角色，而且出場次數不多的機械或載具，鳥山大師也要精心設計。現在，我們看到了横嶋導演的改編結果，已經在 Disney+ 上架。在鳥山大師令人遺憾地去世之後，動畫影集《Sand Land》證明了，它是對鳥山大師最棒的奠儀，將他的創意完全發揚光大。《Sand Land》。內容目錄我們必須先了解創作《怪博士與機器娃娃》與《七龍珠》等等名作的偉大漫畫家鳥山明，才能了解《Sand Land》的精彩之處。如果你覺得，創作出《七龍珠》裡一場場精彩戰鬥、創作出戰鬥力數值與超級賽亞人等等設定，是鳥山明真正的才能發揮，那麼你就錯了。鳥山明衷心熱愛搞笑，喜歡喜劇漫畫，《怪博士與機器娃娃》才是他的最愛。他原本也想將《七龍珠》畫成一套冒險漫畫，讀者卻不買單，在編輯鳥嶋和彥的強力介入下，《七龍珠》展開了鳥山並不想要的「天下一武道會」篇章，這部作品卻因此大紅大紫。《Sand Land》。但創作《怪博士與機器娃娃》也並非純粹的喜悅，鳥山明自認不擅長畫女孩子，他更不想讓女性角色成為主角，所以《怪博士與機器娃娃》的中譯書名，精準地猜中了鳥山大師的心：鳥山也將怪博士放在機器娃娃前面，博士則兵衛才是他的主角。但與天下一武道會的發展相同，商業眼光精準的鳥嶋和彥，認為可愛的女性主角會發大財，而鳥嶋的預言一樣實現了。《Sand Land》。《七龍珠》值得紀念的第一回連載扉頁，是布瑪騎著一台環狀機車載著悟空，你仔細觀察，可以發現一個不合理之處：身為主角的孫悟空，臉部卻被機車後車窗蓋住了大半。而且，這台機車不但造型特殊，而且鉚釘與後照鏡等細節全都清楚標示，似乎這台機車才是主角。而且不只如此，孫悟空的造型也很樸實，比起機車有天南地北的差異，他始終穿著一身黃色道服，跟穿著精雕細琢聖衣的聖鬥士比起來真是差遠了。從上述解釋，你可以發現鳥山明喜愛的幾個創作元素：這位漫畫家喜歡冒險故事、喜歡機械設定（他將其發揮在自製載具模型的嗜好上）、不喜歡女角、喜歡樸實無華的男主角。而《Sand Land》忠實地將這些元素放進了改編動畫裡。《Sand Land》。在《七龍珠》連載結束之後，鳥山明畫了短篇漫畫《Sand Land》，這是他的一次徹底解放。全書只由他一人構思、一人執筆、沒有集英社編輯介入、沒有銷售量壓力，他可以自由自在地創作。因此《Sand Land》誕生了，故事講述沙漠王國面臨缺水危機，人類與魔族都快渴死了，於是人類保安官大叔、魔界王子少年與管家老頭一起合作，要找尋傳說中的泉水。這三位角色都是大叔或老頭（王子看似小孩其實已經三千歲）、而這是一場純粹的沙漠冒險。《Sand Land》。儘管《Sand Land》並不是第一次被改編，但這部動畫影集版，比起去年的電影版，有更長的篇幅可以呈現這些美麗的設計。而且不只是美術部份，影集版加入了更多較沈重的劇情設定，隱藏在它歡樂風趣的外表之下。兒少觀眾未必會瞭解戰爭、滅族與貪婪在劇中的隱喻，但成年觀眾會了解並喜愛這樣的安排。而鳥山明的機械設定，全化為《Sand Land》裡的 3D 建模，在這部 3D 動畫裡得以全方面展現它們的細緻，這也會是吸引成年觀眾的部份。《Sand Land》。令人驚奇的是，《Sand Land》不但呈現了鳥山明的創意世界，它甚至延長了這部作品。《Sand Land》前六集已經改編完整部鳥山明的作品，第七集開始是原創的故事，這個沙漠世界還有更多的新冒險等著主角們，而這也代表著，創作團隊將繼續延續鳥山大師的創意，讓更多人發現，這個名字並非只代表《七龍珠》。《Sand Land》是否真的講了一個創新的末日冒險故事？並不是，很多劇情發展你都能猜到，但《Sand Land》並不想讓自己有別於《瘋狂麥斯》之類的末日經典，它的創意發揮在角色與機械設定上，我們的魔界王子不是單純的小屁孩，他甚至在魔族也沒水喝時，免費送水給人類，呈現出深思熟慮的一面；保安官有著不為人知的過去，這讓他的性格更加剛毅不阿，同時有顆溫暖的心。《Sand Land》。《Sand Land》是用來保養你的眼珠的，這些不到 30 分鐘的集數，呈現了精緻美麗的影像，與菅野祐悟的精彩配樂。它最大的遺憾，是不能讓鳥山明見到觀眾欣賞它後的迴響（大師在今年 3 月 1 日逝世），他必須看到這些好評，因為這證明了，他真正想畫的、真心喜愛的創作元素，是會被大家接受的。|https://news.agentm.tw/276180/|https://news.agentm.tw/wp-content/uploads/cover-1-2522-e1711097052279-390x219.jpg|['横嶋俊久', '導演', '執導', '鳥山明', '原著', '改編', '動畫', '影集', '漫畫', '鳥山明世界', '漫畫', '鳥山明鍾愛', '元素', '女性', '角色', '大叔', '老頭', '角色', '次數', '機械', '載具', '鳥山', '大師', '設計', '横嶋', '導演', '改編', '結果', '鳥山', '大師', '動畫', '影集', '鳥山', '大師', '奠儀', '創意', '揚光', '內容', '目錄', '創作', '機器', '娃娃', '七龍珠', '名作', '漫畫', '鳥山明', '創作出', '七龍珠', '創作', '戰鬥力', '數值', '設定', '鳥山明', '鳥山明', '劇漫畫', '博士', '機器', '娃娃', '七龍珠', '漫畫', '讀者', '編輯', '鳥嶋和彥', '介入', '龍珠', '展開', '鳥山', '天下', '武道會', '篇章', '作品', '創作', '機器娃娃', '鳥山明', '女孩', '女性', '角色', '主角', '博士', '機器', '娃娃', '中譯', '書名', '鳥山', '大師', '博士', '機器', '娃娃', '博士', '主角', '天下', '武道會', '發展', '商業眼', '鳥嶋和彥', '女性', '主角', '鳥嶋', '預言', '實現', '七龍珠', '扉頁', '布瑪', '機車', '主角', '孫悟空', '臉部', '機車', '車窗蓋', '機車', '造型', '後照鏡', '細節', '標示', '機車', '主角', '孫悟空', '造型', '機車', '地北', '差異', '黃色', '道服', '穿著', '聖鬥士', '比起來', '上述解釋', '創作', '元素', '漫畫家', '故事', '機械', '設定', '自製', '載具', '模型', '嗜好', '女角', '主角', '元素', '放進', '改編', '動畫裡', '龍珠', '連載', '鳥山明畫', '漫畫', '解放', '集英社', '編輯', '銷售量', '壓力', '創作', '故事', '沙漠', '王國', '危機', '人類', '魔族', '人類', '保安官大叔', '魔界', '王子', '少年', '管家', '老頭', '找尋', '傳說', '泉水', '角色', '大叔', '老頭', '王子', '小孩', '沙漠', '改編', '動畫', '影集版', '電影版', '篇幅', '設計', '美術', '影集版', '加入', '劇情', '隱藏', '外表', '觀眾', '戰爭', '隱喻', '鳥山明', '機械', '設定，', '建模', '動畫', '方面', '展現', '觀眾', '鳥山明', '創意', '世界', '延長', '作品', '改編完', '作品', '故事', '沙漠', '世界', '主角', '創作', '團隊', '山大師', '創意', '名字', '七龍珠', '創新', '末日', '故事', '劇情', '發展', '麥斯', '末日', '經典', '創意', '角色', '機械', '設定', '魔界', '王子', '屁孩', '魔族', '人類', '保安官', '性格', '保養', '眼珠', '集數', '影像', '菅野祐悟', '配樂', '鳥山明', '觀眾', '迴響', '大師', '創作', '元素', '接受']|[('鳥山明', 8), ('創作', 7), ('主角', 7), ('漫畫', 5), ('角色', 5), ('鳥山', 5), ('大師', 5), ('七龍珠', 5), ('機車', 5), ('改編', 4), ('動畫', 4), ('元素', 4), ('機械', 4), ('創意', 4), ('機器', 4), ('娃娃', 4), ('博士', 4), ('故事', 4), ('女性', 3), ('老頭', 3), ('設定', 3), ('作品', 3), ('沙漠', 3), ('人類', 3), ('王子', 3), ('觀眾', 3), ('導演', 2), ('影集', 2), ('大叔', 2), ('載具', 2), ('設計', 2), ('編輯', 2), ('鳥嶋和彥', 2), ('龍珠', 2), ('天下', 2), ('武道會', 2), ('發展', 2), ('孫悟空', 2), ('造型', 2), ('魔族', 2), ('魔界', 2), ('影集版', 2), ('劇情', 2), ('世界', 2), ('末日', 2), ('横嶋俊久', 1), ('執導', 1), ('原著', 1), ('鳥山明世界', 1), ('鳥山明鍾愛', 1), ('次數', 1), ('横嶋', 1), ('結果', 1), ('奠儀', 1), ('揚光', 1), ('內容', 1), ('目錄', 1), ('名作', 1), ('創作出', 1), ('戰鬥力', 1), ('數值', 1), ('劇漫畫', 1), ('讀者', 1), ('介入', 1), ('展開', 1), ('篇章', 1), ('機器娃娃', 1), ('女孩', 1), ('中譯', 1), ('書名', 1), ('商業眼', 1), ('鳥嶋', 1), ('預言', 1), ('實現', 1), ('扉頁', 1), ('布瑪', 1), ('臉部', 1), ('車窗蓋', 1), ('後照鏡', 1), ('細節', 1), ('標示', 1), ('地北', 1), ('差異', 1), ('黃色', 1), ('道服', 1), ('穿著', 1), ('聖鬥士', 1), ('比起來', 1), ('上述解釋', 1), ('漫畫家', 1), ('自製', 1), ('模型', 1), ('嗜好', 1), ('女角', 1), ('放進', 1), ('動畫裡', 1), ('連載', 1), ('鳥山明畫', 1), ('解放', 1), ('集英社', 1), ('銷售量', 1), ('壓力', 1), ('王國', 1), ('危機', 1), ('保安官大叔', 1), ('少年', 1), ('管家', 1), ('找尋', 1), ('傳說', 1), ('泉水', 1), ('小孩', 1), ('電影版', 1), ('篇幅', 1), ('美術', 1), ('加入', 1), ('隱藏', 1), ('外表', 1), ('戰爭', 1), ('隱喻', 1), ('設定，', 1), ('建模', 1), ('方面', 1), ('展現', 1), ('延長', 1), ('改編完', 1), ('團隊', 1), ('山大師', 1), ('名字', 1), ('創新', 1), ('麥斯', 1), ('經典', 1), ('屁孩', 1), ('保安官', 1), ('性格', 1), ('保養', 1), ('眼珠', 1), ('集數', 1), ('影像', 1), ('菅野祐悟', 1), ('配樂', 1), ('迴響', 1), ('接受', 1)]|0.9955443802126188|"《Sand Land》不但呈現了鳥山明的創意世界 | 你可以發現鳥山明喜愛的幾個創作元素：這位漫畫家喜歡冒險故事、喜歡機械設定（他將其發揮在自製載具模型的嗜好上）、不喜歡女角、喜歡樸實無華的男主角 | 內容目錄我們必須先了解創作《怪博士與機器娃娃》與《七龍珠》等等名作的偉大漫畫家鳥山明"
影集新聞_2024-03-22_55|2024-03-22|已想好結局！Netflix 科幻影集《3體》主創：「影集改編勢必得做出一些取捨，甚至偏離原作」|影集新聞|Netflix 科幻影集《3體》(3 Body Problem)已於昨日上線，影集改編自中國小說家劉慈欣的同名小說《三體》，龐大的故事架構加上重重謎團，讓人讚嘆劉慈欣天馬行空的想像力，同時也佩服他並非科學家，卻能融入大量理論物理學的設定。《三體》系列在中國擁有著極高人氣，在海外也吸引到了不少死忠讀者。因此改編為影視作品只是時間問題，2023 年中國搶先推出《三體》影集，而 Netflix 的《3體》也接續在 2024 年 3 月登場。Netflix 的《3體》製作班底找來《冰與火之歌：權力遊戲》主創大衛班紐夫與D·B·魏斯擔任統籌，以及HBO 影集《嗜血真愛》的編劇亞歷山大伍共同操刀。近期三人接受《Wired》的訪談時，被問到《3體》影集版遭遇到的挑戰，畢竟《三體》小說中劉慈欣對科幻場景的描繪腦洞大開，很難想像該如何影視化。訪問先從改編《三體》 的動機、再到劇情的處理與原著的差異等。＊以下含劇情小雷，請斟酌閱讀Ｑ：你提到你們閱讀小說後決定這是你下一步想要做的事情。是什麼吸引你們改編《三體》 ？大衛班紐夫：我們可能有三個不同的答案。對我來說，書中有很多場景，我讀了之後想：“我真的很想看到這個。”縱觀整個三部曲，有很多場景讀起來令人興奮，但也讓電視編劇和製片人深感恐懼，因為你在想，我們如何在螢幕上展示多個維度？這將如何運作？我確實無法想像書中所描述的一些事。我唯一一次有過這樣的經驗是在喬治馬丁的《冰與火之歌》。D·B·魏斯：你打算投入大量時間的事情，它一定會困擾著你。但那件事情必須是當你放下時，會一直徘徊在你腦中的東西。我讀了《三體》後，當我散步時，我想到它；當我帶孩子上學時，我也想到它，我從來沒有停止想過這件事情。Q：在《權力遊戲》中，讀者能夠想像自己為故事中的角色。但《三體》重點是以概念驅動，人物則顯得較為薄弱，就像是以撒艾西莫夫或是 1950 年的部分科幻作品，你們是如何填補這部分的內容？D·B·魏斯：你提到以撒艾西莫夫很有趣，當我讀這本書時，很明顯感受到劉慈欣是在黃金時代的科幻小說中成長。像羅伯特海萊恩這樣的作家是以角色為推進，但以撒艾西莫夫等人則更注重概念層面。我認為劉慈欣自己也知道自己屬於後者。這些書中有許多具潛力的優秀角色，但卻甚少與其他角色互動，這是我們要解決的首要問題之一。有不少角色做出許多有趣的行為，我們幾乎利用新的背景故事來為他們增添色彩。我們需要創造一些不同的角色，然後將其放入「情節脈絡」中。這是改編過程很有趣的一部分，從一開始我們就知道這將佔據繁複工作中的 50 % 關鍵。Q：《三體》故事橫跨數千年，你們心中已經有結局了嗎？大衛班紐夫：我們心中肯定已經有結局了，但尚未詳細構思中間的劇情走向。Q：《三體》原作小說中涉及到大量與粒子加速器、電腦程式設計以及天文學有關的設定，你們是如何在重現原作與娛樂性間找到平衡？身為非物理學家，你們是如何解決這問題？亞歷山大伍：我們都並非物理學家，這實際上幫助我們成為實驗對象，看我們是否能理解劇情。在小說中，有些內容相當深奧，小說的優點之一在於你可以按照自己的節奏閱讀它，可以放慢速度、可以重新讀一遍、可以上網查資料試圖理解內容。但在理想狀況下，影集並不需要這樣做，需要用能讓人理解的方式表達。我們的影集雇用兩位科學顧問——一位是粒子物理學家，一位是火箭科學家，他們為演員和劇組解釋許多影集背後的物理學概念，我們竭盡所能地將這些知識套用到影集呈現方式上。我們花了很大量的時間在這方面，希望不要讓觀眾感到自己像在做作業。D·B·魏斯：希望擁有專業知識的觀眾，能看出影集中的驚喜和彩蛋。但對於一般觀眾來說，他們仍會被視覺特效驚豔，且持續往下渴望瞭解劇情。需要一些新奇且美麗的東西，讓他們持續保持興趣。我們一直在解釋和推動劇情間不斷的來回跳躍。Q：《三體》的原作小說非常受歡迎，但似乎知名度仍不及你當初改編《冰與火之歌》時的轟動，想問你們在這樣的情況下，是否改編上有更高的自由度？大衛班紐夫：《三體》在中國是很受歡迎的，並非在西方。我遇到中國的人幾乎每個人都讀過《三體》。喬治的書在改編前就登上暢銷書排行榜，即便如此，你還是得做你認為對系列最合適的事情。通常這意味著與原作有所差異。我不記得我是否有曾想過：「我們不能這樣做，因為粉絲會生氣。」而是如果我們認為那對影集內容是有益的，我們無論如何都會去做。也許這次會收到比以前更少的謾罵信件，但基本的創作過程都是一樣的。影集改編勢必得做出一些取捨，甚至偏離原作，但這都是為了不同媒介而生的想法。因此，改編《三體》的自由度並沒有太大的差異。畢竟至少這次大衛班紐夫等人知道《三體》的「真正的結局」，並不用再像《冰與火之歌》改編時要超越原作進度。D·B·魏斯最終表示，眾人的想法都是為了影集好而所激盪的。《3 體》影集劇情：劇情開頭從 1960 年代「文革」時期背景展開，女主角葉文潔主攻天體物理學，父親則是清華大學的物理教授，可惜當時葉文潔親眼見證父親被紅衛兵活活打死，經歷喪父的葉文潔從此對人性感到失望。某次機緣下，葉文潔被找入秘密政府組織「紅岸基地」工作，組織旨在探索外星人的存在，葉文潔因偶然的機遇，宇宙中的外星物種「三體人」建立了聯繫……《3 體》影集預告：《3 體》已於 2024 年 3 月 21 日在 Netflix 上線。|https://news.agentm.tw/276142/|https://news.agentm.tw/wp-content/uploads/AAAABapFTnXqUmqu4TUKmRoLY3srwHCqKTqQ8hM4fOSDPkLTpnYeN0aKCce265qJ1g0AyezKLizgL59-6Z6Om8JgEFyiSl_qV6a-XdzR-390x219.jpg|['影集', '影集', '改編', '中國', '小說家', '劉慈欣', '小說', '三體', '故事', '架構', '加上', '謎團', '劉慈欣', '想像力', '科學家', '融入', '理論物', '理學', '三體', '系列', '中國', '人氣', '海外', '讀者', '影視', '作品', '時間', '問題', '中國', '推出', '三體', '影集', '製作', '找來', '火之歌', '權力', '遊戲', '主創', '大衛班紐夫', '魏斯', '統籌', '影集', '編劇', '接受', '訪談', '影集版', '挑戰', '三體', '小說', '劉慈欣', '描繪', '腦洞', '大開', '訪問', '改編', '三體', '動機', '劇情', '處理', '原著', '差異', '含劇情', '小雷', '斟酌', '閱讀', '閱讀小說', '事情', '改編', '三體', '大衛班紐夫', '答案', '場景', '縱觀', '三部', '場景', '電視', '編劇', '製片人', '螢幕', '展示', '維度', '描述', '經驗', '喬治', '馬丁', '魏斯', '投入', '時間', '事情', '事情', '放下', '東西', '三體', '孩子', '事情', '權力', '遊戲', '讀者', '故事', '角色', '概念', '驅動', '人物', '作品', '填補', '內容', '魏斯：', '撒艾西莫夫', '劉慈欣', '黃金', '時代', '小說', '羅伯特海萊恩', '作家', '角色', '撒艾西莫夫', '概念', '層面', '劉慈欣', '潛力', '角色', '角色', '解決', '首要', '問題', '角色', '做出', '行為', '利用', '背景', '故事', '增添', '色彩', '創造', '角色', '放入', '情節', '過程', '佔據', '工作', '關鍵', '三體', '故事', '結局', '大衛班紐夫', '結局', '劇情', '三體', '原作', '小說', '粒子', '加速器', '電腦', '程式', '設計', '天文學', '重現', '原作', '娛樂性', '找到', '物理學家', '解決', '問題', '亞歷山大伍', '物理學家', '幫助', '對象', '劇情', '小說', '內容', '小說', '優點', '節奏', '閱讀', '速度', '資料', '內容', '理想', '狀況', '影集', '方式', '表達', '影集雇用', '科學', '顧問', '粒子', '物理學家', '火箭', '科學家', '演員', '劇組', '影集', '背後', '物理學', '概念', '知識', '套用到', '影集', '方式', '時間', '方面', '觀眾', '作業', '魏斯', '知識', '觀眾', '影集', '彩蛋', '觀眾', '視覺特', '劇情', '東西', '興趣', '推動', '劇情', '三體', '原作', '小說', '知名度', '改編', '火之歌', '情況', '改編', '自由度', '大衛班紐夫', '三體', '中國', '遇到', '中國', '三體', '喬治', '改編', '暢銷書', '排行榜', '系列', '事情', '原作', '差異', '粉絲', '影集', '內容', '收到', '創作', '過程', '影集', '做出', '取捨', '原作', '媒介', '想法', '改編', '三體', '自由度', '差異', '大衛班紐夫', '三體', '結局', '改編', '超越', '原作', '進度', '魏斯', '眾人', '想法', '影集', '影集', '劇情', '劇情', '文革', '時期', '背景', '展開', '主角', '葉文潔', '主攻天體物理學', '父親', '清華', '大學', '物理', '教授', '葉文潔', '父親', '紅衛兵', '打死', '葉文潔', '人性', '機緣', '葉文潔', '找入', '秘密', '政府', '組織', '紅岸', '基地', '工作', '組織', '外星人', '葉文潔', '機遇', '宇宙', '外星', '物種', '三體人', '建立', '聯繫', '影集']|[('三體', 14), ('影集', 13), ('改編', 8), ('小說', 7), ('劇情', 7), ('角色', 6), ('原作', 6), ('中國', 5), ('劉慈欣', 5), ('大衛班紐夫', 5), ('事情', 5), ('葉文潔', 5), ('故事', 4), ('魏斯', 4), ('內容', 4), ('時間', 3), ('問題', 3), ('差異', 3), ('概念', 3), ('結局', 3), ('物理學家', 3), ('觀眾', 3), ('科學家', 2), ('系列', 2), ('讀者', 2), ('作品', 2), ('火之歌', 2), ('權力', 2), ('遊戲', 2), ('編劇', 2), ('閱讀', 2), ('場景', 2), ('喬治', 2), ('東西', 2), ('撒艾西莫夫', 2), ('解決', 2), ('做出', 2), ('背景', 2), ('過程', 2), ('工作', 2), ('粒子', 2), ('方式', 2), ('知識', 2), ('自由度', 2), ('想法', 2), ('父親', 2), ('組織', 2), ('小說家', 1), ('架構', 1), ('加上', 1), ('謎團', 1), ('想像力', 1), ('融入', 1), ('理論物', 1), ('理學', 1), ('人氣', 1), ('海外', 1), ('影視', 1), ('推出', 1), ('製作', 1), ('找來', 1), ('主創', 1), ('統籌', 1), ('接受', 1), ('訪談', 1), ('影集版', 1), ('挑戰', 1), ('描繪', 1), ('腦洞', 1), ('大開', 1), ('訪問', 1), ('動機', 1), ('處理', 1), ('原著', 1), ('含劇情', 1), ('小雷', 1), ('斟酌', 1), ('閱讀小說', 1), ('答案', 1), ('縱觀', 1), ('三部', 1), ('電視', 1), ('製片人', 1), ('螢幕', 1), ('展示', 1), ('維度', 1), ('描述', 1), ('經驗', 1), ('馬丁', 1), ('投入', 1), ('放下', 1), ('孩子', 1), ('驅動', 1), ('人物', 1), ('填補', 1), ('魏斯：', 1), ('黃金', 1), ('時代', 1), ('羅伯特海萊恩', 1), ('作家', 1), ('層面', 1), ('潛力', 1), ('首要', 1), ('行為', 1), ('利用', 1), ('增添', 1), ('色彩', 1), ('創造', 1), ('放入', 1), ('情節', 1), ('佔據', 1), ('關鍵', 1), ('加速器', 1), ('電腦', 1), ('程式', 1), ('設計', 1), ('天文學', 1), ('重現', 1), ('娛樂性', 1), ('找到', 1), ('亞歷山大伍', 1), ('幫助', 1), ('對象', 1), ('優點', 1), ('節奏', 1), ('速度', 1), ('資料', 1), ('理想', 1), ('狀況', 1), ('表達', 1), ('影集雇用', 1), ('科學', 1), ('顧問', 1), ('火箭', 1), ('演員', 1), ('劇組', 1), ('背後', 1), ('物理學', 1), ('套用到', 1), ('方面', 1), ('作業', 1), ('彩蛋', 1), ('視覺特', 1), ('興趣', 1), ('推動', 1), ('知名度', 1), ('情況', 1), ('遇到', 1), ('暢銷書', 1), ('排行榜', 1), ('粉絲', 1), ('收到', 1), ('創作', 1), ('取捨', 1), ('媒介', 1), ('超越', 1), ('進度', 1), ('眾人', 1), ('文革', 1), ('時期', 1), ('展開', 1), ('主角', 1), ('主攻天體物理學', 1), ('清華', 1), ('大學', 1), ('物理', 1), ('教授', 1), ('紅衛兵', 1), ('打死', 1), ('人性', 1), ('機緣', 1), ('找入', 1), ('秘密', 1), ('政府', 1), ('紅岸', 1), ('基地', 1), ('外星人', 1), ('機遇', 1), ('宇宙', 1), ('外星', 1), ('物種', 1), ('三體人', 1), ('建立', 1), ('聯繫', 1)]|0.0|"影集改編自中國小說家劉慈欣的同名小說《三體》 | 想問你們在這樣的情況下 | 我遇到中國的人幾乎每個人都讀過《三體》"
影集新聞_2024-03-18_56|2024-03-18|Netflix 影集《三體》初步評價兩極！但主創野心滿滿：我們已經在規劃第二季了|影集新聞|《三體》目前是 2024 年最受期待的全新電視影集之一，不過在這部科幻影集將於 Netflix 平台正式開播的 4 天前，《三體》已經爆出了相當兩極的評價。Netflix 的《三體》為《冰與火之歌》備受爭議的節目統籌「DD雙人組」大衛班紐夫以及 DB 威斯的最新力作，影集包含在他們與 Netflix 所簽訂的專屬合約中。《三體》改編自劉慈欣筆下的科幻小說作品，故事背景跨足五大洲，而全球各地的科學家正共同努力了解人們在 60 年代所做的決定，是如何對地球的存亡造成威脅。《三體》已經在今年的 SXSW 影展上舉行了全球首映，然而，最初幾集卻在觀眾之間引發了相當兩極的反應。即使這部影集充滿野心的規模確實受到讚賞，仍有不少評論者認為這部影集太過深奧，導致難以產生共鳴的情緒。IndieWire 在評論中寫道：「將一本以物理問題為名的書改編成一部主打娛樂大眾的電視影集，是令人欽佩的挑戰，但同時也很有可能引發災難性的後果。劉慈欣的《地球往事三部曲》在全球售出了上百萬套。很明顯的，讀者們都與這位前工程師筆下這段關於地球與外星生命體首次接觸的故事產生了連結，碩大的規模、跨足銀河系的風險、以及令人感同身受的角色，都成為吸引觀眾的情感重點，在電視影集改編版中這些要素也相當關鍵。比較難想像的是，普通觀眾是否能夠坐到座位前，聆聽鉅細靡遺的星際旅行以及多次元理論解析。但這就是這部影集的亮點。不過，大衛班紐夫以及 DB 威斯對這種情況不可能一無所知。」至於一般大眾對於《三體》將會有著什麼樣的反應，目前還有待觀察，但大衛班紐夫、DB 威斯以及聯合節目統籌亞歷山大沃，已經開始著手計劃第二季了。最近接受《Collider》網站的訪談時，這對三人搭檔解釋了他們將劉慈欣筆下三部曲故事的另外兩部也改編成影集的計劃。大衛班紐夫表示：「關於第二季我們不只有著粗略的點子，而是超越那個階段，已經有更深的準備。第三本書有非常驚人的里程碑，我們無法完全確定角色們將如何抵達書中建構的那個終點，但我們知道他們非到不可，因為這就是我們最初選擇改編《三體》的原因。」根據大衛班紐夫的說法，《三體》影集版的第一季主要聚焦於原作三部曲的第一部《三體》，而第二季則會改編小說的第二部曲《三體2：黑暗森林》，然而，第三部曲完結篇《三體3：死神永生》則龐大到節目統籌團隊認為需要拆成許多季。「第三本小說相當龐大。我想長度大約是前面兩本的兩倍。所以或許會以一季呈現，也可能會是兩季。但你知道的，我想我們至少需要三季，或者說四季才能講出完整的故事。」《三體》將於 3 月 21 日在 Netflix 上線。|https://news.agentm.tw/275781/|https://news.agentm.tw/wp-content/uploads/image1-608-390x219.jpg|['電視', '影集', '影集', '平台', '三體', '兩極', '評價', '三體', '爭議', '節目', '統籌', '雙人組', '大衛班紐夫', '影集', '簽訂', '合約', '三體', '改編', '劉慈欣', '筆下', '小說', '作品', '故事', '背景', '全球', '科學家', '人們', '決定', '地球', '存亡造成', '威脅', '影展', '舉行', '全球', '觀眾', '引發', '反應', '影集', '野心', '規模', '評論者', '影集', '共鳴', '情緒', '評論', '物理', '問題', '主打娛樂', '電視', '影集', '挑戰', '引發', '災難性', '後果', '劉慈欣', '地球', '往事', '三部曲', '全球', '售出', '讀者', '工程師', '筆下', '地球', '外星生命體', '接觸', '故事', '規模', '跨足銀河系', '風險', '同身受', '角色', '情感', '重點', '電視', '影集', '改編', '要素', '觀眾', '座位', '聆聽', '星際', '次元', '理論', '解析', '影集', '亮點', '大衛班紐夫', '威斯', '情況', '三體', '反應', '大衛班紐夫', '威斯', '節目', '統籌', '亞歷山大沃', '接受', '網站', '訪談', '搭檔', '劉慈欣', '筆下', '三部曲', '故事', '影集', '計劃', '大衛班紐夫', '點子', '超越', '階段', '準備', '里程碑', '角色', '建構', '終點', '選擇', '改編', '三體', '原因', '大衛班紐夫', '說法', '三體', '影集版', '原作三部曲', '三體', '改編', '小說', '三體2', '森林', '結篇', '三體', '死神', '節目', '統籌', '團隊', '小說', '講出', '故事', '三體']|[('影集', 9), ('三體', 9), ('大衛班紐夫', 5), ('改編', 4), ('故事', 4), ('電視', 3), ('節目', 3), ('統籌', 3), ('劉慈欣', 3), ('筆下', 3), ('小說', 3), ('全球', 3), ('地球', 3), ('觀眾', 2), ('引發', 2), ('反應', 2), ('規模', 2), ('三部曲', 2), ('角色', 2), ('威斯', 2), ('平台', 1), ('兩極', 1), ('評價', 1), ('爭議', 1), ('雙人組', 1), ('簽訂', 1), ('合約', 1), ('作品', 1), ('背景', 1), ('科學家', 1), ('人們', 1), ('決定', 1), ('存亡造成', 1), ('威脅', 1), ('影展', 1), ('舉行', 1), ('野心', 1), ('評論者', 1), ('共鳴', 1), ('情緒', 1), ('評論', 1), ('物理', 1), ('問題', 1), ('主打娛樂', 1), ('挑戰', 1), ('災難性', 1), ('後果', 1), ('往事', 1), ('售出', 1), ('讀者', 1), ('工程師', 1), ('外星生命體', 1), ('接觸', 1), ('跨足銀河系', 1), ('風險', 1), ('同身受', 1), ('情感', 1), ('重點', 1), ('要素', 1), ('座位', 1), ('聆聽', 1), ('星際', 1), ('次元', 1), ('理論', 1), ('解析', 1), ('亮點', 1), ('情況', 1), ('亞歷山大沃', 1), ('接受', 1), ('網站', 1), ('訪談', 1), ('搭檔', 1), ('計劃', 1), ('點子', 1), ('超越', 1), ('階段', 1), ('準備', 1), ('里程碑', 1), ('建構', 1), ('終點', 1), ('選擇', 1), ('原因', 1), ('說法', 1), ('影集版', 1), ('原作三部曲', 1), ('三體2', 1), ('森林', 1), ('結篇', 1), ('死神', 1), ('團隊', 1), ('講出', 1)]|4.87695572148894e-07|"這對三人搭檔解釋了他們將劉慈欣筆下三部曲故事的另外兩部也改編成影集的計劃 | 」至於一般大眾對於《三體》將會有著什麼樣的反應 | 大衛班紐夫表示：「關於第二季我們不只有著粗略的點子"
影集新聞_2024-03-17_57|2024-03-17|傑克葛倫霍首度領銜主演小螢幕之作，犯罪懸疑影集《無罪的罪人》劇照＆播映資訊公開|影集新聞|Apple TV+ 2024 年 6 月即將推出的全新犯罪懸疑影集《無罪的罪人》(Presumed Innocent)，由曾獲奧斯卡金像獎提名男星傑克葛倫霍 (Jake Gyllenhaal) 領銜演出並擔任監製，這也是他首次領銜主演的小螢幕作品。內容目錄《無罪的罪人》(Presumed Innocent) 改編自史考特杜羅的首部作品《紐約時報》同名暢銷小說，將邀請到艾美獎得主《美麗心計》編劇大衛 E 凱利 (David E. Kelley) 與《 STAR WARS 系列》製作人 J.J. 亞伯拉罕 (J.J. Abrams) 攜手打造。傑克葛倫霍 (Jake Gyllenhaal) 將帶來從影 30 年來首部領銜演出小螢幕角色，擔任一名副檢察官。劇情講述芝加哥檢察官辦公室陷入一片恐慌，一名檢察官涉嫌犯下令人髮指的謀殺案，整座城市都為之震驚。《無罪的罪人》將帶領觀眾深入探討成癮、情慾、政治問題，並在被告奮力維護家庭和婚姻的同時，探索愛的力量與局限。由傑克葛倫霍主演的《無罪的罪人》，台灣觀眾可於 2024 年 6 月 14 日起鎖定 Apple TV+ 平台線上收看，敬請期待。資料來源：Apple TV+|https://news.agentm.tw/274717/|https://news.agentm.tw/wp-content/uploads/cover-1-2492-390x219.jpg|['推出', '影集', '罪人', '奧斯卡', '金像獎', '提名', '男星', '傑克葛倫霍 ', '領銜', '演出', '監製', '主演', '作品', '內容', '目錄', '罪人', '改編', '史考特杜羅', '作品', '紐約時報', '小說', '邀請到', '艾美獎', '得主', '心計', '編劇', '大衛', '系列', '製作人', '亞伯拉罕 ', '打造', '傑克葛倫霍', '帶來', '領銜', '演出', '螢幕', '角色', '檢察官', '劇情', '芝加哥', '檢察官', '辦公室', '檢察官', '犯下', '髮指', '謀殺案', '城市', '罪人', '觀眾', '情慾', '政治', '問題', '被告', '維護', '家庭', '婚姻', '力量', '傑克葛倫霍主演', '罪人', '台灣', '觀眾', '鎖定', '收看', '資料', '來源：']|[('罪人', 4), ('檢察官', 3), ('領銜', 2), ('演出', 2), ('作品', 2), ('觀眾', 2), ('推出', 1), ('影集', 1), ('奧斯卡', 1), ('金像獎', 1), ('提名', 1), ('男星', 1), ('傑克葛倫霍 ', 1), ('監製', 1), ('主演', 1), ('內容', 1), ('目錄', 1), ('改編', 1), ('史考特杜羅', 1), ('紐約時報', 1), ('小說', 1), ('邀請到', 1), ('艾美獎', 1), ('得主', 1), ('心計', 1), ('編劇', 1), ('大衛', 1), ('系列', 1), ('製作人', 1), ('亞伯拉罕 ', 1), ('打造', 1), ('傑克葛倫霍', 1), ('帶來', 1), ('螢幕', 1), ('角色', 1), ('劇情', 1), ('芝加哥', 1), ('辦公室', 1), ('犯下', 1), ('髮指', 1), ('謀殺案', 1), ('城市', 1), ('情慾', 1), ('政治', 1), ('問題', 1), ('被告', 1), ('維護', 1), ('家庭', 1), ('婚姻', 1), ('力量', 1), ('傑克葛倫霍主演', 1), ('台灣', 1), ('鎖定', 1), ('收看', 1), ('資料', 1), ('來源：', 1)]|0.9999999998945004|"傑克葛倫霍 (Jake Gyllenhaal) 將帶來從影 30 年來首部領銜演出小螢幕角色 | Apple TV+ 2024 年 6 月即將推出的全新犯罪懸疑影集《無罪的罪人》(Presumed Innocent) | 由曾獲奧斯卡金像獎提名男星傑克葛倫霍 (Jake Gyllenhaal) 領銜演出並擔任監製"
影集新聞_2024-03-17_58|2024-03-17|《戰隊大失格》話題 4 月新番動畫 Disney+ 線上播映，驚險戰鬥即將展開！|影集新聞|《戰隊大失格》是華特迪士尼亞太區與首屈一指的漫畫出版商「講談社」(Kodansha) 長期合作推出的一系列作品之一，地球守望者與怪人之間改寫世界命運的正面對決？！事實往往沒有所見的那麼簡單。內容目錄《戰隊大失格》改編自春場葱由漫畫出版商「講談社」出版的同名漫畫，故事講述 13 年前怪人大軍入侵地球的故事。怪人與守護地球的戰隊組織龍神守望者正面交鋒，雖然他們幾乎每週都會發起戰鬥，然而，真相與表面所見並不相同。事實上，怪人在 1 年之內就被打敗了，守望者們卻強迫他們在許多崇拜龍神戰隊的市民面前打假賽，而厭倦了欺辱的怪人決定做出改變，潛入戰隊中從內部打倒他們。此外，Disney+ 也於今日公開全新主視覺海報，讓觀眾可以一窺怪人 D 與龍神守望者 Red Keeper 面對面的緊張氣氛。喜歡日本動畫作品的觀眾也可以在 Disney+ 欣賞眾多備受喜愛的動漫作品，包括講述兩個陌生人在末日後的世界中尋找「天國」的《天國大魔鏡》；講述廢柴主角花垣武道為了拯救高中女友，利用他意外獲得的超能力穿越時空回到過去的《東京復仇者》等多部精彩作品。Disney+ 正式宣布最新的日本動畫《戰隊大失格》將於 4 月 7 日正式上線，一個圍繞在怪人與守護地球戰隊之間的驚險戰鬥即將就此展開！消息來源：Disney+|https://news.agentm.tw/275032/|https://news.agentm.tw/wp-content/uploads/template-230-390x219.jpg|['戰隊', '失格', '華特迪士尼', '亞太區', '漫畫', '出版商', '講談社', '推出', '系列', '作品', '地球', '守望', '怪人', '改寫', '世界', '命運', '事實', '內容', '目錄', '戰隊', '大失格', '改編', '春場', '漫畫', '出版商', '講談社', '出版', '漫畫', '故事', '怪人', '大軍', '地球', '故事', '怪人', '守護', '地球', '戰隊', '組織', '龍神', '正面', '發起', '真相', '表面所見', '事實', '怪人', '打敗', '守望者', '龍神戰隊', '市民', '面前', '打假賽', '欺辱', '怪人', '做出', '改變', '打倒', '海報', '觀眾', '怪人', '龍神', '守望者', '氣氛', '日本', '動畫', '作品', '觀眾', '作品', '陌生', '世界', '尋找', '天國」', '天國', '大魔鏡', '廢柴主角花垣武道', '拯救', '高中女友', '利用', '能力', '時空', '東京', '作品', '宣布', '日本', '動畫', '戰隊大失格》', '圍繞', '怪人', '守護', '地球', '戰隊', '展開', '消息', '來源']|[('怪人', 7), ('戰隊', 4), ('作品', 4), ('地球', 4), ('漫畫', 3), ('出版商', 2), ('講談社', 2), ('世界', 2), ('事實', 2), ('故事', 2), ('守護', 2), ('龍神', 2), ('守望者', 2), ('觀眾', 2), ('日本', 2), ('動畫', 2), ('失格', 1), ('華特迪士尼', 1), ('亞太區', 1), ('推出', 1), ('系列', 1), ('守望', 1), ('改寫', 1), ('命運', 1), ('內容', 1), ('目錄', 1), ('大失格', 1), ('改編', 1), ('春場', 1), ('出版', 1), ('大軍', 1), ('組織', 1), ('正面', 1), ('發起', 1), ('真相', 1), ('表面所見', 1), ('打敗', 1), ('龍神戰隊', 1), ('市民', 1), ('面前', 1), ('打假賽', 1), ('欺辱', 1), ('做出', 1), ('改變', 1), ('打倒', 1), ('海報', 1), ('氣氛', 1), ('陌生', 1), ('尋找', 1), ('天國」', 1), ('天國', 1), ('大魔鏡', 1), ('廢柴主角花垣武道', 1), ('拯救', 1), ('高中女友', 1), ('利用', 1), ('能力', 1), ('時空', 1), ('東京', 1), ('宣布', 1), ('戰隊大失格》', 1), ('圍繞', 1), ('展開', 1), ('消息', 1), ('來源', 1)]|2.49718024036838e-11|"怪人與守護地球的戰隊組織龍神守望者正面交鋒 | 一個圍繞在怪人與守護地球戰隊之間的驚險戰鬥即將就此展開 | Disney+ 正式宣布最新的日本動畫《戰隊大失格》將於 4 月 7 日正式上線"
影集新聞_2024-03-16_59|2024-03-16|「Sugar」是你，柯林法洛！於黑色懸疑影集《謎探休格》帥演私家偵探 Apple TV+ 線上播映|影集新聞|以《伊尼舍林的女妖》榮獲金球獎影帝並入圍奧斯卡最佳男主角的柯林法洛 (Colin Farrell) 將領銜主演 Apple TV+ 全新共八集的懸疑影集《謎探休格》(Sugar)，以現代獨特手法重新詮釋文學、電影和電視史上最受歡迎和最重要的類型之一：私家偵探故事。內容目錄柯林法洛飾演一名美國私家偵探約翰休格，他受命調查知名好萊塢製片人其孫女的神秘失蹤事件。隨著休格深入追查真相，他將揭開製片人家族的深埋在過去的驚人秘辛。卡司陣容包括《良善之地》柯爾比豪威爾巴普蒂斯、《失蹤人口》奧斯卡最佳女配角提名艾美萊恩、《繼承之戰》詹姆斯克隆威爾 (James Cromwell)、《絕命毒師》艾美獎得主安娜岡恩 (Anna Gunn)、《絕命律師》丹尼斯鮑茲卡瑞斯 (Dennis Boutsikaris) 等眾多實力派群星將加盟演出。由《我是傳奇》編劇馬克普羅塞維奇 (Mark Protosevic) 創作與監製，《全面入侵》奧黛麗瓊 (Audrey Chon)、《 X 戰警系列》賽門金柏格 (Simon Kinberg) 共同監製，並由曾獲奧斯卡導演提名、《教宗的承繼》導演費南多梅雷萊斯 (Fernando Meirelles) 執導。《謎探休格》將於 2024 年 4 月 5 日星期五在全球首播前兩集在Apple TV+ 上播出，隨後每週五每週更新一集。資料來源：Apple TV+|https://news.agentm.tw/274703/|https://news.agentm.tw/wp-content/uploads/cover-1-2491-390x219.jpg|['伊尼舍林', '女妖', '金球獎', '影帝', '奧斯卡', '主角', '柯林法洛 ', '領銜', '主演', '影集', '謎探', '休格', '手法', '詮釋', '文學', '電影', '電視史', '類型', '偵探', '故事', '內容', '目錄', '柯林法洛', '飾演', '美國', '偵探', '翰休格', '好萊塢', '製片人', '孫女', '事件', '追查', '真相', '揭開', '製片人', '家族', '秘辛', '卡司陣容', '柯爾比豪威爾巴普蒂斯', '奧斯卡', '配角', '提名', '艾美萊恩', '繼承', '詹姆斯克隆威爾 ', '美獎', '得主', '安娜岡恩 ', '律師', '丹尼斯鮑茲卡瑞斯 ', '實力派', '群星將', '演出', '傳奇', '編劇', '馬克普羅塞維奇 ', '創作', '監製，', '入侵', '系列', '賽門金柏格 ', '導演', '提名', '教宗', '導演', '費南多梅雷萊斯 ', '執導', '謎探休格', '全球', '播出', '更新', '資料', '來源']|[('奧斯卡', 2), ('偵探', 2), ('製片人', 2), ('提名', 2), ('導演', 2), ('伊尼舍林', 1), ('女妖', 1), ('金球獎', 1), ('影帝', 1), ('主角', 1), ('柯林法洛 ', 1), ('領銜', 1), ('主演', 1), ('影集', 1), ('謎探', 1), ('休格', 1), ('手法', 1), ('詮釋', 1), ('文學', 1), ('電影', 1), ('電視史', 1), ('類型', 1), ('故事', 1), ('內容', 1), ('目錄', 1), ('柯林法洛', 1), ('飾演', 1), ('美國', 1), ('翰休格', 1), ('好萊塢', 1), ('孫女', 1), ('事件', 1), ('追查', 1), ('真相', 1), ('揭開', 1), ('家族', 1), ('秘辛', 1), ('卡司陣容', 1), ('柯爾比豪威爾巴普蒂斯', 1), ('配角', 1), ('艾美萊恩', 1), ('繼承', 1), ('詹姆斯克隆威爾 ', 1), ('美獎', 1), ('得主', 1), ('安娜岡恩 ', 1), ('律師', 1), ('丹尼斯鮑茲卡瑞斯 ', 1), ('實力派', 1), ('群星將', 1), ('演出', 1), ('傳奇', 1), ('編劇', 1), ('馬克普羅塞維奇 ', 1), ('創作', 1), ('監製，', 1), ('入侵', 1), ('系列', 1), ('賽門金柏格 ', 1), ('教宗', 1), ('費南多梅雷萊斯 ', 1), ('執導', 1), ('謎探休格', 1), ('全球', 1), ('播出', 1), ('更新', 1), ('資料', 1), ('來源', 1)]|1.0|"以《伊尼舍林的女妖》榮獲金球獎影帝並入圍奧斯卡最佳男主角的柯林法洛 (Colin Farrell) 將領銜主演 Apple TV+ 全新共八集的懸疑影集《謎探休格》(Sugar) | 卡司陣容包括《良善之地》柯爾比豪威爾巴普蒂斯、《失蹤人口》奧斯卡最佳女配角提名艾美萊恩、《繼承之戰》詹姆斯克隆威爾 (James Cromwell)、《絕命毒師》艾美獎得主安娜岡恩 (Anna Gunn)、《絕命律師》丹尼斯鮑茲卡瑞斯 (Dennis Boutsikaris) 等眾多實力派群星將加盟演出 | 內容目錄柯林法洛飾演一名美國私家偵探約翰休格"
影集新聞_2024-03-14_60|2024-03-14|【開箱】Disney+ 影集《X 戰警 ’97》: 繼承 90 年代動畫傳奇，新世代動畫技術與風格優化後的升級版本|影集新聞|1997 年，一段漫威偉大的歷史落幕，連續播映五季的電視動畫《X 戰警》（或你更喜歡《特異功能組》這個譯名）正式完結。二十七年後，Disney+ 推出《X 戰警》的正宗續作《X 戰警 ’97》，畫風相似，故事延續，那麼，《X 戰警 ’97》能與它的大前輩一樣好嗎？我們將從這部復古風格的動畫影集前三集裡找找答案。內容目錄《X 戰警 ’97》真的是《X 戰警》的正宗續作，因為它的故事，直接接續 1997 年《X 戰警》第五季第十集〈畢業日〉的大結局。〈畢業日〉開場，美國安全局探員亨利傑瑞奇，在國會裡指控查爾斯澤維爾其實就是變種人，一向反對變種人的亨利，突然拿出特製武器攻擊 X 教授。這個畫面透過現場直播放送到全世界，引爆了變種人族群的怒氣。但 X 教授已經命在旦夕，無法阻止憤怒的萬磁王發動革命。《X 戰警 ’97》。X 教授的學徒們，無法醫治即將死去的老師。獨目龍等人前往說服萬磁王，透過他的能力增幅琴葛蕾的心電感應能力，呼喚數千光年外的希阿帝國女王前來救治。萬磁王確實為了挽救一生最愛而放棄抗爭，而女王也確實為了一生最愛瞬間移動到了地球。可是，X 教授必須待在希阿帝國的醫療環境才能存活，他用最後一口氣向所有的 X-men 們告別（偏偏漏了萬磁王），之後永遠離開地球不再回來。而深受當代觀眾歡迎的《X 戰警》，就在這悲悽的氣氛中正式完結。當年《X 戰警》結局。所以，X 教授死了嗎？並沒有，只是被帶往希阿帝國的他也不會再出現了。而《X 戰警 ’97》修改了這一點，讓它的開場更簡潔一點：美國安全局探員亨利傑瑞奇，殺害了 X 教授。而《X 戰警 ’97》的故事，就發生在教授身亡的一年後。這個修改是劇情的關鍵，因為《X 戰警 ’97》的變種人們，無法像《X 戰警》裡一樣，還能透過心電感應與教授通話。現在，教授已死，這個正義小圈圈頓失方針，獨目龍必須證明，他是最適合的新領導者……但此時屋漏偏逢連夜雨，反變種人組織掌握了哨兵科技，對 X 戰警們虎視眈眈。《X 戰警 ’97》保留了令人懷念的開場與結尾，努力延續《X 戰警》的精神，你會看到現今的電腦繪圖畫風，偽裝成類似九〇年代的手繪畫風，但是更精細、更美型一點，而且能讓角色做出更華麗的動作──讓獨目龍能透過雷射的後座力，做出一個迴旋九十度的閃避動作；而《X 戰警》的九位原配音聲優，也在《X 戰警 ’97》裡重新扮演他們演過的經典角色。當然，隨著動畫技術進步，許多超能力發威的爆炸或噴射效果，看起來也更加壯觀。《X 戰警 ’97》。教授的死，造成了團隊危機。有的角色思考未來是否該為自己打算？有的角色不滿獨目龍的領導……但在新的危機逐漸逼近下，X 戰警們又必須攜手合作才行。而在第一集的結尾，一個驚人的逆轉又改變了 X 戰警的未來……看起來《X 戰警 ’97》的劇情複雜度似乎比《X 戰警》深了一點。這可能是《X 戰警 ’97》的電視分級，從前作的 TV-7 提升到 TV-14 的原因之一。《X 戰警 ’97》藉由一個完整故事，呈現更多現實的困境，這是另一點與《X 戰警》不同之處。《X 戰警 ’97》。《X 戰警 ’97》的主要角色，包括了獨目龍、琴葛蕾、金鋼狼、小淘氣、金牌手、暴風女、主教、歡歡（朱比莉）、野獸、變形王與萬磁王，每個角色個性都與他們在《X 戰警》有些不同。《X 戰警 ’97》承認了暴風女能力的奧米加等級設定，因此她的戰鬥力大幅提昇，第一集裡她大顯神威的橋段是本集精華，相對的，女神等級的她在個性上也更「神化」了一點，成為了團隊裡最穩重公正的成員。琴葛蕾現在不只是 X 教授的第一位學生，她也成為了準媽媽。對教授的敬愛，讓她堅持團隊必須依循教授的遺言行事，但另一方面，她為人類與變種人之間日漸升高的敵意感到憂心，更擔心未來孩子出世後，要如何面對更殘酷的族群撕裂現實。而且為了孩子，她也煩惱自己，還能堅持 X 戰警這樣充滿危險的生活多久。丈夫現在已經是 X 戰警的領導，她更難輕言引退。《X 戰警 ’97》。當然，琴葛蕾的丈夫獨目龍是重點角色，他無法像教授那樣讓眾人對他效忠，卻又得帶領他們面對無法迴避的危險，而琴葛蕾更要他為自己的孩子著想，這些麻煩事導致他焦頭爛額；在前作裡有點搞笑性質的變形王，在本作裡大顯身手，他可以短時間變身成任何人並使用他們的能力，而他將變成許多你懷念的 X 戰警角色；最後，萬磁王在《X 戰警 ’97》裡的轉變，將會讓觀眾心滿意足又大吃一驚。《X 戰警 ’97》。《X 戰警 ’97》暫時沒有推出更多的反派角色（相信很快就有了），它的前幾集聚焦在《X 戰警》最初的主題，也就是人類與變種人的衝突關係。現在沒有了相信兩個族群能和平共處的 X 教授，衝突當然更加全面升級，反變種人組織強化了軍備，現在甚至能與變種人一戰。信念分歧的 X 戰警團隊腹背受敵，在政治上聯合國對他們也失去信心，X 戰警要如何再次證明變種人與人類共存是最好的選擇？很高興《X 戰警 ’97》能再次傳承《X 戰警》傳奇，而且更優化了它。這是漫威影業第一次製作《X 戰警》作品，希望這是個好的開始。|https://news.agentm.tw/275601/|https://news.agentm.tw/wp-content/uploads/X-men-97-390x219.png|['歷史', '播映', '電視', '動畫', '戰警', '功能組', '譯名', '推出', '戰警', '正宗', '續作', '戰警', '畫風', '故事', '戰警', '風格', '動畫', '影集', '答案', '內容', '目錄', '戰警', '戰警', '正宗', '故事', '畢業日', '結局', '美國', '安全局', '探員', '亨利傑瑞奇', '國會裡', '查爾斯澤維爾', '變種人', '亨利', '武器', '攻擊', '教授', '畫面', '現場', '放送到', '世界', '引爆', '族群', '怒氣。', '教授', '阻止', '萬磁王', '發動', '教授', '學徒', '醫治', '老師', '獨目龍等', '萬磁王', '能力', '琴葛蕾', '心電感應', '能力', '呼喚', '希阿帝國', '女王', '救治', '磁王', '挽救', '一生', '放棄', '女王', '一生', '地球', '環境', '氣向', '告別', '萬磁王', '離開', '地球', '觀眾', '氣氛', '教授', '希阿帝國', '戰警', '修改', '美國', '安全局', '探員', '亨利傑瑞奇', '殺害', '教授', '戰警', '故事', '教授', '修改', '劇情', '關鍵', '戰警', '變種人', '戰警', '心電感應', '教授通話', '教授', '正義', '方針', '領導', '變種', '組織', '掌握', '哨兵', '科技', '戰警們', '保留', '結尾', '精神', '電腦', '偽裝', '手繪畫風', '美型', '角色', '做出', '動作', '雷射', '後座力', '做出', '閃避', '動作', '聲優', '扮演', '經典', '角色', '動畫技術', '超能力', '噴射', '效果', '戰警', '教授', '團隊', '危機', '角色', '角色', '獨目龍', '領導', '危機', '逼近', '戰警', '結尾', '改變', '戰警', '劇情複雜度', '電視', '提升到', '原因', '故事', '現實', '困境', '戰警', '角色', '琴葛蕾', '金鋼狼', '小淘氣', '金牌手', '暴風女', '主教', '朱比莉', '野獸', '變形王', '萬磁王', '角色', '個性', '暴風女', '奧米加', '等級', '設定', '戰鬥力', '提昇', '神威', '橋段', '本集', '精華', '女神等級', '個性', '團隊', '成員', '琴葛蕾', '教授', '學生', '媽媽', '教授', '團隊', '教授', '遺言', '變種', '敵意', '孩子', '面對', '族群', '撕裂', '現實', '孩子', '戰警', '生活', '丈夫', '領導', '戰警', '琴葛蕾', '丈夫', '獨目龍', '重點', '角色', '教授', '眾人', '效忠', '面對', '迴避', '琴葛蕾', '孩子', '麻煩', '爛額', '性質', '變形王', '時間', '使用', '能力', '戰警', '角色', '萬磁王', '觀眾', '推出', '反派', '角色', '主題', '人類', '變種人', '衝突', '關係', '族群', '教授', '衝突', '軍備', '變種人一戰', '信念', '戰警', '腹背受敵', '政治', '聯合國', '信心', '戰警', '變種', '人類共存', '選擇', '傳承', '戰警', '傳奇', '製作', '戰警', '作品']|[('戰警', 21), ('教授', 13), ('角色', 9), ('萬磁王', 5), ('琴葛蕾', 5), ('故事', 4), ('變種人', 3), ('族群', 3), ('能力', 3), ('領導', 3), ('變種', 3), ('團隊', 3), ('孩子', 3), ('電視', 2), ('動畫', 2), ('推出', 2), ('正宗', 2), ('美國', 2), ('安全局', 2), ('探員', 2), ('亨利傑瑞奇', 2), ('心電感應', 2), ('希阿帝國', 2), ('女王', 2), ('一生', 2), ('地球', 2), ('觀眾', 2), ('修改', 2), ('結尾', 2), ('做出', 2), ('動作', 2), ('危機', 2), ('獨目龍', 2), ('現實', 2), ('暴風女', 2), ('變形王', 2), ('個性', 2), ('面對', 2), ('丈夫', 2), ('衝突', 2), ('歷史', 1), ('播映', 1), ('功能組', 1), ('譯名', 1), ('續作', 1), ('畫風', 1), ('風格', 1), ('影集', 1), ('答案', 1), ('內容', 1), ('目錄', 1), ('畢業日', 1), ('結局', 1), ('國會裡', 1), ('查爾斯澤維爾', 1), ('亨利', 1), ('武器', 1), ('攻擊', 1), ('畫面', 1), ('現場', 1), ('放送到', 1), ('世界', 1), ('引爆', 1), ('怒氣。', 1), ('阻止', 1), ('發動', 1), ('學徒', 1), ('醫治', 1), ('老師', 1), ('獨目龍等', 1), ('呼喚', 1), ('救治', 1), ('磁王', 1), ('挽救', 1), ('放棄', 1), ('環境', 1), ('氣向', 1), ('告別', 1), ('離開', 1), ('氣氛', 1), ('殺害', 1), ('劇情', 1), ('關鍵', 1), ('教授通話', 1), ('正義', 1), ('方針', 1), ('組織', 1), ('掌握', 1), ('哨兵', 1), ('科技', 1), ('戰警們', 1), ('保留', 1), ('精神', 1), ('電腦', 1), ('偽裝', 1), ('手繪畫風', 1), ('美型', 1), ('雷射', 1), ('後座力', 1), ('閃避', 1), ('聲優', 1), ('扮演', 1), ('經典', 1), ('動畫技術', 1), ('超能力', 1), ('噴射', 1), ('效果', 1), ('逼近', 1), ('改變', 1), ('劇情複雜度', 1), ('提升到', 1), ('原因', 1), ('困境', 1), ('金鋼狼', 1), ('小淘氣', 1), ('金牌手', 1), ('主教', 1), ('朱比莉', 1), ('野獸', 1), ('奧米加', 1), ('等級', 1), ('設定', 1), ('戰鬥力', 1), ('提昇', 1), ('神威', 1), ('橋段', 1), ('本集', 1), ('精華', 1), ('女神等級', 1), ('成員', 1), ('學生', 1), ('媽媽', 1), ('遺言', 1), ('敵意', 1), ('撕裂', 1), ('生活', 1), ('重點', 1), ('眾人', 1), ('效忠', 1), ('迴避', 1), ('麻煩', 1), ('爛額', 1), ('性質', 1), ('時間', 1), ('使用', 1), ('反派', 1), ('主題', 1), ('人類', 1), ('關係', 1), ('軍備', 1), ('變種人一戰', 1), ('信念', 1), ('腹背受敵', 1), ('政治', 1), ('聯合國', 1), ('信心', 1), ('人類共存', 1), ('選擇', 1), ('傳承', 1), ('傳奇', 1), ('製作', 1), ('作品', 1)]|1.0|"因為《X 戰警 ’97》的變種人們 | 萬磁王在《X 戰警 ’97》裡的轉變 | 一個驚人的逆轉又改變了 X 戰警的未來……看起來《X 戰警 ’97》的劇情複雜度似乎比《X 戰警》深了一點"
影集新聞_2024-03-11_61|2024-03-11|【劇評】Netflix《紳士追殺令》：打發時間或配飯還行，但還是別拿來跟電影版比較了|影集新聞|於 2020 年上映的電影《紳士追殺令》，對於曾經很喜歡導演蓋瑞奇的影迷而言，可說是部讓人精神一振的作品。雖然在角色刻劃上，本片不再像是他的成名作《兩根槍管》與《偷拐搶騙》那麼接地氣，但在整體風格上，卻還是足以令人回想起類似的觀影樂趣，因而看得相當開心。內容目錄至於 Netflix 的影集《紳士追殺令》，則是由蓋瑞奇主創，並實際執導了前兩集的外傳式作品，讓人好奇這部影集將會與電影版有著怎樣的連結，又或者是否會有電影中的角色，在劇中客串登場什麼的。不過微妙的是，等到影集推出後，我們才會發現，原來兩部《紳士追殺令》間並沒有什麼連結可言，充其量比較像是把電影裡的某個元素，給挪到影集裡變成核心概念，因此也不免讓人覺得這樣的安排，其實比較接近單純的商業考量，而非是真的想搭建什麼「紳士宇宙」之類的影劇系列。但這並不打緊，只要影集足夠好看，也沒什麼好在意的。但可惜的是，Netflix《紳士追殺令》影集版雖然不到難看的地步，但如果真要說的話，大概也就是普通尚可，拿來打發時間肯定沒問題，但要是拿去與電影版比較，則還有一段不小距離。其中最大的問題，在於《紳士追殺令》缺乏明顯特色，雖然具有一定程度的娛樂性，但無論劇情或視覺風格，都更像是尋常可見的黑色犯罪喜劇。就連蓋瑞奇自己執導的前兩集，在風格上也感覺不太出他的個人特色，反倒比較像是別人試圖模仿，但卻只得其形的作品。此外，或許是得把單純的核心概念給拍到八集長度，因此使《紳士追殺令》某些集數的情節實在太過勉強，主角涉入一些事件的原因幾乎毫無說服力可言，同時還有點重複性過高的感覺。就連最後意圖複製電影版，讓主角一舉反敗為勝的高潮翻轉，也都顯得太過輕易，因此與前面花了不少篇幅強調的反派本事，就此產生明顯落差，不免有些雷聲大雨點小的問題。至於在角色刻劃方面，Netflix《紳士追殺令》影集版也同樣顯得平凡無奇，就算有八集的長度可以刻劃角色，但最後不管是深度或特色，都並未帶來超乎預期的表現。尤其席歐詹姆斯飾演的主角，更給人一種從頭到尾都搖擺不定的感覺。就算劇情透過他哥哥的一連串愚蠢行為，試圖當作與他的強烈對比，但他在劇中大多數時刻所作出的抉擇，卻也還是往往令人摸不著頭緒，只能以瞻前不顧後來形容，最後自然也難以說服觀眾，這個角色真像是劇中其他角色所不斷形容的那樣，有著令人驚嘆的潛力。不過，雖然有以上的這些缺點，這裡也還是要再度強調，《紳士追殺令》確實還不到難看的地步，但整體卻也就如前述所言，頂多就是適合拿來打發時間或配飯的程度。要是你因為蓋瑞奇這塊招牌，或是對於電影版的好印象，因而對本劇有更多一點的期待，那麼最好還是下修一些，恐怕會比較好點。不要連著看，以最快每天只看一集就好的節奏，隨你在午餐或晚餐時都可以的觀看方式，或許就是最適合看《紳士追殺令》影集版的方法了吧。|https://news.agentm.tw/275359/|https://news.agentm.tw/wp-content/uploads/tgmnetflixserieslrg2-390x215.jpeg|['電影', '紳士', '追殺令', '導演', '蓋瑞奇', '影迷', '精神', '作品', '角色', '刻劃', '成名作', '槍管', '偷拐', '整體', '風格', '樂趣', '內容', '目錄', '影集', '紳士', '蓋瑞奇', '主創', '執導', '作品', '電影版', '連結', '電影', '角色', '影集', '推出', '紳士', '追殺令', '連結', '電影裡', '元素', '影集', '核心', '概念', '商業', '搭建', '紳士宇宙', '影劇', '系列', '打緊', '影集', '紳士', '追殺令', '影集版', '地步', '拿來', '打發時間', '問題', '拿去', '電影版', '比較', '距離', '問題', '紳士', '追殺令', '特色', '程度', '娛樂性', '劇情或', '視覺', '風格', '黑色', '喜劇', '蓋瑞奇', '執導', '風格', '特色', '模仿', '作品', '核心', '概念', '拍到', '長度', '紳士', '追殺令', '集數', '情節', '主角', '事件', '說服力', '重複性', '感覺', '意圖', '複製', '電影版', '主角', '高潮', '篇幅', '反派', '本事', '落差', '雷聲', '問題', '角色', '刻劃方面', '紳士', '追殺', '影集版', '長度', '刻劃', '角色', '深度', '特色', '帶來', '預期', '表現', '席歐詹姆斯', '飾演', '主角', '感覺', '劇情', '哥哥', '行為', '對比', '劇中大多數', '時刻', '作出', '抉擇', '頭緒', '瞻前不顧後來', '觀眾', '角色', '劇中', '角色', '潛力', '缺點', '紳士', '追殺令', '地步', '整體', '前述', '拿來', '打發', '時間', '程度', '蓋瑞奇', '招牌', '電影版', '印象', '下修', '節奏', '午餐', '晚餐', '觀看', '方式', '紳士', '追殺令', '影集版', '方法']|[('紳士', 9), ('追殺令', 7), ('角色', 6), ('蓋瑞奇', 4), ('影集', 4), ('電影版', 4), ('作品', 3), ('風格', 3), ('影集版', 3), ('問題', 3), ('特色', 3), ('主角', 3), ('電影', 2), ('刻劃', 2), ('整體', 2), ('執導', 2), ('連結', 2), ('核心', 2), ('概念', 2), ('地步', 2), ('拿來', 2), ('程度', 2), ('長度', 2), ('感覺', 2), ('導演', 1), ('影迷', 1), ('精神', 1), ('成名作', 1), ('槍管', 1), ('偷拐', 1), ('樂趣', 1), ('內容', 1), ('目錄', 1), ('主創', 1), ('推出', 1), ('電影裡', 1), ('元素', 1), ('商業', 1), ('搭建', 1), ('紳士宇宙', 1), ('影劇', 1), ('系列', 1), ('打緊', 1), ('打發時間', 1), ('拿去', 1), ('比較', 1), ('距離', 1), ('娛樂性', 1), ('劇情或', 1), ('視覺', 1), ('黑色', 1), ('喜劇', 1), ('模仿', 1), ('拍到', 1), ('集數', 1), ('情節', 1), ('事件', 1), ('說服力', 1), ('重複性', 1), ('意圖', 1), ('複製', 1), ('高潮', 1), ('篇幅', 1), ('反派', 1), ('本事', 1), ('落差', 1), ('雷聲', 1), ('刻劃方面', 1), ('追殺', 1), ('深度', 1), ('帶來', 1), ('預期', 1), ('表現', 1), ('席歐詹姆斯', 1), ('飾演', 1), ('劇情', 1), ('哥哥', 1), ('行為', 1), ('對比', 1), ('劇中大多數', 1), ('時刻', 1), ('作出', 1), ('抉擇', 1), ('頭緒', 1), ('瞻前不顧後來', 1), ('觀眾', 1), ('劇中', 1), ('潛力', 1), ('缺點', 1), ('前述', 1), ('打發', 1), ('時間', 1), ('招牌', 1), ('印象', 1), ('下修', 1), ('節奏', 1), ('午餐', 1), ('晚餐', 1), ('觀看', 1), ('方式', 1), ('方法', 1)]|2.2171153801764376e-12|"Netflix《紳士追殺令》影集版雖然不到難看的地步 | 《紳士追殺令》確實還不到難看的地步 | 原來兩部《紳士追殺令》間並沒有什麼連結可言"
影集新聞_2024-03-11_62|2024-03-11|詹姆士岡恩揭露《和平使者》第一季不會納入 DC 宇宙正史，但第二季將影響全新《超人》電影|影集新聞|《和平使者》主創兼 DC 工作室聯合負責人詹姆士岡恩 (James Gunn) 近日揭露一個關於這部影集的有趣秘辛，在 Threads 上，詹姆士岡恩表示《和平使者》第一季並不屬於 DC 宇宙的正史，但同時也回應一位粉絲，第二季將會設定在新《超人》電影的事件之後。當另一位粉絲追問這個消息是否重要，且意味著全新《超人》電影將會對《和平使者》第二季帶來重大的影響，詹姆士岡恩僅簡單地給出了肯定的答案，而他也曾在 2023 年證實了第二季將會設定在新的宇宙中。2023 年，當詹姆士岡恩被問到《和平使者》第二季是否還在計劃中時，他證實了影集推出的時間會排在全新《超人》電影推出之後。至於這一季何時才會完成，詹姆士岡恩在麥可羅森巴姆的 Podcast 節目《Inside of You》上證實，《和平使者》第二季就是他在全新《超人》電影後的下一項計劃，同時也證實了「義俠」艾德里安切斯會在第二季之前回歸。除此之外，《和平使者》主演約翰希南 (John Cena) 也讚賞了詹姆士岡恩以及他的合作夥伴彼得沙佛朗，表示他對於 DC 工作室的全新領導團隊感到非常期待，因為他超愛詹姆士岡恩和彼得沙佛朗的為人，接著也強調他非常尊重他們的專業。約翰希南表示：「我從來沒有看過任何人準備得那麼充足，並且如此認真看待這一切，還充滿了熱情，對於做自己完全無所畏懼。你將在 DC 系列看到的未來，就是詹姆士岡恩的心血。他並不會有所保留，他不會拍出一部平庸的電影，在片尾簡單地寫上『電影』然後交差了事。他將會把握機會，他將會相當直率，他會以自己的方式做事，但你會看出他真正的創作理念，我認為他是一位天才。所以，無論 DC 的未來與《和平使者》有沒有關聯，身為一位詹姆士岡恩的朋友兼粉絲，我對於 DC 系列的未來感到相當興奮。」至於《和平使者》的未來，約翰希南表示他很確定自己非常享受在這部影集創作的過程中，而詹姆士岡恩也證實了他們將會著手打造第二季，並強調這位導演通常都言出必行。但可惜的是，《和平使者》第二季目前尚未公開任何確切的上線時間。|https://news.agentm.tw/275336/|https://news.agentm.tw/wp-content/uploads/image1-484-390x219.png|['使者', '主創', '工作室', '負責人', '詹姆士岡恩 ', '揭露', '影集', '秘辛', '詹姆士岡恩', '使者', '宇宙', '正史', '回應', '粉絲', '設定', '超人', '電影', '事件', '粉絲', '消息', '超人', '電影', '使者', '帶來', '影響', '姆士岡恩', '給出', '答案', '設定', '宇宙', '詹姆士岡恩', '使者', '影集', '推出', '時間', '超人', '電影', '推出', '完成', '詹姆士岡恩', '麥可羅森巴姆', '節目', '使者》', '超人', '電影', '計劃', '義俠', '艾德里安切斯', '主演', '約翰希南 (', '詹姆士岡恩', '夥伴', '彼得沙佛朗', '工作室', '領導', '團隊', '詹姆士岡恩和', '彼得沙佛朗', '為人', '約翰希南', '看待', '熱情', '系列', '詹姆士岡恩', '心血', '保留', '拍出', '電影', '片尾', '寫上', '電影', '把握', '機會', '方式', '做事', '創作', '理念', '天才', '使者', '詹姆士岡恩', '朋友', '粉絲', '系列', '使者', '約翰希南', '影集', '創作', '過程', '姆士岡恩', '打造', '導演', '時間']|[('使者', 6), ('詹姆士岡恩', 6), ('電影', 6), ('超人', 4), ('影集', 3), ('粉絲', 3), ('工作室', 2), ('宇宙', 2), ('設定', 2), ('姆士岡恩', 2), ('推出', 2), ('時間', 2), ('彼得沙佛朗', 2), ('約翰希南', 2), ('系列', 2), ('創作', 2), ('主創', 1), ('負責人', 1), ('詹姆士岡恩 ', 1), ('揭露', 1), ('秘辛', 1), ('正史', 1), ('回應', 1), ('事件', 1), ('消息', 1), ('帶來', 1), ('影響', 1), ('給出', 1), ('答案', 1), ('完成', 1), ('麥可羅森巴姆', 1), ('節目', 1), ('使者》', 1), ('計劃', 1), ('義俠', 1), ('艾德里安切斯', 1), ('主演', 1), ('約翰希南 (', 1), ('夥伴', 1), ('領導', 1), ('團隊', 1), ('詹姆士岡恩和', 1), ('為人', 1), ('看待', 1), ('熱情', 1), ('心血', 1), ('保留', 1), ('拍出', 1), ('片尾', 1), ('寫上', 1), ('把握', 1), ('機會', 1), ('方式', 1), ('做事', 1), ('理念', 1), ('天才', 1), ('朋友', 1), ('過程', 1), ('打造', 1), ('導演', 1)]|1.0|"當詹姆士岡恩被問到《和平使者》第二季是否還在計劃中時 | 而詹姆士岡恩也證實了他們將會著手打造第二季 | 詹姆士岡恩表示《和平使者》第一季並不屬於 DC 宇宙的正史"
影集新聞_2024-03-07_63|2024-03-07|《少年謝爾頓》外傳影集正式敲定開拍！聚焦喬治和曼蒂的德州生活|影集新聞|CBS 頻道在最近正式下訂一部聚焦在《少年謝爾頓》角色喬治和曼蒂身上的全新未定名外傳影集，並預計將會在 2024 至 2025 年內開播，這兩位角色將會由蒙大拿喬丹以及艾蜜莉奧斯蒙回歸演出，講述了兩人在德州成家立業的過程。與《少年謝爾頓》不同的是，這部影集將會採用多攝影機視角的方式拍攝，而非單一鏡頭，並將會由《少年謝爾頓》以及《生活大爆炸》製片團隊查克洛里、史蒂文莫拉羅以及史蒂夫霍蘭擔任主創。今年一月就出現了這部影集正在製作中的傳聞。CBS 娛樂總裁艾米萊森巴赫表示：「能夠在過去七年花時間陪伴謝爾頓以及庫柏一家真是我的一大榮幸，而現在這場美妙的旅程將會在喬治和曼蒂身上延續下去。查克以及兩個史蒂芬都為這些角色帶來了細膩的發展，也透過可靠又溫馨的故事娛樂了好幾個世代的觀眾，並透過演員蒙大拿喬丹以及艾蜜莉奧斯蒙化為現實。我們等不及要帶領這個備受喜愛的宇宙邁向下一個篇章。」在因為編劇與演員的罷工行動而言後了一段時間後，《少年謝爾頓》的第七、同時也是最後一季，已經在今年的 2 月 15 日正式開播。就在這部影集的最終季持續熱播中的同時，在這部全新的外傳影集也在此時公開。製片團隊說：「從《生活大爆炸》到《少年謝爾頓》，庫柏一家的世界對於我們來說都極為特別。我們非常期待能夠透過喬治和曼蒂的角度延續他們的故事。」他們三人也將會擔任這部外傳影集的執行製作人，而這部影集也代表了查克洛里將會繼續留任 CBS，這位製作人所參與的影集作品最早可以追溯到 2003 年。過去 20 年來，他陸續參與了《生活大爆炸》、《男人兩個半》、《極品老媽》以及《少年謝爾頓》等備受好評的長壽影集。另外，據傳在《生活大爆炸》飾演謝爾頓的吉姆帕森斯，將會真人出現在《少年謝爾頓》的最後一集。|https://news.agentm.tw/275151/|https://news.agentm.tw/wp-content/uploads/image1-601-390x220.jpg|['頻道', '少年', '謝爾頓', '角色', '喬治', '曼蒂', '外傳', '影集', '角色', '蒙大拿', '喬丹', '艾蜜莉奧斯蒙', '演出', '德州', '過程', '少年', '謝爾頓', '影集', '採用', '攝影機', '視角', '方式', '拍攝', '鏡頭', '少年', '謝爾頓', '生活', '團隊', '查克洛里', '史蒂文莫拉羅', '史蒂夫霍蘭', '主創', '影集', '製作', '傳聞', '娛樂', '總裁', '艾米萊森巴赫', '時間', '陪伴', '謝爾頓', '庫柏', '榮幸', '旅程', '喬治', '史蒂芬', '角色', '帶來', '發展', '故事', '娛樂', '世代', '觀眾', '演員', '蒙大拿喬丹', '艾蜜莉奧斯蒙', '現實', '宇宙', '篇章', '編劇', '演員', '時間', '少年', '謝爾頓', '影集', '外傳影集', '生活', '少年', '謝爾頓', '庫柏', '世界', '喬治', '曼蒂', '角度', '故事', '影集', '製作人', '影集', '查克洛里', '製作人', '參與', '影集', '作品', '追溯到', '參與', '生活', '男人', '極品老媽', '少年', '謝爾頓', '備受', '好評', '影集', '生活', '飾演', '謝爾頓', '吉姆帕森斯', '真人', '少年', '謝爾頓']|[('謝爾頓', 9), ('影集', 8), ('少年', 7), ('生活', 4), ('角色', 3), ('喬治', 3), ('曼蒂', 2), ('艾蜜莉奧斯蒙', 2), ('查克洛里', 2), ('娛樂', 2), ('時間', 2), ('庫柏', 2), ('故事', 2), ('演員', 2), ('製作人', 2), ('參與', 2), ('頻道', 1), ('外傳', 1), ('蒙大拿', 1), ('喬丹', 1), ('演出', 1), ('德州', 1), ('過程', 1), ('採用', 1), ('攝影機', 1), ('視角', 1), ('方式', 1), ('拍攝', 1), ('鏡頭', 1), ('團隊', 1), ('史蒂文莫拉羅', 1), ('史蒂夫霍蘭', 1), ('主創', 1), ('製作', 1), ('傳聞', 1), ('總裁', 1), ('艾米萊森巴赫', 1), ('陪伴', 1), ('榮幸', 1), ('旅程', 1), ('史蒂芬', 1), ('帶來', 1), ('發展', 1), ('世代', 1), ('觀眾', 1), ('蒙大拿喬丹', 1), ('現實', 1), ('宇宙', 1), ('篇章', 1), ('編劇', 1), ('外傳影集', 1), ('世界', 1), ('角度', 1), ('作品', 1), ('追溯到', 1), ('男人', 1), ('極品老媽', 1), ('備受', 1), ('好評', 1), ('飾演', 1), ('吉姆帕森斯', 1), ('真人', 1)]|5.944196357243747e-06|"將會真人出現在《少年謝爾頓》的最後一集 | 他陸續參與了《生活大爆炸》、《男人兩個半》、《極品老媽》以及《少年謝爾頓》等備受好評的長壽影集 | 」他們三人也將會擔任這部外傳影集的執行製作人"
影集新聞_2024-03-04_64|2024-03-04|首次監製並主演《幕府將軍》，真田廣之：《末代武士》已經過去 20 年，是時候好好講一個日本文化的故事了|影集新聞|"說到真田廣之，你的心中是否立刻浮現一個拿著武士刀、常是好萊塢大製作中唯一東方面孔的形象？這點真田廣之自己也知道，而現在，他想要更近一步地利用這個印象，讓世界上其他地方的觀眾，更精確的認識並愛上日本文化。剛在 Disney+ 上線的影集《幕府將軍》是真田廣之從影一輩子（他 6 歲就參與了千葉真一主演的《浪曲子守歌》）、演出過近百部電影與電視劇以來，首次擔任製作人。延伸閱讀>>【開箱】Disney+ 影集《幕府將軍》: 日本戰國版《冰與火之歌：權力遊戲》，真實西洋武士戰國傳奇變成了政治權謀劇《末代武士》內容目錄《末代武士》於 2003 年上映，真田廣之和渡邊謙首度在西方大銀幕上露臉，他們也因此成了好萊塢的日本代表。在那之後，真田廣之從《金鋼狼：武士之戰》、《復仇者聯盟：終局之戰》演到《捍衛任務 4》，幾個大 IP 都有他的身影，電視劇部分也有知名的《LOST 檔案》和《西方極樂園》。現在，他更打算要針對好萊塢中的刻板印象撥亂反正。《幕府將軍》在《幕府將軍》中，真田廣之飾演吉井虎長，這一個角色的原型其實就是德川家康；而真田廣之之所以被這個故事吸引，正因為德川家康是他的心中的英雄。他說：「我從小就很崇拜他，因為他結束了百餘年的戰爭時期，讓日本進入長達 260 年的和平時代。這就是我拍《幕府將軍》的動力。」同時身兼《幕府將軍》製作人，也讓真田廣之有了更多的現場裁決權。多年來，真田廣之在好萊塢拍攝電影時都順便斜槓了日本文化顧問一職，會在片場指導如和服怎麼穿、走路姿態為何等問題。只是漸漸的，他也發現這並不是那麼好啟齒：「技術團隊也是有自尊心的，但很容易不小心就說過頭了。」《幕府將軍》但在《幕府將軍》片場，就完全沒有這個問題；這部劇前製作業就花了好幾年，接著在溫哥華拍攝了十個月。真田廣之表示：「我聘請了一個日本團隊負責道具、妝髮和服裝，每個部門都有一個日本顧問，我要他們仔細盯著現場的細節，如果有任何問題，就直接來找我！」《捍衛任務 4》從未有過監製經驗的真田廣之表示，他從基努李維那邊偷師不少。他與基努李維分別在《浪人 47》和《捍衛任務 4》合作過兩次，而據真田所說，「他總是專注於自己的工作，嚴以律己、寬以待人，」他也決定學習基努李維在片場的工作方式。《幕府將軍》。對真田廣之來說，拍攝《幕府將軍》很棒的一點是，他再也不用分心思考每一幕中場景和形式的正確性，可以完全專注在詮釋角色上。而更有趣的是，有鑒於他所扮演的吉井虎長在劇中正是一位需要謀劃戰略、分配權位的政治家，某種程度上和製作人的工作有所重合，這讓真田廣之感到一種從未有過的均衡。在 1980 年的《幕府將軍》影集中，日本被描述為一個由封建政府宰制的蠻荒之地；真田廣之儘管尊崇原著小說的地位，卻也指出他們必須在新版故事中加入一些原創內容。「舊版故事完全是透過約翰的藍眼睛來觀察幕府時代的日本，而我們這次也放入了日本人的角度，觀眾可以看到當時的日本人如何看待外國水手和傳教士。東西方的視角，一次滿足。」《幕府將軍》時代確實改變了，如今這樣強調符合外國史實的電視劇，能夠在美國播出並普遍受到觀眾喜愛，很可能是 1980 年時的日本演員想都想不到的事。真田廣之說，他在拍戲時也曾被要求演出一些充滿刻板印象的內容，「但樂觀來看，也許這部《幕府將軍》能夠改變些什麼。」《幕府將軍》將會用 10 集講完原著小說的故事，但日本文化淵遠流長，歷史也總在往前流動。是否會有原創續集？真田廣之話沒有說死，但如果他真能稍微改變好萊塢的風貌，他應該無比樂意繼續耕耘下去吧。「《幕府將軍》將會是一大邁進，會是東西方之前的橋樑，而我想讓這座橋樑更堅實、更強壯、更順暢。」資料來源：‘Shogun’ Star Hiroyuki Sanada Has Stolen Scenes From Tom, Brad, and Keanu. Now It’s His Turn to Rule | GQ With ‘Shogun,’ Hollywood Icon Hiroyuki Sanada Takes On the Project of a Lifetime | Vanity Fair"|https://news.agentm.tw/274855/|https://news.agentm.tw/wp-content/uploads/cover-1-2485-390x219.jpg|['田廣之', '武士刀', '好萊塢', '製作', '形象', '利用', '印象', '世界', '地方', '觀眾', '日本', '文化', '影集', '幕府', '將軍', '真田廣之', '輩子', '參與', '千葉', '主演', '浪曲子', '守歌', '演出', '電影', '電視劇', '製作人', '閱讀', '影集', '幕府', '將軍', '日本', '戰國版', '權力', '遊戲', '西洋武士', '傳奇', '政治權謀劇', '武士', '內容', '目錄', '武士', '真田廣之', '渡邊', '銀幕', '好萊塢', '日本', '代表', '真田廣之', '金鋼狼', '武士', '聯盟', '終局', '捍衛', '任務', '身影', '電視', '檔案', '樂園', '好萊塢中', '印象', '撥亂', '幕府將軍', '幕府將軍》', '真田廣之', '井虎長', '角色', '原型', '德川家康', '田廣之', '故事', '德川家康', '英雄', '戰爭', '時期', '日本', '時代', '幕府', '將軍', '動力', '幕府', '將軍', '製作人', '現場', '決權', '真田廣之', '好萊塢', '拍攝', '電影', '斜槓', '日本', '文化', '顧問', '片場', '指導', '和服', '姿態', '問題', '技術', '團隊', '自尊心', '幕府', '將軍', '幕府', '將軍', '問題', '作業', '溫哥華', '拍攝', '真田廣之', '日本', '團隊', '道具', '妝髮', '服裝', '部門', '日本', '顧問', '盯著', '現場', '細節', '問題', '捍衛', '任務', '監製', '經驗', '基努李維', '基努李維', '浪人 47', '捍衛', '任務 4', '工作', '律己', '基努李維', '片場', '方式', '幕府將軍》', '拍攝', '幕府', '將軍', '場景', '形式', '正確性', '詮釋', '角色', '扮演', '吉井虎長', '謀劃', '戰略', '權位', '政治家', '程度', '製作人', '工作', '幕府', '將軍', '影集', '日本', '描述', '封建', '政府', '宰制', '蠻荒', '真田廣之', '小說', '地位', '故事', '加入', '內容', '故事', '約翰', '眼睛', '幕府', '時代', '日本', '放入', '日本人', '角度', '觀眾', '日本人', '看待', '外國', '水手', '傳教士', '視角', '幕府', '將軍', '時代', '改變', '外國史實', '電視劇', '美國', '播出', '觀眾', '日本', '演員', '真田廣之', '演出', '印象', '內容', '幕府', '將軍', '改變', '幕府', '將軍', '講完', '故事', '日本', '文化', '淵遠', '歷史', '田廣之話', '改變', '好萊塢', '風貌', '幕府', '將軍', '橋樑', '橋樑', '資料', '來源']|[('幕府', 13), ('將軍', 12), ('日本', 11), ('真田廣之', 8), ('好萊塢', 4), ('故事', 4), ('印象', 3), ('觀眾', 3), ('文化', 3), ('影集', 3), ('製作人', 3), ('武士', 3), ('內容', 3), ('捍衛', 3), ('時代', 3), ('拍攝', 3), ('問題', 3), ('基努李維', 3), ('改變', 3), ('田廣之', 2), ('演出', 2), ('電影', 2), ('電視劇', 2), ('任務', 2), ('幕府將軍》', 2), ('角色', 2), ('德川家康', 2), ('現場', 2), ('顧問', 2), ('片場', 2), ('團隊', 2), ('工作', 2), ('日本人', 2), ('橋樑', 2), ('武士刀', 1), ('製作', 1), ('形象', 1), ('利用', 1), ('世界', 1), ('地方', 1), ('輩子', 1), ('參與', 1), ('千葉', 1), ('主演', 1), ('浪曲子', 1), ('守歌', 1), ('閱讀', 1), ('戰國版', 1), ('權力', 1), ('遊戲', 1), ('西洋武士', 1), ('傳奇', 1), ('政治權謀劇', 1), ('目錄', 1), ('渡邊', 1), ('銀幕', 1), ('代表', 1), ('金鋼狼', 1), ('聯盟', 1), ('終局', 1), ('身影', 1), ('電視', 1), ('檔案', 1), ('樂園', 1), ('好萊塢中', 1), ('撥亂', 1), ('幕府將軍', 1), ('井虎長', 1), ('原型', 1), ('英雄', 1), ('戰爭', 1), ('時期', 1), ('動力', 1), ('決權', 1), ('斜槓', 1), ('指導', 1), ('和服', 1), ('姿態', 1), ('技術', 1), ('自尊心', 1), ('作業', 1), ('溫哥華', 1), ('道具', 1), ('妝髮', 1), ('服裝', 1), ('部門', 1), ('盯著', 1), ('細節', 1), ('監製', 1), ('經驗', 1), ('浪人 47', 1), ('任務 4', 1), ('律己', 1), ('方式', 1), ('場景', 1), ('形式', 1), ('正確性', 1), ('詮釋', 1), ('扮演', 1), ('吉井虎長', 1), ('謀劃', 1), ('戰略', 1), ('權位', 1), ('政治家', 1), ('程度', 1), ('描述', 1), ('封建', 1), ('政府', 1), ('宰制', 1), ('蠻荒', 1), ('小說', 1), ('地位', 1), ('加入', 1), ('約翰', 1), ('眼睛', 1), ('放入', 1), ('角度', 1), ('看待', 1), ('外國', 1), ('水手', 1), ('傳教士', 1), ('視角', 1), ('外國史實', 1), ('美國', 1), ('播出', 1), ('演員', 1), ('講完', 1), ('淵遠', 1), ('歷史', 1), ('田廣之話', 1), ('風貌', 1), ('資料', 1), ('來源', 1)]|0.0|"」《幕府將軍》將會用 10 集講完原著小說的故事 | 」同時身兼《幕府將軍》製作人 | 真田廣之在好萊塢拍攝電影時都順便斜槓了日本文化顧問一職"
影集新聞_2024-03-03_65|2024-03-03|米莉芭比布朗談主演新片《少女鬥惡龍》:「別再癡等王子，這部電影將顛覆你的想像！」3 月 Netflix 線上播映|影集新聞|Netflix 近日釋出了米莉·芭比·布朗最新電影《少女鬥惡龍》正式預告！《怪奇物語》系列米莉·芭比·布朗挑大樑主演，化身公主戰士，即將與兇猛惡龍搏鬥。內容目錄《少女鬥惡龍》正式預告中，富有責任心的少女（米莉·芭比·布朗 飾）同意嫁給英俊的王子，卻赫然發現由《紙牌屋》女星羅蘋·萊特掌管的王室打算拿她活活獻祭，償還許久之前欠下的債。當少女在洞穴醒來後，才發現這是一個與王國截然不同的平行時空，充滿著黑暗、緊張與不安的氛圍。而在此洞穴當中，才發現過往許多少女也跟她有過相同遭遇，是她們的獻祭與犧牲，才成就了今天的繁盛王國。「他們也許忠誠，卻不代表他們是真誠的人。」安琪拉·貝瑟提醒著米莉·芭比·布朗。原來在面具底下，是藉由活人獻祭的方式，保有今日的盛世王朝。但少女卻不死心，透過她的才智與意志，一步一步向上往洞口方向爬去，誓言「這將成為你們王國的最後終點。」米莉·芭比·布朗更分享：「她是個不需被拯救的少女，但她用多種方式試圖拯救自己。而故事會顛覆你的想像：期待王子會捨身拯救少女，但…不用癡癡等待著王子了。」一起來看米莉·芭比·布朗，如何驍勇善戰對抗惡龍，《少女鬥惡龍》3 月 8 日 Netflix 獨家上線！消息來源：Netflix|https://news.agentm.tw/274085/|https://news.agentm.tw/wp-content/uploads/少女鬥惡龍_新聞稿縮圖Netflix-Logo-390x219.jpg|['釋出', '米莉', '芭比', '布朗', '電影', '少女', '鬥惡龍', '怪奇物語', '系列', '米莉', '布朗挑大樑', '主演', '化身', '公主', '戰士', '內容', '目錄', '少女', '鬥惡龍', '責任心', '少女', '米莉', '芭比', '布朗', '嫁給', '王子', '紙牌屋', '女星', '羅蘋', '萊特', '掌管', '王室', '獻祭', '少女', '洞穴', '王國', '時空', '氛圍', '洞穴', '過往', '少女', '遭遇', '獻祭', '成就', '王國', '琪拉', '貝瑟', '米莉', '芭比·', '布朗', '面具底下', '活人', '獻祭', '方式', '盛世', '王朝', '少女', '才智', '意志', '洞口', '方向', '王國', '終點', '米莉', '芭比', '布朗', '拯救', '少女', '方式試圖', '拯救', '故事', '顛覆', '想像', '王子', '拯救', '少女', '王子', '米莉·芭比', '少女鬥惡龍', '消息', '來源']|[('少女', 8), ('米莉', 5), ('布朗', 4), ('芭比', 3), ('王子', 3), ('獻祭', 3), ('王國', 3), ('拯救', 3), ('鬥惡龍', 2), ('洞穴', 2), ('釋出', 1), ('電影', 1), ('怪奇物語', 1), ('系列', 1), ('布朗挑大樑', 1), ('主演', 1), ('化身', 1), ('公主', 1), ('戰士', 1), ('內容', 1), ('目錄', 1), ('責任心', 1), ('嫁給', 1), ('紙牌屋', 1), ('女星', 1), ('羅蘋', 1), ('萊特', 1), ('掌管', 1), ('王室', 1), ('時空', 1), ('氛圍', 1), ('過往', 1), ('遭遇', 1), ('成就', 1), ('琪拉', 1), ('貝瑟', 1), ('芭比·', 1), ('面具底下', 1), ('活人', 1), ('方式', 1), ('盛世', 1), ('王朝', 1), ('才智', 1), ('意志', 1), ('洞口', 1), ('方向', 1), ('終點', 1), ('方式試圖', 1), ('故事', 1), ('顛覆', 1), ('想像', 1), ('米莉·芭比', 1), ('少女鬥惡龍', 1), ('消息', 1), ('來源', 1)]|1.0|"Netflix 近日釋出了米莉·芭比·布朗最新電影《少女鬥惡龍》正式預告 | 」米莉·芭比·布朗更分享：「她是個不需被拯救的少女 | 」一起來看米莉·芭比·布朗"
電影影評_2024-04-12_66|2024-04-12|【影評】Netflix《眼淚工匠》：乍看還以為是義大利版《暮光之城》，原來只是孤兒版《禁忌世代》|電影影評|Netflix《眼淚工匠》改編自義大利作家艾琳杜奧姆的同名暢銷小說，由《結婚哪有那麼男》導演亞歷山卓傑諾韋西執導，演員陣容網羅眾多新生代演員，並由影歌雙棲的西蒙內包達瑟羅尼以及首挑大梁的卡特琳娜費里歐利主演。《眼淚工匠》劇情講述在墳場孤兒院長大的少女妮卡，從小便深信著傳說中的「眼淚工匠」能幫助行屍走肉的人們找回正常的情感及情緒，直到被一對好心夫婦領養並完成她最大的夢想後，便將這個傳說拋諸腦後。妮卡原以為自己的人生要步入正軌時，卻沒想到她不願再見到的神祕男孩瑞吉爾也被同一個家庭收養，更糟的是，明明為冤家的兩人卻莫名被彼此深深吸引著。內容目錄青少年愛情電影幾乎都有個共通點——主角的身世通常要非常坎坷，不是家破人亡、父母離異，就是自己罹患了不治之症，或是因內外在壓力導致心理創傷，而《眼淚工匠》也毫不拖沓地直接破題，揭曉女主角妮卡因一場車禍失去父母，被送進孤兒院，在人生最悲慘之時遇見了男主角瑞吉爾。接下來《眼淚工匠》的劇情不出所料全都在公式化套路下發展，不過，若是硬要列舉出最出乎意料的部分，絕非尷尬又毫無邏輯的轉折情節莫屬。之所以會覺得《眼淚工匠》是《暮光之城》的同人文，最主要是因為角色性格與《暮光之城》有幾分相像。譬如男主角瑞吉爾就像是《暮光之城》愛德華和雅各的綜合體，對女主角妮卡忽冷忽熱的態度以及周遭散發的神祕迷人氣息，與愛德華的人物設定有幾分相像。至於像雅各的部分，除了瑞吉爾常常將自己比喻為狼之外，動不動就在鏡頭前裸上身展露好身材的習慣近乎一樣。有趣的是，男配角衝動、火爆的個性其實也有點像雅各，加上讓人忍不住邊看邊吐槽的劇情，真的很難不聯想到《暮光之城》。《眼淚工匠》完全符合校園愛慾電影的標準配置，不但擁有高顏值選角，主角的化學反應也相當足夠，更是有一定尺度的煽情戲。除了必備的三角戀元素外，游走在禁忌邊緣的情感戲也是相當熱門的題材。雖雖然養兄妹相戀的禁忌元素曾在《我的過錯》見識過，而男女主角不健全的成長環境與複雜的情感糾與《禁忌世代》相似，就算曉得這段戀情註定會給對方帶來傷害，仍舊無法抗拒地被彼此深深吸引。不過相較之下，《眼淚工匠》算是同類型作品中較簡潔有力且不會拖泥帶水的故事，儘管難免會看到一些青少年愛情劇作的影子，但是至少沒有反覆的分手復合過程，甚至沒留下任何發展續集的伏筆，而且撇除愛情元素，故事囊括關於孤兒院身心虐待的嚴肅議題以及從創傷中重拾愛人與被愛能力的啟示，都是這類作品難得一見且有意義的正面素材，顯得本片更獨樹一格。「到頭來我了解最精彩的童話故事，就在我們心中。」「眼淚工匠」的傳說是墳場孤兒院孩子們僅存的希望，自困在如牢籠般圍牆的那天起即是夢魘的開始，在成為孤兒前所擁有的幸福快樂以及留存美好記憶的紀念物都被摧毀，就連喜怒哀樂的情緒都被剝奪。他們就如傳說故事裡行屍走肉的人們，企盼著有一天能尋得能帶來救贖的「眼淚工匠」，或是逃離這個如人間煉獄般的囚牢。雖然妮卡與瑞吉爾在孤兒院受到截然不同的待遇，但曾經歷的痛苦都在他們心靈留下恆久的創傷，更使內心殘破不全。直到兩人的邂逅與對彼此的愛慕，才漸漸使他們學會解開心中的枷鎖，甚至為了守護摯愛而嘗試鼓起勇氣揭開瘡疤、面對心魔。或許過去的悲慘人生無法被改變，卻可以改寫未來的命運，為不完整的彼此創造圓滿的結局。|https://news.agentm.tw/277463/|https://news.agentm.tw/wp-content/uploads/1-342-390x219.jpg|['眼淚', '工匠', '改編', '義大利', '作家', '艾琳杜奧姆', '小說', '導演', '亞歷山', '卓傑', '諾韋西執導', '演員', '陣容', '網羅', '新生代', '演員', '影歌', '西蒙', '達瑟羅尼', '首挑', '卡特', '琳娜', '費里歐利', '主演', '眼淚', '工匠', '劇情', '墳場', '孤兒', '院長', '少女', '妮卡', '傳說', '眼淚', '工匠', '幫助', '行屍', '人們', '找回', '情感', '情緒', '夫婦', '領養', '完成', '夢想', '傳說', '拋諸', '妮卡原', '人生', '正軌', '男孩', '吉爾', '家庭', '收養', '冤家', '內容', '目錄', '青少年', '愛情', '電影', '主角', '身世', '人亡', '父母', '外在', '壓力', '心理', '創傷', '眼淚工匠', '女主角', '妮卡因', '車禍', '父母', '送進', '孤兒院', '人生', '男主角', '吉爾', '眼淚工匠', '劇情', '發展', '舉出', '意料', '邏輯', '轉折', '情節', '眼淚工匠》', '暮光', '角色', '性格', '暮光', '男主角', '瑞吉爾', '暮光', '愛德華', '雅各', '綜合體', '女主角', '妮卡忽', '態度', '周遭', '散發', '氣息', '愛德華', '人物', '設定', '雅各', '瑞吉爾', '鏡頭', '展露', '身材', '習慣', '配角', '個性', '劇情', '暮光', '眼淚', '工匠', '校園', '愛慾', '電影', '標準', '選角', '主角', '化學', '反應', '尺度', '煽情', '三角戀', '元素', '禁忌', '邊緣', '情感戲', '題材', '兄妹', '禁忌', '過錯', '男女', '主角', '環境', '情感', '糾與', '禁忌', '世代', '戀情', '帶來', '傷害', '抗拒地', '眼淚工匠', '類型', '作品', '故事', '青少年', '愛情', '劇作', '影子', '過程', '留下', '發展', '續集', '伏筆', '撇除', '愛情元素', '故事', '囊括', '孤兒', '心虐待', '議題', '創傷', '重拾', '愛人', '能力', '啟示', '作品', '意義', '正面素材', '童話', '故事', '眼淚', '工匠', '傳說', '墳場', '孤兒院', '孩子', '僅存', '希望', '牢籠', '圍牆', '夢魘', '孤兒', '留存', '記憶', '紀念物', '摧毀', '情緒', '剝奪', '傳說', '故事', '人們', '尋得', '帶來', '救贖', '眼淚', '工匠', '人間', '煉獄', '囚牢', '妮卡', '瑞吉爾', '孤兒院', '待遇', '痛苦', '心靈', '留下', '創傷', '內心', '邂逅', '解開', '枷鎖', '鼓起', '勇氣', '揭開', '瘡疤', '面對', '心魔', '人生', '改變', '改寫', '命運', '創造', '結局']|[('眼淚', 6), ('工匠', 6), ('傳說', 4), ('暮光', 4), ('故事', 4), ('劇情', 3), ('孤兒', 3), ('人生', 3), ('主角', 3), ('創傷', 3), ('眼淚工匠', 3), ('孤兒院', 3), ('瑞吉爾', 3), ('禁忌', 3), ('演員', 2), ('墳場', 2), ('妮卡', 2), ('人們', 2), ('情感', 2), ('情緒', 2), ('吉爾', 2), ('青少年', 2), ('愛情', 2), ('電影', 2), ('父母', 2), ('女主角', 2), ('男主角', 2), ('發展', 2), ('愛德華', 2), ('雅各', 2), ('帶來', 2), ('作品', 2), ('留下', 2), ('改編', 1), ('義大利', 1), ('作家', 1), ('艾琳杜奧姆', 1), ('小說', 1), ('導演', 1), ('亞歷山', 1), ('卓傑', 1), ('諾韋西執導', 1), ('陣容', 1), ('網羅', 1), ('新生代', 1), ('影歌', 1), ('西蒙', 1), ('達瑟羅尼', 1), ('首挑', 1), ('卡特', 1), ('琳娜', 1), ('費里歐利', 1), ('主演', 1), ('院長', 1), ('少女', 1), ('幫助', 1), ('行屍', 1), ('找回', 1), ('夫婦', 1), ('領養', 1), ('完成', 1), ('夢想', 1), ('拋諸', 1), ('妮卡原', 1), ('正軌', 1), ('男孩', 1), ('家庭', 1), ('收養', 1), ('冤家', 1), ('內容', 1), ('目錄', 1), ('身世', 1), ('人亡', 1), ('外在', 1), ('壓力', 1), ('心理', 1), ('妮卡因', 1), ('車禍', 1), ('送進', 1), ('舉出', 1), ('意料', 1), ('邏輯', 1), ('轉折', 1), ('情節', 1), ('眼淚工匠》', 1), ('角色', 1), ('性格', 1), ('綜合體', 1), ('妮卡忽', 1), ('態度', 1), ('周遭', 1), ('散發', 1), ('氣息', 1), ('人物', 1), ('設定', 1), ('鏡頭', 1), ('展露', 1), ('身材', 1), ('習慣', 1), ('配角', 1), ('個性', 1), ('校園', 1), ('愛慾', 1), ('標準', 1), ('選角', 1), ('化學', 1), ('反應', 1), ('尺度', 1), ('煽情', 1), ('三角戀', 1), ('元素', 1), ('邊緣', 1), ('情感戲', 1), ('題材', 1), ('兄妹', 1), ('過錯', 1), ('男女', 1), ('環境', 1), ('糾與', 1), ('世代', 1), ('戀情', 1), ('傷害', 1), ('抗拒地', 1), ('類型', 1), ('劇作', 1), ('影子', 1), ('過程', 1), ('續集', 1), ('伏筆', 1), ('撇除', 1), ('愛情元素', 1), ('囊括', 1), ('心虐待', 1), ('議題', 1), ('重拾', 1), ('愛人', 1), ('能力', 1), ('啟示', 1), ('意義', 1), ('正面素材', 1), ('童話', 1), ('孩子', 1), ('僅存', 1), ('希望', 1), ('牢籠', 1), ('圍牆', 1), ('夢魘', 1), ('留存', 1), ('記憶', 1), ('紀念物', 1), ('摧毀', 1), ('剝奪', 1), ('尋得', 1), ('救贖', 1), ('人間', 1), ('煉獄', 1), ('囚牢', 1), ('待遇', 1), ('痛苦', 1), ('心靈', 1), ('內心', 1), ('邂逅', 1), ('解開', 1), ('枷鎖', 1), ('鼓起', 1), ('勇氣', 1), ('揭開', 1), ('瘡疤', 1), ('面對', 1), ('心魔', 1), ('改變', 1), ('改寫', 1), ('命運', 1), ('創造', 1), ('結局', 1)]|1.0|"從小便深信著傳說中的「眼淚工匠」能幫助行屍走肉的人們找回正常的情感及情緒 | 《眼淚工匠》劇情講述在墳場孤兒院長大的少女妮卡 | 譬如男主角瑞吉爾就像是《暮光之城》愛德華和雅各的綜合體"
電影影評_2024-04-12_67|2024-04-12|【影評】《禁忌之慾》：凸顯了肉體情慾，卻疏略心理描繪的可惜之作|電影影評|由波蘭導演湯瑪茲曼德斯執導的《禁忌之慾》，劇情描述受人景仰、奉公守法的女法官歐嘉，遇見比她小 15 歲的外籍跳傘教練麥克斯，看似截然不同的兩個世界原本不該有交集，然而命運卻讓兩人交纏在一起。除了一次次的性愛歡愉外，歐嘉還深受麥克斯自由奔放的心靈所吸引，然而 某天，歐嘉的女兒瑪雅一聲不響地回到家，撞見完事後半裸的兩人氣憤不已，原來瑪雅正是麥克斯的正牌女友……這段禁忌之戀是否 能繼續走下去？內容目錄電影片名所稱的禁忌之慾，是指法官和歐嘉母親口中的小混混談戀愛，太過門不當戶不對？又或歐嘉和瑪雅母女倆同愛一人的行為太離奇？關於前者，我想電影無意強調兩者職業身分的差距，甚至連麥克斯的朋友是犯什麼罪，審訊的過程都付之闕如，導演就只是要告訴我們愛就愛上了，愛是可以突破一切差距的，無論年齡、職業或其他，愛是有潛移默化功能的，能讓我們都變成更好的人。然而，電影泰半時間對他們愛的鋪陳，都只耽溺於肉體的纏綿，用大量的慢動作特寫鏡頭，流行歌的不斷串入，來強調這份愛的磅礡，我們並未隨著時間的遞延，感受到他們愛的與日俱增，麥克斯怎麼變成自己口中更好的人，觀者亦無法共鳴，這份愛或許他們說的蕩氣迴腸，但卻拍的空虛短淺，即便拿掉歐嘉身為法官的設定，對劇情的走向也不影響，電影並未真正對她工作的內容有所著墨，歐嘉的設定換成任何一事業卓然有成之女性，都可成立，這是影片稍嫌可惜之處。回到歐嘉和瑪雅兩人愛上同一個男人的糾葛，可以了解瑪雅的氣憤所為何來，但卻不能理解這樣氣媽媽要斷送媽媽職業生涯的報復手段，有其必要性？電影後面試圖用母愛匱乏，反向求愛這樣的說法，來為她的叛逆緩頰，然而在遊艇上對媽媽不斷夾雜髒話的真情告白，是多年委屈的不可自遏，還是猶然不知自己亦有超過之處的不知悔改？媽媽自言抱歉，母女兩人在床上相擁而泣的片段縱然有些溫情，但在煽情大過溫情的手法操作下，這樣的廉價和解讓人看得霧煞煞，也無法真正打從心裡感動。《禁忌之慾》有個很有趣的設定，但卻高高提起輕輕放下，電影於愛情拍的蒼白無力，像是加長版的音樂 MV，於母女親情處理的宛如肥皂劇，讓人無法清楚導演拍攝本片的真正意圖和最終目的，最後只成就了一部凸顯了肉體情慾，卻疏略於心理描繪的可惜之作。|https://news.agentm.tw/277440/|https://news.agentm.tw/wp-content/uploads/Heaven-in-Hell-390x219.png|['波蘭', '導演', '湯瑪茲曼德斯', '執導', '禁忌', '劇情', '描述', '法官', '歐嘉', '遇見', ' 15 歲', '教練', '麥克斯', '世界', '交集', '命運', '交纏', '性愛', '歐嘉', '麥克斯', '心靈', '歐嘉', '女兒', '瑪雅', '撞見完', '瑪雅', '麥克斯', '正牌', '女友', '禁忌', '內容', '目錄', '電影片名', '禁忌', '法官', '歐嘉', '母親', '小混混', '歐嘉', '瑪雅', '女倆', '行為', '電影', '職業', '差距', '麥克斯', '朋友', '審訊', '過程', '導演', '突破', '差距', '年齡', '職業', '功能', '電影', '時間', '鋪陳', '肉體', '鏡頭', '流行', '串入', '愛的', '時間', '日俱增', '麥克斯', '拿掉', '歐嘉', '劇情', '走向', '影響', '電影', '內容', '歐嘉', '事業', '女性', '成立', '影片', '歐嘉', '瑪雅', '男人', '糾葛', '瑪雅', '媽媽', '職業', '生涯', '手段', '必要性', '電影', '說法', '遊艇', '媽媽', '髒話', '真情', '告白', '媽媽', '母女', '片段', '溫情', '溫情', '手法', '操作', '霧煞煞', '禁忌', '放下', '電影', '愛情拍', '加長版', '音樂', '母女親情', '處理', '肥皂劇', '導演', '拍攝', '意圖', '成就', '肉體', '情慾', '心理', '描繪']|[('歐嘉', 8), ('麥克斯', 5), ('瑪雅', 5), ('電影', 5), ('禁忌', 4), ('導演', 3), ('職業', 3), ('媽媽', 3), ('劇情', 2), ('法官', 2), ('內容', 2), ('差距', 2), ('時間', 2), ('肉體', 2), ('溫情', 2), ('波蘭', 1), ('湯瑪茲曼德斯', 1), ('執導', 1), ('描述', 1), ('遇見', 1), (' 15 歲', 1), ('教練', 1), ('世界', 1), ('交集', 1), ('命運', 1), ('交纏', 1), ('性愛', 1), ('心靈', 1), ('女兒', 1), ('撞見完', 1), ('正牌', 1), ('女友', 1), ('目錄', 1), ('電影片名', 1), ('母親', 1), ('小混混', 1), ('女倆', 1), ('行為', 1), ('朋友', 1), ('審訊', 1), ('過程', 1), ('突破', 1), ('年齡', 1), ('功能', 1), ('鋪陳', 1), ('鏡頭', 1), ('流行', 1), ('串入', 1), ('愛的', 1), ('日俱增', 1), ('拿掉', 1), ('走向', 1), ('影響', 1), ('事業', 1), ('女性', 1), ('成立', 1), ('影片', 1), ('男人', 1), ('糾葛', 1), ('生涯', 1), ('手段', 1), ('必要性', 1), ('說法', 1), ('遊艇', 1), ('髒話', 1), ('真情', 1), ('告白', 1), ('母女', 1), ('片段', 1), ('手法', 1), ('操作', 1), ('霧煞煞', 1), ('放下', 1), ('愛情拍', 1), ('加長版', 1), ('音樂', 1), ('母女親情', 1), ('處理', 1), ('肥皂劇', 1), ('拍攝', 1), ('意圖', 1), ('成就', 1), ('情慾', 1), ('心理', 1), ('描繪', 1)]|0.9999999997491092|"又或歐嘉和瑪雅母女倆同愛一人的行為太離奇 | 回到歐嘉和瑪雅兩人愛上同一個男人的糾葛 | 但卻不能理解這樣氣媽媽要斷送媽媽職業生涯的報復手段"
電影影評_2024-04-10_68|2024-04-10|【影評】相米慎二《搬家》: 父母要離婚了，被迫成為被害者的女孩，決定踏上成為少女的冒險|電影影評|導演相米慎二應該仍然保有日本影史的一個小紀錄：他有多達四部作品的主演，獲得了當年的最佳新人獎。這代表著相米導演喜愛啟用新人，而且，是年紀很輕的新演員。這位導演如何讓沒有演戲經驗的演員表現出色？這是相米慎二的厲害之處。他的《搬家》（お引越し）就是一個好例子，當年僅僅 13 歲的主演田畑智子，獲得了三個日本在地的新人獎殊榮，如今這部電影在 4K 修復後首度在台灣公映，值得所有小朋友、與曾經是小朋友的觀眾們欣賞。《搬家》內容目錄漆原先生與漆原太太要分居了，他們的女兒蓮子發現，自己的小世界要分崩離析。爸爸不願意告訴她為何兩人要分開，媽媽已經開心地準備離婚協議書，並且開始規劃全新人生。蓮子想要挽回這一切，她不瞭解曾經是模範夫妻的爸媽，為何會走到這一步。蓮子對同學保密父母離異的事實，她也不願承認這個現實，蓮子決定對父母發動一場抗爭……做為這個三人家庭的一份子，她對這個家庭的崩壞有話要說。《搬家》家裡在京都祇園開料亭的田畑智子，某天餐廳來了一組客人，11 歲的她與姊姊出來招呼客人，對方跟她聊了一些話。那天傍晚，客人請這位女孩到他們住的旅館一趟。到了旅館的田畑才發現，這組 20 多人的客人其實是來拍電影的。平常幾乎沒在看電視與電影的田畑不認識對方，但他們其中的導演，卻邀請她來參加新電影的試鏡……最終，田畑在 8 千多位應徵《搬家》女主角蓮子的新人中，脫穎而出。《搬家》相米慎二的諸多才能之中，最珍貴之一應該是他的識人慧眼。相米沒有興趣培育素人演員，教導他們如何演戲，相米找尋的是最適合他角色的素人，然後讓像是田畑這樣的孩子，在片場做自己。也因此，相米在片場甚至不會與這些演員溝通，這場戲應該演什麼。正如《搬家》中段一場蓮子在祭典裡漫遊的戲，甚至沒有出現在劇本上，相米只是叫田畑在祭典人潮裡走來走去、自己爬上山坡……相米不告訴田畑應該怎麼做這些動作，只是他覺得這段不好時，就再重走一次。所以我們現在在《搬家》裡看到的蓮子，是 1992 年 12 歲演出電影的田畑智子本人，而不是劇本裡的蓮子。因為相米導演要求她在鏡頭前做自己，這讓蓮子這個角色充滿了真實的生命力。蓮子是一位健康的小學生，她有話就說，而且想做就做，同學要霸凌她，她馬上一巴掌伺候；但是當接受到陌生大人的好意，她也能流暢地應對進退。在父母尚未離異前，她已經負起這個雙薪家庭的許多家事責任。這是個早熟又聰慧的孩子，也因此，她無法理解離婚這個概念：因為愛而製造我的兩位大人，為什麼現在決定老死不相往來？《搬家》蓮子的爸爸賢一（中井貴一飾）有點不負責任，對家事不感興趣，也不體諒家庭主婦妻子的辛勞。但他卻是女兒最好的夥伴，會跟蓮子沒大沒小地玩在一起；蓮子的母親南沙（櫻田淳子飾），是個意志堅定的女性，曾經是家庭主婦的她，後來回歸職場，竟然賺得比老公還要多。曾經被丈夫嘲諷「家庭主婦又不會賺錢」的她，現在不用再看老公的臉色，自然想要振翅高飛。《搬家》這對夫妻的感情之所以變質，不是因為小三與經濟問題，而是在關係產生諸多細微的裂痕之後，最終演變成潰堤之災。電影沒有細談他們離婚的真正主因，因為重點不在這對決定離婚的夫妻身上，而在被迫承受離婚後果的小孩這一方。現在蓮子無法每天都見到會陪她練拳的老爸了；媽媽要求她必須分擔一大半家事；而她在聽到同學們欣羨自己爸媽感情良好時，格外尷尬，她不想因為父母離婚而被同學嘲笑……《搬家》是極其優秀的兒童電影，觀眾從第一個鏡頭開始，就會被田畑自然生動的「做自己」打動。這個充滿活力的孩子，相信自己可以扭轉離婚的現實，她很快地跳過了悲傷五階段的第一階段，直接憤怒地採取行動。但她不知道的是，父母之間的鴻溝遠遠超乎她的想像。而這更點燃了蓮子內心的怒火，抗爭行動規模越演越烈……《搬家》原版海報上的宣傳台詞就是蓮子的心境：「把我生下來真的謝謝啊，混蛋傢伙。」《搬家》直呼「混蛋」，是證明了蓮子的行動力、與蓮子對父母的徹底失望。如果夫妻關係終究要結束，那為什麼還要把無辜的她生下來？讓無權決定的她被迫承受這個結果？這不公平。這種憤怒體現在田畑智子的肢體動作與表情上。例如她奮力地在大雨之中奔跑，這場大雨是另一種形而上的象徵：她的天空破碎了，而她急著想要逃出這場悲劇；當同學霸凌班上父母離異的學生，她憤怒地舉起燃燒的燒瓶。田畑智子的臉上沒有擠眉弄眼，只有強忍的漠然──我其實也是你們霸凌的對象，而我不准你們傷害我。蓮子這個角色，不只因為魅力驚人的田畑智子而出色，她不願只做個單方面被害者的毅力也很驚人。電影後半段，蓮子在經歷五階段的「討價還價」（與父母雙方進行情感拉扯）後，進入了漫長的「沮喪」，最終甚至試圖與無法放下的自己和解，進入最終的「接受」階段。相米慎二不想讓《搬家》變成《天生一對》那樣便宜行事的童話，他相信的是兒童自身的療癒與成長，而《搬家》會讓觀眾見識到蓮子的強大。《搬家》蓮子與男同學阿稔親暱地打招呼，她對阿稔充滿熱情的告白「妳到哪裡我都會跟著妳」無動於衷；她看著大哥哥與女友間為了要不要生下孩子而爭執，只是似懂非懂。小學生的蓮子，在面臨離婚風暴的當下，同時也向著青春期此一人生新階段邁進。電影用「圍城作戰」與「林中漫步」兩場戲，來呈現蓮子內心的轉變。她害怕父母離婚後，也會同時失去雙方的愛，這份恐懼令乖巧的她，迅速築起一道物理／心靈上的牆做為防衛。但母親的一記鐵拳，令她內心的防禦徹底崩潰──她放開了手上曾代表與父親情感聯繫的長頸鹿布偶，任其墜落在地。《搬家》但在經歷了許多遭遇後，蓮子踏上了自立之路，她在祭典人潮裡隨波逐流，不自覺地接近火堆卻被推開；她在月夜深林裡漫無目的的走著，宛如初生的幼獸，甚至仰頭對著夜空嚎叫。這些如夢的橋段，都象徵著蓮子在追尋自我時的迷惘、挫敗與嘗試。最終她來到了原點，那是一個脫離現實的虛幻空間，她在那裡清晰地看到了曾經的自己──一個無法再回去的過去，而她必須在這裡做出決定，是繼續沉浸在過去心態，或是走向一個新的未來。《搬家》我們在《搬家》的最後一個鏡頭，會看到青春期的蓮子，她已經完成了個人的冒險，找到了自己的定位。《搬家》以離婚為題，以離婚關係裡的孩子為主角，但這部電影並不是另一部《藍色情人節》或《婚姻故事》，它其實是一段女孩成為少女的成長側寫。它會令你想起《蜂巢的幽靈》、《羊男的迷宮》、甚至是《龍貓》，而《搬家》與它們相比絕不遜色。推薦所有觀眾都應該觀賞《搬家》，然後我們可以一起哀悼：導演相米慎二卒年僅僅 53 歲，他的英年早逝是全球影壇的共同損失。《搬家》安排自 4/12 全台灣上映。|https://news.agentm.tw/277236/|https://news.agentm.tw/wp-content/uploads/ohikkosi-390x219.png|['導演', '相米慎二', '日本', '影史', '紀錄', '作品', '主演', '新人獎', '相米', '導演', '啟用', '新人', '年紀', '演員', '導演', '經驗', '演員', '表現', '米慎二', '引越', '例子', '主演', '田畑智子', '日本', '新人獎', '殊榮', '電影', '修復', '台灣', '小朋友', '小朋友', '觀眾', '目錄', '先生', '漆原', '太太', '女兒', '蓮子', '爸爸', '媽媽', '協議書', '規劃', '人生', '蓮子', '挽回', '模範', '夫妻', '爸媽', '蓮子', '同學', '父母', '事實', '現實', '蓮子', '父母', '發動', '家庭', '份子', '家庭', '京都祇園開料', '田畑智子', '餐廳', '客人', '姊姊', '招呼', '客人', '客人', '女孩', '旅館', '旅館', '田畑', '客人', '拍電影', '電視', '電影', '田畑', '導演', '邀請', '參加', '電影', '試鏡', '田畑', '應徵', '女主角', '蓮子', '新人', '米慎二', '才能', '識人', '慧眼', '相米', '興趣', '培育', '素人', '演員', '教導', '相米', '找尋', '角色', '素人', '田畑', '孩子', '片場', '相米', '片場', '演員', '溝通', '蓮子', '祭典', '劇本', '相米', '田畑', '祭典', '人潮裡', '山坡', '田畑', '動作', '蓮子', '演出', '電影', '田畑', '智子', '劇本', '蓮子', '相米', '導演', '鏡頭前', '蓮子', '角色', '生命力', '蓮子', '小學生', '做就', '同學', '霸凌', '伺候', '接受到', '大人', '好意', '父母', '負起', '家庭', '家事', '責任', '孩子', '概念', '製造', '大人', '蓮子', '爸爸賢一', '井貴一', '責任', '家事', '家庭', '主婦', '妻子', '女兒', '夥伴', '蓮子', '小地', '蓮子', '母親', '南沙', '櫻田淳子', '意志', '女性', '家庭', '主婦', '職場', '老公', '丈夫', '嘲諷', '家庭', '主婦', '老公', '臉色', '夫妻', '感情', '小三', '經濟', '問題', '關係', '裂痕', '電影', '主因', '重點', '決定', '夫妻', '承受', '後果', '小孩', '蓮子', '老爸', '分擔一大半', '家事', '同學', '爸媽', '感情', '父母', '同學', '嘲笑', '兒童', '電影', '觀眾從', '鏡頭', '田畑自然', '活力', '孩子', '扭轉', '現實', '階段', '階段', '行動', '父母', '鴻溝', '想像', '點燃', '蓮子', '內心', '怒火', '行動規模', '原版', '海報', '宣傳', '台詞', '蓮子', '心境', '混蛋', '傢伙', '混蛋', '蓮子', '行動力', '蓮子', '父母', '夫妻', '關係', '承受', '結果', '田畑智子', '肢體', '動作', '表情', '大雨', '大雨', '象徵', '天空', '悲劇', '學霸凌班', '父母', '學生', '田畑智子', '對象', '傷害', '蓮子', '角色', '魅力', '畑智子', '方面', '毅力', '電影', '蓮子', '階段', '父母', '進行', '情感', '拉扯', '放下', '接受', '階段', '相米慎二', '童話', '兒童', '療癒', '觀眾', '蓮子', '蓮子', '同學', '阿稔', '阿稔', '告白', '女友', '生下', '孩子', '小學生', '蓮子', '風暴', '青春期', '人生', '階段', '電影', '蓮子', '內心', '築起', '物理', '心靈', '防衛', '母親', '鐵拳', '內心', '放開', '父親', '情感', '聯繫', '長頸鹿', '布偶', '遭遇', '蓮子', '祭典', '人潮', '接近', '火堆', '推開', '深林', '夜空', '橋段', '蓮子', '追尋', '原點', '脫離', '現實', '做出', '決定', '心態', '鏡頭', '青春期', '蓮子', '完成', '找到', '定位', '孩子', '主角', '電影', '藍色情人節', '婚姻', '故事', '女孩', '少女', '羊男', '迷宮', '龍貓', '推薦', '觀眾', '觀賞', '導演', '相米慎二', '卒年', '英年', '全球', '影壇', '損失', '台灣']|[('蓮子', 27), ('電影', 9), ('父母', 8), ('田畑', 7), ('導演', 6), ('相米', 6), ('家庭', 6), ('同學', 5), ('孩子', 5), ('階段', 5), ('演員', 4), ('田畑智子', 4), ('夫妻', 4), ('客人', 4), ('相米慎二', 3), ('觀眾', 3), ('現實', 3), ('角色', 3), ('祭典', 3), ('家事', 3), ('主婦', 3), ('內心', 3), ('日本', 2), ('主演', 2), ('新人獎', 2), ('新人', 2), ('米慎二', 2), ('台灣', 2), ('小朋友', 2), ('女兒', 2), ('人生', 2), ('爸媽', 2), ('女孩', 2), ('旅館', 2), ('素人', 2), ('片場', 2), ('劇本', 2), ('動作', 2), ('小學生', 2), ('大人', 2), ('責任', 2), ('母親', 2), ('老公', 2), ('感情', 2), ('關係', 2), ('決定', 2), ('承受', 2), ('兒童', 2), ('鏡頭', 2), ('混蛋', 2), ('大雨', 2), ('情感', 2), ('阿稔', 2), ('青春期', 2), ('影史', 1), ('紀錄', 1), ('作品', 1), ('啟用', 1), ('年紀', 1), ('經驗', 1), ('表現', 1), ('引越', 1), ('例子', 1), ('殊榮', 1), ('修復', 1), ('目錄', 1), ('先生', 1), ('漆原', 1), ('太太', 1), ('爸爸', 1), ('媽媽', 1), ('協議書', 1), ('規劃', 1), ('挽回', 1), ('模範', 1), ('事實', 1), ('發動', 1), ('份子', 1), ('京都祇園開料', 1), ('餐廳', 1), ('姊姊', 1), ('招呼', 1), ('拍電影', 1), ('電視', 1), ('邀請', 1), ('參加', 1), ('試鏡', 1), ('應徵', 1), ('女主角', 1), ('才能', 1), ('識人', 1), ('慧眼', 1), ('興趣', 1), ('培育', 1), ('教導', 1), ('找尋', 1), ('溝通', 1), ('人潮裡', 1), ('山坡', 1), ('演出', 1), ('智子', 1), ('鏡頭前', 1), ('生命力', 1), ('做就', 1), ('霸凌', 1), ('伺候', 1), ('接受到', 1), ('好意', 1), ('負起', 1), ('概念', 1), ('製造', 1), ('爸爸賢一', 1), ('井貴一', 1), ('妻子', 1), ('夥伴', 1), ('小地', 1), ('南沙', 1), ('櫻田淳子', 1), ('意志', 1), ('女性', 1), ('職場', 1), ('丈夫', 1), ('嘲諷', 1), ('臉色', 1), ('小三', 1), ('經濟', 1), ('問題', 1), ('裂痕', 1), ('主因', 1), ('重點', 1), ('後果', 1), ('小孩', 1), ('老爸', 1), ('分擔一大半', 1), ('嘲笑', 1), ('觀眾從', 1), ('田畑自然', 1), ('活力', 1), ('扭轉', 1), ('行動', 1), ('鴻溝', 1), ('想像', 1), ('點燃', 1), ('怒火', 1), ('行動規模', 1), ('原版', 1), ('海報', 1), ('宣傳', 1), ('台詞', 1), ('心境', 1), ('傢伙', 1), ('行動力', 1), ('結果', 1), ('肢體', 1), ('表情', 1), ('象徵', 1), ('天空', 1), ('悲劇', 1), ('學霸凌班', 1), ('學生', 1), ('對象', 1), ('傷害', 1), ('魅力', 1), ('畑智子', 1), ('方面', 1), ('毅力', 1), ('進行', 1), ('拉扯', 1), ('放下', 1), ('接受', 1), ('童話', 1), ('療癒', 1), ('告白', 1), ('女友', 1), ('生下', 1), ('風暴', 1), ('築起', 1), ('物理', 1), ('心靈', 1), ('防衛', 1), ('鐵拳', 1), ('放開', 1), ('父親', 1), ('聯繫', 1), ('長頸鹿', 1), ('布偶', 1), ('遭遇', 1), ('人潮', 1), ('接近', 1), ('火堆', 1), ('推開', 1), ('深林', 1), ('夜空', 1), ('橋段', 1), ('追尋', 1), ('原點', 1), ('脫離', 1), ('做出', 1), ('心態', 1), ('完成', 1)]|0.0|"蓮子決定對父母發動一場抗爭……做為這個三人家庭的一份子 | 相米慎二不想讓《搬家》變成《天生一對》那樣便宜行事的童話 | 所以我們現在在《搬家》裡看到的蓮子"
電影影評_2024-04-10_69|2024-04-10|【影評】《功夫熊貓4》：屬於阿波生涯尾聲的傳承篇章，睽違 8 年的優秀續集|電影影評|2008 年，由夢工廠製作與發行的動畫片《功夫熊貓》，以古中國作為背景，描述一隻平凡熊貓學習武功成為神龍大俠的故事，其搞笑又有寓意的風格廣受大家的喜愛，這也使得片商之後一口氣推出三部曲，共創下 18 億左右的票房佳績。如今睽違 8 年之久，夢工廠再推出第四集，《功夫熊貓4》不但保有系列一貫特色，還因為時隔許久多了份懷舊氛圍。事實上，《功夫熊貓》前三部曲是一套近乎完整的阿波成長史，第一集可以視為主角阿波的生涯起點與逐夢篇章，他克服所有苦難以及眾人輕視的目光，在經歷了一場冒險後成為了他名符其實的神龍大俠；到了第二集，則可以當作是阿波發揮自己所長，並且開始展現出領導風範的一部代表作，他將學習如何成為真正的功夫大師；第三集則是阿波人生重要的轉捩點，因為他將從大俠轉變為大師，並且面對他未知的過去與未來。這三部曲可以說是完整刻劃主角阿波的生涯歷程，所以即便第三集的評價不及前兩集，我都認為它還是有一定的存在意義，那麼《功夫熊貓4》呢？從電影上映前的資訊來看，《功夫熊貓4》將讓阿波尋找繼承人，而正片也確實遵循著這條劇情線進行，阿波不僅是個神龍大俠，也是大師級的人物了，他已經走到了需要找尋繼承人、並且退居指導的職位。這和第二集的「指導」意義不同，第二集單純只是讓阿波訓練出一支即戰力，但在這集所代表的意義是有如龜大仙這樣地位的指導，所以按照前三部曲描寫阿波生涯歷程的模式來看，你幾乎可以把這集視為阿波生涯的終點。《功夫熊貓4》也確實在劇情設定上展現出阿波生涯最終代表作的氣勢，別的不說就先說這次的反派變色龍，他竟然是一個可以召喚出阿波過去所有對手的反派，這也意旨過去三集曾出現過的殘豹、沈王爺、天煞等等都有登場，這不是情懷是什麼呢？變色龍有著可以將所有反派招式吸收到自己身上的技能，光從這點就幾乎可以斷定他是《功夫熊貓》系列最強大反派，不過這樣的強大卻沒有造成太大的威脅，而且電影似乎還刻意讓阿波在前面像是故意保留實力打不贏變色龍，得以使劇情有所推進，並且給有著傳承意味的角色有所表現，最後才發揮真正的實力來收尾。礙於阿波已經是頂尖戰力等級的角色，劇情上有這樣的編排也無可厚非，只是難免還是對於正反派的對決有些失望。除此之外，《功夫熊貓4》並沒有什麼大問題，系列一貫的幽默與武打設計都在水準上，阿波的插科打諢也依然令人會心一笑，這是一部優秀的續集，它不僅成功為已經完整的三部曲故事線做出延伸，同時也得以讓老觀眾感受到一定的情懷，也不會賣過頭，畢竟，連最大的情懷蓋世五俠都僅客串一幕而已。至於《功夫熊貓4》真的是系列最終章嗎？我想這點沒人說得準，或許阿波是準備要引退了，但這並不代表故事無法延續，畢竟他接下來扮演的角色定位還是大有可為。但從這集也能看出一個問題：似乎再也沒有更強大的反派能威脅到阿波，因此如果有續集，勢必得有個好劇本來掩蓋這個缺點才是。說起來，《功夫熊貓》系列距離第一集也已經有 16 年之久了，現在一定也有許多新觀眾沒有看過，而《功夫熊貓4》當然不會有看不懂的問題，它對於新老觀眾都是很合適的，至少我看的那場有許多小朋友看得不亦樂乎，這不就是一部成功的動畫片了嗎？|https://news.agentm.tw/277248/|https://news.agentm.tw/wp-content/uploads/2-296-390x219.jpg|['夢工廠', '製作', '發行', '動畫片', '功夫', '熊貓', '中國', '背景', '描述', '熊貓', '學習', '神龍大俠', '故事', '寓意', '風格', '片商', '推出', '三部曲', '創下', '票房', '佳績', '夢工廠', '推出', '功夫', '熊貓', '系列', '特色', '時隔', '氛圍', '事實', '功夫', '熊貓', '三部曲', '阿波', '成長', '主角', '阿波', '生涯', '起點', '苦難', '眾人', '目光', '神龍', '大俠', '阿波', '風範', '表作', '學習', '大師', '阿波', '轉捩點', '大俠', '大師', '面對', '三部曲', '刻劃主角', '阿波', '生涯', '歷程', '評價', '意義', '功夫熊貓4', '電影', '資訊', '功夫', '熊貓4》', '阿波', '尋找', '劇情線', '進行', '阿波', '神龍大俠', '大師級', '人物', '找尋', '繼承人', '指導', '職位', '指導', '意義', '阿波', '訓練出', '戰力', '意義', '龜大仙', '地位', '三部曲', '描寫', '阿波', '生涯', '歷程', '模式', '阿波', '生涯', '終點', '功夫', '熊貓', '劇情', '設定', '阿波', '生涯', '代表', '氣勢', '反派', '變色龍', '召喚出', '阿波', '對手', '反派', '意旨', '殘豹', '沈王爺', '天煞', '情懷', '變色龍', '反派', '招式', '收到', '技能', '功夫熊貓', '系列', '反派', '威脅', '電影', '阿波', '保留', '實力', '打不贏', '變色龍', '劇情', '傳承', '意味', '角色', '表現', '實力', '阿波', '戰力', '等級', '角色', '劇情', '正反派', '功夫熊貓4》', '問題', '系列', '水準上', '阿波', '插科打諢', '續集', '三部曲', '故事線', '做出', '情懷', '情懷', '客串', '功夫', '熊貓', '系列', '阿波', '故事', '扮演', '角色', '定位', '問題', '反派', '阿波', '續集', '掩蓋', '缺點', '功夫', '熊貓', '系列', '觀眾', '功夫', '熊貓4', '問題', '觀眾', '小朋友', '動畫片']|[('阿波', 17), ('功夫', 8), ('熊貓', 7), ('三部曲', 5), ('系列', 5), ('生涯', 5), ('反派', 5), ('意義', 3), ('劇情', 3), ('變色龍', 3), ('情懷', 3), ('角色', 3), ('問題', 3), ('夢工廠', 2), ('動畫片', 2), ('學習', 2), ('神龍大俠', 2), ('故事', 2), ('推出', 2), ('大俠', 2), ('大師', 2), ('歷程', 2), ('電影', 2), ('指導', 2), ('戰力', 2), ('實力', 2), ('續集', 2), ('觀眾', 2), ('製作', 1), ('發行', 1), ('中國', 1), ('背景', 1), ('描述', 1), ('寓意', 1), ('風格', 1), ('片商', 1), ('創下', 1), ('票房', 1), ('佳績', 1), ('特色', 1), ('時隔', 1), ('氛圍', 1), ('事實', 1), ('成長', 1), ('主角', 1), ('起點', 1), ('苦難', 1), ('眾人', 1), ('目光', 1), ('神龍', 1), ('風範', 1), ('表作', 1), ('轉捩點', 1), ('面對', 1), ('刻劃主角', 1), ('評價', 1), ('功夫熊貓4', 1), ('資訊', 1), ('熊貓4》', 1), ('尋找', 1), ('劇情線', 1), ('進行', 1), ('大師級', 1), ('人物', 1), ('找尋', 1), ('繼承人', 1), ('職位', 1), ('訓練出', 1), ('龜大仙', 1), ('地位', 1), ('描寫', 1), ('模式', 1), ('終點', 1), ('設定', 1), ('代表', 1), ('氣勢', 1), ('召喚出', 1), ('對手', 1), ('意旨', 1), ('殘豹', 1), ('沈王爺', 1), ('天煞', 1), ('招式', 1), ('收到', 1), ('技能', 1), ('功夫熊貓', 1), ('威脅', 1), ('保留', 1), ('打不贏', 1), ('傳承', 1), ('意味', 1), ('表現', 1), ('等級', 1), ('正反派', 1), ('功夫熊貓4》', 1), ('水準上', 1), ('插科打諢', 1), ('故事線', 1), ('做出', 1), ('客串', 1), ('扮演', 1), ('定位', 1), ('掩蓋', 1), ('缺點', 1), ('熊貓4', 1), ('小朋友', 1)]|0.9999999999999998|"光從這點就幾乎可以斷定他是《功夫熊貓》系列最強大反派 | 《功夫熊貓》系列距離第一集也已經有 16 年之久了 | 《功夫熊貓4》並沒有什麼大問題"
電影影評_2024-04-10_70|2024-04-10|【影評】《SISU：黃金硬漢》：他只是拒絕死亡——人狠話不多的北歐殺神|電影影評|如今要當個殺神，光只是對付黑幫還不夠，你還得要隻身幹翻一小支納粹軍團。近期在 Netflix 上架的芬蘭電影《SISU：黃金硬漢》，便是在這類孤狼電影一部接著一部推出之後，戰力通膨的最新代表。但這絕非表示《SISU：黃金硬漢》是平庸跟風之作，事實上，本片仍有不少令人眼睛為之一亮的設計，加上 91 分鐘短小精悍的片長，讓略顯直線發展的劇情在看膩前就已經迎來滿足的收尾，娛樂性十分足夠，更是適合享受暴力美學的觀眾。*以下有部分劇情提及《SISU：黃金硬漢》的製片商「Stage 6 Films」發行過不少品質精良的類型片，其中的《暫時停止呼吸》、《全面突襲》系列也都是以不好惹的戰鬥機器作為主角。《SISU：黃金硬漢》可以看見一些基努李維《捍衛任務》的影子，包括那些殺神般的傳說（主角稱號是「科夏伊」），故事還沒由來的出現一隻狗。不過，本片也試圖融入其他類型要素，如「淘金」本來是美國西部片的一個傳統主題，電影中章節字卡設計得復古，再加上大量大量的血漿，以及冷冽優美的風景，似乎有種向《八惡人》取經的感覺。後段「科夏伊」隻身從車隊往前殺戮，還解放了一小群女性奴隸的過程，也讓人想起了《瘋狂麥斯：憤怒道》。在看《SISU：黃金硬漢》這類電影時，觀眾想看的自然都是令人血脈賁張的暴力場面，最好還結合大快人心的復仇要素。本片確實有不少血脈賁張（物理）的畫面，主角將地雷砸向納粹士兵，以及在水底割喉吸取空氣的動作設計都很有創意，可說是比約翰維克更不怕髒了自己的手。電影開頭說明，「SISU」是一個無法翻譯的芬蘭語，意為令人膽寒的勇氣與難以想像的決心。這位傳說中曾經殺死 300 位俄羅斯人的「科夏伊」，如今只在乎他徒手淘出的黃金；在復仇過程中他挖開戰車車頂，又敲開飛機底部，那樣的動作就彷彿他一直在挖掘金礦，目標從未改變，也沒有任何人事物能讓他停下來。「SISU」讓主角從爆炸的地雷中倖存，連絞刑架都制伏不了他，最後他死命攀著飛機一路向上飛的片段是有些誇張了，瞬間以為我打開的電影是《不可能的任務》——但到這個程度，你再也不會懷疑一個人可以決絕到什麼程度。飾演《SISU：黃金硬漢》的演員 Jorma Tommila 本人已經 65 歲，確實將飽經風霜卻又堅不可摧的形象演了出來。美中不足的是，由於主演陣容幾乎都是芬蘭人，片中納粹軍人對話都使用英文來呈現，在觀看上略為出戲。不過如果是週末假日想看部可放空的爽片，這仍然是個不錯的選擇。|https://news.agentm.tw/277226/|https://news.agentm.tw/wp-content/uploads/00-9-390x219.png|['殺神', '對付', '黑幫', '納粹', '軍團', '芬蘭', '電影', '黃金', '硬漢', '孤狼', '電影', '推出', '戰力', '通膨', '代表', '黃金', '硬漢', '事實', '眼睛', '設計', '片長', '直線', '發展', '劇情', '看膩', '迎來', '娛樂性', '暴力', '美學', '觀眾', '劇情', '黃金硬漢', '製片商', '發行', '品質', '類型片', '呼吸', '突襲', '系列', '主角', '黃金硬漢', '基努李維', '捍衛', '任務', '影子', '殺神', '傳說', '主角', '稱號', '科夏伊', '故事', '融入', '類型', '要素', '美國', '西部片', '主題', '電影', '章節', '字卡設計', '血漿', '風景', '惡人', '感覺', '科夏伊', '車隊', '解放', '女性', '奴隸', '過程', '麥斯：', '金硬漢', '電影', '觀眾', '自然', '血脈賁張', '暴力', '場面', '人心', '要素', '血脈賁', '物理', '畫面', '主角', '地雷', '納粹', '士兵', '割喉', '空氣', '動作', '設計', '創意', '約翰維克', '電影', '翻譯', '芬蘭語', '意為', '勇氣', '決心', '傳說', '殺死', '俄羅斯人', '科夏伊', '淘出', '黃金', '挖開', '戰車', '車頂', '敲開', '飛機', '動作', '金礦', '目標', '改變', '事物', '主角', '地雷', '刑架', '飛機', '片段', '打開', '電影', '任務', '程度', '程度', '飾演', '黃金', '硬漢', '演員', '形象', '陣容', '蘭人', '納粹', '軍人', '對話', '使用', '英文', '觀看', '看部', '爽片', '選擇']|[('電影', 6), ('黃金', 4), ('主角', 4), ('納粹', 3), ('硬漢', 3), ('科夏伊', 3), ('殺神', 2), ('設計', 2), ('劇情', 2), ('暴力', 2), ('觀眾', 2), ('黃金硬漢', 2), ('任務', 2), ('傳說', 2), ('要素', 2), ('地雷', 2), ('動作', 2), ('飛機', 2), ('程度', 2), ('對付', 1), ('黑幫', 1), ('軍團', 1), ('芬蘭', 1), ('孤狼', 1), ('推出', 1), ('戰力', 1), ('通膨', 1), ('代表', 1), ('事實', 1), ('眼睛', 1), ('片長', 1), ('直線', 1), ('發展', 1), ('看膩', 1), ('迎來', 1), ('娛樂性', 1), ('美學', 1), ('製片商', 1), ('發行', 1), ('品質', 1), ('類型片', 1), ('呼吸', 1), ('突襲', 1), ('系列', 1), ('基努李維', 1), ('捍衛', 1), ('影子', 1), ('稱號', 1), ('故事', 1), ('融入', 1), ('類型', 1), ('美國', 1), ('西部片', 1), ('主題', 1), ('章節', 1), ('字卡設計', 1), ('血漿', 1), ('風景', 1), ('惡人', 1), ('感覺', 1), ('車隊', 1), ('解放', 1), ('女性', 1), ('奴隸', 1), ('過程', 1), ('麥斯：', 1), ('金硬漢', 1), ('自然', 1), ('血脈賁張', 1), ('場面', 1), ('人心', 1), ('血脈賁', 1), ('物理', 1), ('畫面', 1), ('士兵', 1), ('割喉', 1), ('空氣', 1), ('創意', 1), ('約翰維克', 1), ('翻譯', 1), ('芬蘭語', 1), ('意為', 1), ('勇氣', 1), ('決心', 1), ('殺死', 1), ('俄羅斯人', 1), ('淘出', 1), ('挖開', 1), ('戰車', 1), ('車頂', 1), ('敲開', 1), ('金礦', 1), ('目標', 1), ('改變', 1), ('事物', 1), ('刑架', 1), ('片段', 1), ('打開', 1), ('飾演', 1), ('演員', 1), ('形象', 1), ('陣容', 1), ('蘭人', 1), ('軍人', 1), ('對話', 1), ('使用', 1), ('英文', 1), ('觀看', 1), ('看部', 1), ('爽片', 1), ('選擇', 1)]|1.7763568394002505e-15|"在看《SISU：黃金硬漢》這類電影時 | 觀眾想看的自然都是令人血脈賁張的暴力場面 | 如「淘金」本來是美國西部片的一個傳統主題"
電影影評_2024-04-10_71|2024-04-10|【影評】《天魔：惡之初》：看似懷舊，卻處處充滿新意的優秀前傳|電影影評|構思經典電影的前傳故事，往往是吃力不討好的任務。除了要保留原作的氣氛及風格，還必須要在完整飽滿、頭尾呼應的原作劇本裡，探索能話說從頭的切入點，就像倒著讀一本推理小說，在所有機關與伏筆都真相大白的情況下，仍試圖找到新鮮感，以及揮灑創意的新空間。1976 年《天魔》打著恐怖名作《天魔》前傳名號的《惡之初》，就是面對如此艱鉅的挑戰。《天魔》的編劇大衛賽爾澤已將故事的前因後果解釋的清楚易懂，甚至在親自執筆的小說裡補足不少電影未詳述的資訊，讓我們見證惡魔之子「戴米恩」如何在撒旦信徒的協助下誕生，並以偷天換日的手段進入美國外交官的家庭，作為日後掌控世界的第一塊踏板。如果《天魔》本身就是邪惡勢力的起源故事，那麼它還留有多少能追本溯源的篇幅呢？幸運的是，《天魔：惡之初》克服了這個關卡。它聰明地從「惡魔誕生」的故事聯想到「惡魔之母」的緣起，讓這部前傳有個紮實的著力點。但這也是個取巧的手段，因為《天魔》的戴米恩其實沒有人類生母，而是透過豺狼借腹生子，塑造「看似人類，但毫無人類血緣」的詭異氛圍。《天魔：惡之初》將原始設定改成「化身為豺狼的惡魔讓人類受孕」的作法，固然讓前傳故事有更多可行性，然而它也讓本片更像「重啟續集」(requel)，而非純粹的話說從頭。不過撇除這個更動不論，《天魔：惡之初》仍然是一部與《天魔》的世界觀完美銜接的優秀前傳。除了首集重要角色布列南神父的登場（改由《綠騎士》的雷夫伊內森飾演）、熟悉的惡魔記號，與葛雷哥萊畢克的檔案照以外，本片對戴米恩的主題音樂《撒旦頌》(Ave Satani)的靈活運用，可說成功重現了作曲家傑瑞高史密斯在當年營造的驚懼氛圍。從片頭用教堂鐘聲敲出的《撒旦頌》旋律開始，這首曲子就像片中的恐怖感一樣，總是默不作聲地潛藏在日常時分，卻在危急時刻精準地爆發開來，映射出陰謀策劃者的巨大黑影、混亂的時代，及墮落腐敗的宗教體系。另一方面，《天魔：惡之初》並沒有亦步亦趨地模仿《天魔》系列的劇情公式，這也是它的可敬之處。我們對《天魔》系列的印象，通常是教會與惡魔信徒的鬥爭、將阻礙者滅口的怪異死亡事件，及刺殺惡魔之子的最後一搏。但這次的前傳明顯地減緩故事的步調，用主角面對宿命及陰謀的痛苦掙扎，取代刺激視覺的血腥暴力。而那些獵奇的黑暗儀式與惡魔蹤影，也變成真假難分的或心理暗示或幻覺。此外，本片不再將戰場放在撒旦教與基督教的衝突，而是讓教會的激進派系試圖以製造惡魔的手段，迫使人類鞏固信仰。這個顛覆味道十足的翻案反而讓《天魔》的原始設定更為合理。事實上，大衛賽爾澤對惡魔擁護者的來歷始終含糊其詞，只暗示這批勢力極為龐大且無孔不入，讓每次大戰幾乎都是正不勝邪。教會內戰的安排不但說明了敵人的能耐，甚至解釋了《天魔》系列小說的惡魔信徒們雖然服從戴米恩一家，卻無法坐視他們毀滅世界的理由。《天魔：惡之初》更意有所指的將不擇手段的激進派形容成「默許性侵醜聞且罔顧正義之人」，對宗教界一味維護表象及權威，卻無法順應時代改革的弊病，給予銳利的針砭。有趣的是，《惡之初》與同期上映的《鬼聖胎》探討的主題幾乎一模一樣。雖然前者著重驚悚氣氛，後者偏重感官刺激，不過兩部片皆涉及野心份子用人工手段讓惡魔或救世主再現世間，以獲得主導權的陰謀。生育在兩部作品裡成為製造苦難的工具．受害者更在失去身體自主權的情況下任人宰割。對加害者來說，這都是為了實現奇蹟的必要犧牲，但他們在實踐教義的同時，也揚棄宗教的人道精神，使宗教變的有形無體。就連《天魔》的恐怖象徵戴米恩，在《惡之初》也淪為宗教陰謀的間接受害者。他在出生前就註定扮演邪惡的角色，無法選擇自己的人生，但他死裡逃生的手足，卻可能在母親的引導與教育下走向不同的未來。《天魔：惡之初》讓戴米恩的姊妹登場的安排，一方面呼應當年電視電影《天魔甦醒》的情節，一方面也為本片的黑暗結局增添不少希望與暖意。而過去始終在《天魔》系列被邊緣化的女性角色，在《惡之初》有著更吃重的戲份，並可望成為開啟全新故事的關鍵。無論《惡之初》是重啟系列的掌旗手，或僅是讓影迷重溫美好回憶的外傳，它所帶來的革新都會對這個經典品牌帶來深遠影響，也令我們更加期待。延伸閱讀>>中國入侵台灣與俄羅斯，第三次世界大戰爆發：你從未看過的《天魔》大結局|https://news.agentm.tw/277212/|https://news.agentm.tw/wp-content/uploads/1-35-390x219.jpeg|['經典', '電影', '故事', '討好', '任務', '保留', '原作', '氣氛', '風格', '頭尾', '呼應', '原作', '劇本', '切入點', '讀一', '推理', '小說', '機關', '伏筆', '真相', '情況', '找到', '新鮮感', '揮灑', '創意', '天魔', '名作', '天魔', '名號', '面對', '挑戰', '天魔', '編劇', '大衛', '賽爾澤', '故事', '前因', '後果', '小說', '補足', '電影', '詳述', '資訊', '惡魔', '米恩', '撒旦', '信徒', '協助', '手段', '美國', '外交官', '家庭', '掌控', '世界', '踏板', '天魔', '勢力', '起源', '故事', '篇幅', '天魔', '關卡', '惡魔', '故事', '惡魔', '緣起', '力點', '手段', '天魔', '米恩', '人類生母', '豺狼', '塑造', '人類', '人類血緣」', '氛圍', '豺狼', '人類', '作法', '故事', '話說', '撇除', '天魔', '天魔', '世界觀', '角色', '布列南', '神父', '綠騎士', '雷夫伊內森', '飾演', '惡魔', '記號', '葛雷哥萊畢克', '檔案', '戴米恩', '主題', '音樂', '撒旦頌', '運用', '作曲家', '傑瑞高史密斯', '營造', '氛圍', '片頭', '教堂', '鐘聲', '敲出', '撒旦頌', '旋律', '曲子', '時分', '時刻', '映射出', '陰謀', '黑影', '時代', '宗教', '體系', '天魔', '模仿', '天魔', '系列', '劇情公式', '天魔', '系列', '印象', '教會', '惡魔', '信徒', '阻礙', '事件', '刺殺', '惡魔', '故事', '步調', '主角', '面對', '宿命', '陰謀', '取代', '刺激', '視覺', '暴力', '儀式', '惡魔', '蹤影', '真假難分', '心理', '幻覺', '戰場', '撒旦教', '基督教', '衝突', '教會', '製造', '惡魔', '手段', '人類', '信仰', '顛覆', '味道', '翻案', '天魔', '設定', '事實', '大衛', '賽爾澤', '惡魔', '擁護', '來歷', '勢力', '大戰', '內戰', '敵人', '能耐', '天魔', '系列', '小說', '惡魔', '信徒', '服從', '戴米恩', '毀滅', '世界', '理由', '天魔', '惡之初', '意有所', '激進派', '醜聞', '正義', '宗教界', '維護', '表象', '權威', '時代', '改革', '弊病', '針砭', '聖胎', '主題', '氣氛', '刺激', '野心', '份子', '惡魔', '救世主', '世間', '主導權', '陰謀', '生育', '作品', '製造', '苦難', '工具', '身體', '自主', '情況', '宰割', '加害者', '實現', '奇蹟', '實踐教義', '揚棄', '宗教', '人道', '精神', '宗教', '戴米恩', '惡之初》', '宗教', '陰謀', '扮演', '角色', '選擇', '人生', '手足', '母親', '引導', '教育', '戴米恩', '姊妹', '呼應', '電視', '電影', '天魔', '情節', '結局', '增添', '希望', '暖意', '天魔', '系列', '女性', '角色', '戲份', '開啟', '故事', '關鍵', '重啟', '系列', '掌旗手', '影迷', '外傳', '帶來', '經典', '品牌', '帶來', '影響', '閱讀', '中國', '台灣', '俄羅斯', '大戰', '天魔']|[('天魔', 17), ('惡魔', 11), ('故事', 7), ('系列', 5), ('戴米恩', 4), ('陰謀', 4), ('宗教', 4), ('電影', 3), ('小說', 3), ('信徒', 3), ('手段', 3), ('人類', 3), ('角色', 3), ('經典', 2), ('原作', 2), ('氣氛', 2), ('呼應', 2), ('情況', 2), ('面對', 2), ('大衛', 2), ('賽爾澤', 2), ('米恩', 2), ('世界', 2), ('勢力', 2), ('豺狼', 2), ('氛圍', 2), ('主題', 2), ('撒旦頌', 2), ('時代', 2), ('教會', 2), ('刺激', 2), ('製造', 2), ('大戰', 2), ('帶來', 2), ('討好', 1), ('任務', 1), ('保留', 1), ('風格', 1), ('頭尾', 1), ('劇本', 1), ('切入點', 1), ('讀一', 1), ('推理', 1), ('機關', 1), ('伏筆', 1), ('真相', 1), ('找到', 1), ('新鮮感', 1), ('揮灑', 1), ('創意', 1), ('名作', 1), ('名號', 1), ('挑戰', 1), ('編劇', 1), ('前因', 1), ('後果', 1), ('補足', 1), ('詳述', 1), ('資訊', 1), ('撒旦', 1), ('協助', 1), ('美國', 1), ('外交官', 1), ('家庭', 1), ('掌控', 1), ('踏板', 1), ('起源', 1), ('篇幅', 1), ('關卡', 1), ('緣起', 1), ('力點', 1), ('人類生母', 1), ('塑造', 1), ('人類血緣」', 1), ('作法', 1), ('話說', 1), ('撇除', 1), ('世界觀', 1), ('布列南', 1), ('神父', 1), ('綠騎士', 1), ('雷夫伊內森', 1), ('飾演', 1), ('記號', 1), ('葛雷哥萊畢克', 1), ('檔案', 1), ('音樂', 1), ('運用', 1), ('作曲家', 1), ('傑瑞高史密斯', 1), ('營造', 1), ('片頭', 1), ('教堂', 1), ('鐘聲', 1), ('敲出', 1), ('旋律', 1), ('曲子', 1), ('時分', 1), ('時刻', 1), ('映射出', 1), ('黑影', 1), ('體系', 1), ('模仿', 1), ('劇情公式', 1), ('印象', 1), ('阻礙', 1), ('事件', 1), ('刺殺', 1), ('步調', 1), ('主角', 1), ('宿命', 1), ('取代', 1), ('視覺', 1), ('暴力', 1), ('儀式', 1), ('蹤影', 1), ('真假難分', 1), ('心理', 1), ('幻覺', 1), ('戰場', 1), ('撒旦教', 1), ('基督教', 1), ('衝突', 1), ('信仰', 1), ('顛覆', 1), ('味道', 1), ('翻案', 1), ('設定', 1), ('事實', 1), ('擁護', 1), ('來歷', 1), ('內戰', 1), ('敵人', 1), ('能耐', 1), ('服從', 1), ('毀滅', 1), ('理由', 1), ('惡之初', 1), ('意有所', 1), ('激進派', 1), ('醜聞', 1), ('正義', 1), ('宗教界', 1), ('維護', 1), ('表象', 1), ('權威', 1), ('改革', 1), ('弊病', 1), ('針砭', 1), ('聖胎', 1), ('野心', 1), ('份子', 1), ('救世主', 1), ('世間', 1), ('主導權', 1), ('生育', 1), ('作品', 1), ('苦難', 1), ('工具', 1), ('身體', 1), ('自主', 1), ('宰割', 1), ('加害者', 1), ('實現', 1), ('奇蹟', 1), ('實踐教義', 1), ('揚棄', 1), ('人道', 1), ('精神', 1), ('惡之初》', 1), ('扮演', 1), ('選擇', 1), ('人生', 1), ('手足', 1), ('母親', 1), ('引導', 1), ('教育', 1), ('姊妹', 1), ('電視', 1), ('情節', 1), ('結局', 1), ('增添', 1), ('希望', 1), ('暖意', 1), ('女性', 1), ('戲份', 1), ('開啟', 1), ('關鍵', 1), ('重啟', 1), ('掌旗手', 1), ('影迷', 1), ('外傳', 1), ('品牌', 1), ('影響', 1), ('閱讀', 1), ('中國', 1), ('台灣', 1), ('俄羅斯', 1)]|1.0|"《天魔：惡之初》將原始設定改成「化身為豺狼的惡魔讓人類受孕」的作法 | 1976 年《天魔》打著恐怖名作《天魔》前傳名號的《惡之初》 | 《天魔：惡之初》克服了這個關卡"
電影影評_2024-04-09_72|2024-04-09|【影評】《超危險警探》：有懸疑感但劇本缺乏修飾，一點也不危險的懸疑小品|電影影評|羅素克洛主演的懸疑片《超危險警探》於近日上映，他在這部電影中飾演一個失去記憶的退休警探，為了重新調查過去曾參與過的案件，開始深入接觸該案件的相關人士，並逐漸發現真相似乎不單純。整體來說，《超危險警探》可以說是一部中規中矩的懸疑片，劇情沒有什麼明顯的高低起伏，就是一部要你細嚼慢嚥的小品之作。先提一下，羅素克洛先前有一部電影叫做《超危險駕駛》，我認為該片片名取得相當好，因為羅素飾演的就是一個路怒症的駕駛，但這部《超危險警探》就取得有些勉強了。我們會誤以為羅素這次飾演一個很兇悍的警探，但實際上，羅素這次就只是一個失去記憶，為了尋求真相的警探，在過程中更像是一個偵探在調查事情般，一點危險性也沒有，說他是《超危險警探》實在不太合適。《超危險警探》全片透過角色章節的方式進行，以插敘的方式來告訴你各個角色間的關係以及遭遇到的故事，節奏上偏慢，但也不至於會無聊，可是假如你一開始就期待錯誤，那就可能會很想睡。整體來說《超危險警探》的故事並不複雜，出現的角色也不多，始終圍繞在幾個角色間打轉，可是劇情編排上出現了一些問題。首先，電影被一些無關緊要或是原地打轉的敘事拉長了篇幅，卻沒有起到加分作用，通常懸疑片這麼設計理應是要混淆視聽，可是《超危險警探》卻像是想不出更好的轉折或敘事詭計，敘事都沒有帶出該有的效果，反倒是在中途直接放棄，讓你一眼就看出誰才是真正的兇手。這無疑是個致命缺點，儘管你還無法推敲出兇手的真正動機，但提前讓你知道兇手是誰就已經是個致命傷了。像這種主角失去記憶的懸疑片並不新鮮，隨便就能講出如《魔鬼總動員》、《記憶拼圖》這種經典，或是近代點如連恩尼遜的《狙擊陌生人》、《記憶殺神》等等，甚至最近連《機密特務：阿蓋爾》也在玩這個。這類建構在主角失憶上的懸疑劇情也是把雙面刃，它超容易被寫爛，但寫得好就有望成為經典，而《超危險警探》比較屬於中間值，它的劇情寫得很平庸，但靠著極為保守的敘事撐住電影，以至於看到最後你不會覺得它寫爛了，只是缺乏變化與新鮮感而已。羅素克洛近年開始接拍各種不同類型的電影，雖然都不是什麼大片，但看到目前為止也都沒有特別爛的作品，而且各種角色詮釋看下來是還蠻有趣的，不論是路怒症駕駛、嘴砲驅魔士、正義感十足的無人機駕駛等等，再到這次追求真相的失憶警探，都能看出這位奧斯卡影帝的百變樣貌，而且別忘了，我們再過幾個月還能在《獵人克萊文》中看到他的身影，可以說是非常活躍。如果你喜歡羅素克洛，或是想看一部可以細細品味的懸疑片，那麼《超危險警探》很適合你，當作是一部還不錯的小品是沒問題的，不要期待有任何「超危險」的動作場面就好。|https://news.agentm.tw/277005/|https://news.agentm.tw/wp-content/uploads/1-336-390x219.jpg|['羅素克洛', '主演', '懸疑片', '警探', '電影', '飾演', '記憶', '警探', '參與', '案件', '接觸', '案件', '人士', '真相', '整體', '超危險', '警探', '懸疑片', '劇情', '小品', '羅素克洛', '電影', '駕駛', '片名', '羅素', '飾演', '路怒', '駕駛', '警探', '羅素', '飾演', '警探', '羅素', '記憶', '尋求', '真相', '警探', '過程', '偵探', '事情', '危險性', '警探', '警探', '角色', '章節', '方式', '進行', '方式', '角色', '關係', '故事', '整體', '警探', '故事', '角色', '圍繞', '角色', '劇情編排', '問題', '電影', '原地', '拉長', '篇幅', '起到加分作用', '懸疑片', '設計', '警探', '轉折', '詭計', '帶出', '效果', '中途', '放棄', '兇手', '缺點', '兇手', '動機', '兇手', '主角', '記憶', '懸疑片', '講出', '魔鬼', '經典', '恩尼遜', '狙擊', '陌生人', '記憶殺神', '特務', '阿蓋爾', '建構', '主角', '劇情', '雙面', '寫爛', '經典', '警探', '劇情', '電影', '寫爛', '變化', '新鮮感', '羅素克洛', '接拍', '類型', '電影', '作品', '角色', '詮釋', '路怒症', '駕駛', '砲驅魔士', '義感', '人機駕駛', '追求', '真相', '奧斯卡', '影帝', '人克萊文', '身影', '羅素克洛', '品味', '懸疑片', '警探', '小品', '問題', '超危險', '動作', '場面']|[('警探', 12), ('懸疑片', 5), ('電影', 5), ('角色', 5), ('羅素克洛', 4), ('飾演', 3), ('記憶', 3), ('真相', 3), ('劇情', 3), ('駕駛', 3), ('羅素', 3), ('兇手', 3), ('案件', 2), ('整體', 2), ('超危險', 2), ('小品', 2), ('方式', 2), ('故事', 2), ('問題', 2), ('主角', 2), ('經典', 2), ('寫爛', 2), ('主演', 1), ('參與', 1), ('接觸', 1), ('人士', 1), ('片名', 1), ('路怒', 1), ('尋求', 1), ('過程', 1), ('偵探', 1), ('事情', 1), ('危險性', 1), ('章節', 1), ('進行', 1), ('關係', 1), ('圍繞', 1), ('劇情編排', 1), ('原地', 1), ('拉長', 1), ('篇幅', 1), ('起到加分作用', 1), ('設計', 1), ('轉折', 1), ('詭計', 1), ('帶出', 1), ('效果', 1), ('中途', 1), ('放棄', 1), ('缺點', 1), ('動機', 1), ('講出', 1), ('魔鬼', 1), ('恩尼遜', 1), ('狙擊', 1), ('陌生人', 1), ('記憶殺神', 1), ('特務', 1), ('阿蓋爾', 1), ('建構', 1), ('雙面', 1), ('變化', 1), ('新鮮感', 1), ('接拍', 1), ('類型', 1), ('作品', 1), ('詮釋', 1), ('路怒症', 1), ('砲驅魔士', 1), ('義感', 1), ('人機駕駛', 1), ('追求', 1), ('奧斯卡', 1), ('影帝', 1), ('人克萊文', 1), ('身影', 1), ('品味', 1), ('動作', 1), ('場面', 1)]|0.1273627234472314|"可是《超危險警探》卻像是想不出更好的轉折或敘事詭計 | 整體來說《超危險警探》的故事並不複雜 | 羅素克洛主演的懸疑片《超危險警探》於近日上映"
電影影評_2024-04-08_73|2024-04-08|【影評】《源生罪》：一字排開都是入圍獎項，電影卻毫無記憶點|電影影評|命案、催眠、隱瞞、幻覺……《源生罪》以催眠貫穿全劇，影響記憶，隱藏真相，雖然追求的目的不同，幾個設定倒是和韓影《記憶之夜》有些相似，包含同樣在黑夜中跟蹤哥哥，看見難以置信的畫面之後因故昏迷，醒來被告知一切都是幻覺的橋段。不過《記憶之夜》的男主角從從催眠清醒後想起自己是兇手的事情，《源生罪》的樊雪兒又會想起什麼呢？內容目錄樊雪兒（陳紫萱 飾）從國外回香港的醫院實習，竟因為城中發生的連環殺人案，勾起她在母親當年突然病逝時失去的記憶碎片。她請求大哥樊博權以催眠幫助自己回溯當年的景象，卻在一次次的回憶中，發現大哥和二哥樊承天、乾哥柳聶民對自己隱瞞了不為人知的秘密……《源生罪》電影預告如果《源生罪》讓你聯想到原生家庭，自信點，本片的確是與家庭緊密相連的劇情。不能否認，一旦有了孩子，「責任」就是雙向性的，即使大多覺得身為父母比較辛苦，子女撒手不管的也很多，那就以最 peace 的狀況來想像，把孩子養大不容易，為長輩養老也是一大難事。《源生罪》包含雪兒三兄妹，安排三個家中有老年人需要照顧時的情況和組合：子女在家照料重病老母；孫子照顧邁入癡呆的奶奶；癌症住院但能依靠的只有老伴（劇中就算爭執至少兒女有負擔醫療費，算不幸中的大幸）。無關劇情的鋪陳，不管電影表現的好壞，光這個議題就會看得揪心，尤其是母親治病需要醫療費，自己卻只是個孩子，面對龐大的經濟壓力， 照顧者和被照顧者的壓力都會形成無力感，此時雙方會做出什麼事情可說不一定。雪兒透過催眠治療加上記憶，看到不同的真相，其實也在演示不同的悲劇給觀眾看，提醒長照的重要性……怎麼講成像保險宣傳片了！《源生罪》相當著重在感情上。並不是說會有接二連三的催淚戲碼，而是以各種不同形式繫結而成的「家人」，畢竟熟知《火影忍者》的人一定知道，這世上有一種羈絆叫作「鳴人與佐助」！（岔題了）以三兄妹來說，除了二哥樊承天與雪兒是親兄妹，大哥樊博權與他們是同父異母，柳聶民是雪兒乾哥哥，樊承天還有一個能為他拋頭顱撒熱血的小弟。雖然想演出不是同父同母也有斬不斷的情誼，瞧他們對戲的感情也挺濃烈的，仍舊有不真實的感覺，若可以多演出小時候的天倫之樂，經營感情，或許能減少像在干涉別人家務事的違和感。另外樊承天的小弟最為突兀，熊熊殺出幾句對白講述對樊承天的忠心，比起兄弟情，更像恐怖情人或是跟蹤狂的存在。題材固然很沉重，劇情還是以懸疑為主，不至於沉悶。雪兒藉由催眠重現過去的片段，一次次提出對母親死因的質因，卻每次都被周圍的人否定，這讓雪兒看起來陷入了分不清現實與幻覺的精神異常。在這樣曖昧不明的情況下，雪兒仍然不放棄找尋答案，反覆聽小時候的錄音帶也好，跟蹤哥哥也好，害自己險象環生也好，死裡逃生也好，歷經一番寒徹骨，疑點的確一個個浮出水面，人人都看似有嫌疑。不過真相並沒有想像的撲朔迷離，而且為了讓結局往預設的方向走，樊博權最後一次對雪兒的催眠有些多餘，劇情的轉折生硬，雪兒得知實情後的獨白也顯得刻意。整體來說，反而是虎頭蛇尾的操作。那麼將焦點放在表現手法上呢？藉由催眠，雪兒陷入回憶的水流之中，一次次重現兒時在母親身旁的片段……這種以「水」為傳導的手法並不少見，首先想到的是《在咖啡冷掉之前》，當然這兩部片無論在風格或劇情都是天壤之別，《源生罪》搭上濃厚的色彩，回憶與水的關聯性中在本片有水能載舟亦能覆舟之意，不只是承載記憶的媒介，更是令人窒息的環境。所以，《源生罪》穿插較為意識流的手法，氛圍是有了，劇情也有了，退一萬步說，要親情或友情來調劑也有了，《源生罪》於我而言要說留下多大的記憶點，卻還是沒有。|https://news.agentm.tw/277003/|https://news.agentm.tw/wp-content/uploads/cover-1-2546-390x219.jpg|['命案', '隱瞞', '幻覺', '源生罪', '貫穿', '影響', '記憶', '隱藏', '真相', '追求', '目的', '設定', '韓影', '記憶', '跟蹤', '哥哥', '畫面', '幻覺', '橋段', '記憶', '主角', '兇手', '事情', '源生罪', '樊雪兒', '內容', '目錄', '樊雪兒', '陳紫萱 ', '國外', '香港', '醫院', '殺人案', '勾起', '母親', '記憶', '碎片', '大哥', '樊博權', '幫助', '景象', '大哥', '二哥樊承天', '乾哥柳聶民', '隱瞞', '人知', '秘密', '源生罪', '電影', '源生', '家庭', '自信點', '家庭', '劇情', '孩子', '責任', '雙向性', '父母', '子女', '狀況', '孩子', '養大', '長輩', '源生罪', '雪兒', '老年人', '情況', '子女', '照料', '老母', '孫子', '照顧邁入', '奶奶', '癌症', '依靠', '老伴', '劇中', '兒女', '負擔', '醫療費', '大幸', '劇情', '鋪陳', '電影', '表現', '好壞', '議題', '母親', '醫療費', '孩子', '面對', '經濟', '壓力', '照顧', '照顧', '壓力', '無力感', '做出', '事情', '雪兒', '治療', '加上', '記憶', '真相', '演示', '悲劇', '觀眾', '重要性', '保險', '宣傳片', '源生罪', '感情', '戲碼', '形式', '繫結', '火影', '忍者', '世上', '羈絆', '岔題', '兄妹', '哥樊承天', '雪兒', '親兄妹', '大哥', '樊博權', '異母', '柳聶民', '雪兒', '哥哥', '樊承天', '拋頭顱', '撒熱血', '小弟', '演出', '情誼', '感情', '感覺', '演出', '天倫', '經營', '感情', '干涉', '樊承天', '小弟', '樊承天', '兄弟', '情人', '跟蹤狂', '題材', '劇情', '雪兒', '片段', '提出', '母親', '死因', '質因', '否定', '雪兒', '現實', '幻覺', '精神', '情況', '雪兒', '放棄', '找尋', '答案', '錄音帶', '哥哥', '疑點', '水面', '人人', '嫌疑', '真相', '結局', '方向', '樊博權', '雪兒', '劇情', '轉折', '生硬', '雪兒', '實情', '整體', '焦點', '表現', '手法', '雪兒', '母親', '片段', '傳導', '手法', '風格', '劇情', '天壤之別，', '源生', '搭上', '色彩', '關聯性', '承載', '記憶', '媒介', '環境', '源生罪', '意識流', '手法', '氛圍', '劇情', '親情', '調劑', '源生', '留下', '記憶點']|[('雪兒', 10), ('源生罪', 6), ('記憶', 6), ('劇情', 6), ('母親', 4), ('幻覺', 3), ('真相', 3), ('哥哥', 3), ('大哥', 3), ('樊博權', 3), ('源生', 3), ('孩子', 3), ('感情', 3), ('樊承天', 3), ('手法', 3), ('隱瞞', 2), ('事情', 2), ('樊雪兒', 2), ('電影', 2), ('家庭', 2), ('子女', 2), ('情況', 2), ('醫療費', 2), ('表現', 2), ('壓力', 2), ('照顧', 2), ('小弟', 2), ('演出', 2), ('片段', 2), ('命案', 1), ('貫穿', 1), ('影響', 1), ('隱藏', 1), ('追求', 1), ('目的', 1), ('設定', 1), ('韓影', 1), ('跟蹤', 1), ('畫面', 1), ('橋段', 1), ('主角', 1), ('兇手', 1), ('內容', 1), ('目錄', 1), ('陳紫萱 ', 1), ('國外', 1), ('香港', 1), ('醫院', 1), ('殺人案', 1), ('勾起', 1), ('碎片', 1), ('幫助', 1), ('景象', 1), ('二哥樊承天', 1), ('乾哥柳聶民', 1), ('人知', 1), ('秘密', 1), ('自信點', 1), ('責任', 1), ('雙向性', 1), ('父母', 1), ('狀況', 1), ('養大', 1), ('長輩', 1), ('老年人', 1), ('照料', 1), ('老母', 1), ('孫子', 1), ('照顧邁入', 1), ('奶奶', 1), ('癌症', 1), ('依靠', 1), ('老伴', 1), ('劇中', 1), ('兒女', 1), ('負擔', 1), ('大幸', 1), ('鋪陳', 1), ('好壞', 1), ('議題', 1), ('面對', 1), ('經濟', 1), ('無力感', 1), ('做出', 1), ('治療', 1), ('加上', 1), ('演示', 1), ('悲劇', 1), ('觀眾', 1), ('重要性', 1), ('保險', 1), ('宣傳片', 1), ('戲碼', 1), ('形式', 1), ('繫結', 1), ('火影', 1), ('忍者', 1), ('世上', 1), ('羈絆', 1), ('岔題', 1), ('兄妹', 1), ('哥樊承天', 1), ('親兄妹', 1), ('異母', 1), ('柳聶民', 1), ('拋頭顱', 1), ('撒熱血', 1), ('情誼', 1), ('感覺', 1), ('天倫', 1), ('經營', 1), ('干涉', 1), ('兄弟', 1), ('情人', 1), ('跟蹤狂', 1), ('題材', 1), ('提出', 1), ('死因', 1), ('質因', 1), ('否定', 1), ('現實', 1), ('精神', 1), ('放棄', 1), ('找尋', 1), ('答案', 1), ('錄音帶', 1), ('疑點', 1), ('水面', 1), ('人人', 1), ('嫌疑', 1), ('結局', 1), ('方向', 1), ('轉折', 1), ('生硬', 1), ('實情', 1), ('整體', 1), ('焦點', 1), ('傳導', 1), ('風格', 1), ('天壤之別，', 1), ('搭上', 1), ('色彩', 1), ('關聯性', 1), ('承載', 1), ('媒介', 1), ('環境', 1), ('意識流', 1), ('氛圍', 1), ('親情', 1), ('調劑', 1), ('留下', 1), ('記憶點', 1)]|0.9999599150128232|"一次次重現兒時在母親身旁的片段……這種以「水」為傳導的手法並不少見 | 《源生罪》於我而言要說留下多大的記憶點 | 此時雙方會做出什麼事情可說不一定"
電影影評_2024-04-08_74|2024-04-08|【影評】《怪物樵夫》：病態殺人魔大戰神秘怪物的設定如此瘋狂，卻不像是瘋狂導演三池崇史的電影|電影影評|三池崇史，應該是日本最喜愛精神病態主題的導演。《殺手阿一》、《以藏》、《極道恐怖大劇場 牛頭GOZU》比比皆是，這些電影裡通常都有一個、兩個、或甚至所有角色都有精神病態傾向。在《惡之教典》裡，他讓演慣正派男主角的伊藤英明，隨著名曲《Mack The Knife》的輕快拍子，用霰彈槍一個一個轟爆學生。現在，他又讓帥氣的傑尼斯王子龜梨和也，在新片《怪物樵夫》裡飾演精神病態殺人魔，那麼，我們的問題是……這部電影真的回歸了三池崇史的瘋狂血腥味嗎？律師二宮彰（龜梨和也飾）是完美無瑕的律師，身為律師的他英挺帥氣、又即將成為事務所老闆、未婚妻還是美麗的前老闆女兒，但是這位人生勝利組，其實卻是真正的變態殺人魔。有病態人格的二宮，缺乏道德感與同理心，想殺就殺。但某天他卻遇上了更瘋狂的「怪物樵夫」，怪物犯下多起殺人案，並用斧頭劈開被害人頭顱盜走腦部，而牠的最新目標就是二宮……殺人魔vs怪物，誰能活過這場瘋狂殺戮？內容目錄《怪物樵夫》原著是小說家倉井眉介的處女作，並且獲得了 2018 年「這本推理小說了不起！」大獎。這本小說確實驚人，看看上面的設定，這本小說開場就令人充滿興趣。瘋狂的殺人魔，對上外表詭異的怪物，誰會贏？這完全是《佛萊迪大戰傑森之開膛破肚》、「貞子vs伽椰子」、「異形vs終極戰士」《異形戰場》、或是「金剛vs哥吉拉」的格局。這種強強對決的劇情設定，永遠都能吸引觀眾入場。不只如此，這還是一本推理小說。究竟怪物是如何誕生的？牠是人還是實驗失敗的異生物？牠為什麼要偷取人類的腦部？而牠與二宮又有什麼關聯？這些問題令讀者/觀眾好奇，但除了這些，另一方面二宮彰的劇情也充滿刑偵劇的趣味：警方側寫師戶城嵐子懷疑怪物與二宮的關聯性，進而察覺二宮完美人設之下的病態性。而二宮不但必須想辦法迴避戶城的調查，他還要在警方抓到怪物之前先找到牠……殺人魔的自尊，讓他必須對膽敢殺害自己的怪物復仇。二宮與戶城都想早一步抓到怪物，彼此展開了一場相互欺騙與周旋的競賽。兩強之一的怪物樵夫很少開口，牠出場就是要砍人腦袋，所以重點當然在龜梨和也飾演的另一位主角身上。《怪物樵夫》其實沒有太過鋪陳這位連續殺人魔的「業績」，你只會在電影開場看到他的一場殺人戲。那麼，如果不用血腥來強調二宮的殺人魔身份，要如何彰顯二宮的瘋狂呢？電影強調的是這個角色的孤獨。二宮外表是現代社會的人生勝利組，但他的真面目卻是最惡劣的社會渣滓。完美形象並非用來規避法律制裁，而是讓天生病態的二宮，能在這個人類社會繼續活下去。你會因為能呼吸氧氣而開心嗎？平常應該不太會，但我們必須呼吸。精神病態，在這部電影裡變成了呼吸一般的存在。二宮殺人並非因為要釋放某種病態欲望或宣洩性飢渴，而是因為他必須「呼吸」，這是他無法抗拒的天性，因此殺人變成了一種無情緒的日常動作，他也不會在殺人後邪惡地仰天大笑。這種不容於世的生理特性，使他只能與所有人保持距離，以人人欣羨的形象在社會上立足，而只能與同樣精神病態的夥伴成為朋友。電影裡二宮的豪宅內裝都很空曠、擺設簡單，就是要強調這樣的孤獨感。做為傑尼斯偶像，本來就要維持一個完美無瑕的銀幕形象，而在長年的演藝生活之下，偶像的內心必然需要承擔巨大的孤獨。不能公然談戀愛、不能隨意外出、言行必須謹慎、真實的偶像，其實與《怪物樵夫》裡的精神病態者描寫差不多。讓龜梨飾演一位殺人魔角色是破格之舉，但在理解他傑尼斯偶像身份之後，會得到另一種弦外之音的樂趣。怪物與殺人魔的殺戮背後，是一個陰暗的祕密。這部電影依循小說的形式，在解開黑暗謎團的過程中，穿插了一本繪本《黑暗樵夫》的故事，繪本裡怪物樵夫四處吃人，但日子久了，他開始懷疑自己是「變成怪物的樵夫」，抑或是「偽裝樵夫的怪物」，迷惑於自我定位。童話風格的繪本橋段，在陰暗的實驗室場景與命案現場畫面之間出現，刻意製造了一種突兀的詭異美感。《怪物樵夫》看起來還不錯，而它的問題不在龜梨和也這些演員身上，問題在三池崇史自己身上。《怪物樵夫》導演三池崇史(右)曾經在九〇年代起持續驚嚇全球影壇的三池崇史，在二〇〇〇年代後半轉向商業主流，拍攝了大量的改編作品，這些改編作品與他自己的原創電影風格差異巨大，很多是歡樂風格或兒少導向作品。但風格轉變還是小事，問題是這些改編電影的品質與評價都欠佳，曾經被譽為「日本最暴力導演」的三池，突然變成了「改編電影爛片王」的三池。為什麼？因為只要有人捧著錢請他拍電影，他就來者不拒。當然不是所有三池的改編電影都很差，但三池不太會拍改編電影的主因似乎也很簡單：三池本人的獨特風格太強烈了。看看《以藏》、《極道恐怖大劇場 牛頭 GOZU》、或他近年再度回歸獨立製片風格的《極道大戰爭》就能理解。三池的瘋狂是毫無道理的，而殺戮與暴力只是這種瘋狂的單一種面向。如同他的《以藏》：在古代被處刑的殺人魔以藏，死後突然能時空轉移到各個時代，繼續他的殺人大業……為什麼他能跳躍時空？為什麼他要持續殺戮？這些三池在電影裡都不會解釋。《極道大戰爭》裡的小混混突然有了奇怪超能力，被他咬過的人都會變成流氓……所以這部電影裡有阿嬤流氓、女高中生流氓、警察流氓……然後一隻超能力青蛙殺手要殺了這些吸血鬼流氓，最後甚至出現了巨大青蛙怪獸。這是什麼亂七八糟的劇情，但這就是三池崇史的瘋狂本質，這種瘋狂有一種別人無法模仿的歡樂與釋放感。但要拍攝一部改編電影，三池必須盡力壓抑這種瘋狂，他失去了天馬行空的自由——因為現在電影必須照著本子走。所以，其實與原著小說內容相差不多的電影版《怪物樵夫》，變成了一部不太像三池崇史的電影。電影裡有一些割喉戲，鮮血噴得異常地多又不受控制，這些鮮血可能是最三池崇史的部份，但也僅只如此。三池崇史原創電影的劇本其實都很單純，許多橋段裡更有大量明顯臨機應變的脫稿演出，但《怪物樵夫》不同，這是一個有數個逆轉橋段的推理小說，它理性多了，明顯不是瘋狂三池擅長的混亂路線。《怪物樵夫》變成了一部導演的「違心之作」（又一次），因此這部電影在製造驚悚電影必要的危機感時，顯得力不從心。它的設定是非常引人入勝的，但介紹完設定後，電影需要基於這個設定去發展劇情，而這些後續發展突然就失去了魔力。例如二宮彰的未婚妻並不知道他的殺人魔身份，觀眾看著可愛的吉岡里帆投入龜梨和也的懷抱，當然會為她提心吊膽……但電影卻沒有利用這個機會，真的製造一些驚險的氣氛，導致這個「完美被害者」身份的未婚妻角色，變得可有可無，只是推動某些劇情的功能性角色。所以《怪物樵夫》確實把整個故事講完了，但聽故事的人，卻未必能享受到在劇情以外的戲劇效果。確實龜梨和也、中村獅童、染谷將太等演員的表現還不錯——特別是三池愛用的硬漢演員渋川清彦格外優秀。但是，這裡的渋川清彦並沒有比《殺手阿一》或《極道大戰爭》這些三池舊作裡的渋川更亮眼。如果你是一位忠誠的三池崇史鐵粉，如果你不知道這是一部三池執導的電影，也許反而能比較享受這部作品。|https://news.agentm.tw/276956/|https://news.agentm.tw/wp-content/uploads/GJKCfsLa8AExxNU-390x219.jpg|['三池崇史', '日本', '精神', '病態', '主題', '導演', '殺手', '阿一', '極道恐怖', '劇場', '牛頭', '電影', '角色', '精神', '病態', '傾向', '教典', '演慣', '主角', '伊藤英明', '名曲', '拍子', '霰彈槍', '轟爆', '學生', '傑尼斯', '王子', '龜梨和也', '新片', '怪物', '樵夫', '飾演', '精神', '病態', '人魔', '問題', '電影', '崇史', '血腥味', '律師', '龜梨和也', '律師', '律師', '事務', '老闆', '未婚', '老闆', '女兒', '勝利組', '人格', '道德感', '遇上', '怪物樵夫', '犯下', '殺人案', '斧頭', '盜走', '腦部', '目標', '二宮', '人魔vs', '怪物', '殺戮', '內容', '目錄', '怪物樵夫》', '原著', '小說家', '倉井眉介', '處女', '小說了不', '大獎', '小說', '看看上面', '小說', '興趣', '殺人魔', '外表', '怪物', '佛萊迪', '大戰', '傑森', '貞子', '伽椰子', '異形vs', '戰士', '戰場', '金剛', '哥吉拉', '格局', '劇情', '觀眾', '推理', '小說', '怪物', '實驗', '異生物', '偷取', '人類', '腦部', '問題', '讀者', '觀眾', '劇情', '刑偵劇', '趣味', '警方側', '戶城', '嵐子', '怪物', '關聯性', '完美人設', '病態性', '辦法', '迴避', '戶城', '警方', '抓到', '怪物', '找到', '殺人魔', '自尊', '殺害', '怪物', '戶城', '抓到', '怪物', '展開', '欺騙', '競賽', '怪物', '樵夫', '腦袋', '重點', '龜梨和也', '飾演', '主角', '怪物', '樵夫', '鋪陳', '業績', '電影', '殺人戲', '殺人魔身份', '電影強調', '角色', '外表', '社會', '人生勝利組', '面目', '社會渣滓。', '形象', '法律', '制裁', '病態的', '人類', '社會', '呼吸', '氧氣', '呼吸', '精神', '病態', '電影', '呼吸', '釋放', '病態', '宣洩', '呼吸', '抗拒', '天性', '情緒', '動作', '生理', '特性', '所有', '距離', '人人', '形象', '社會', '精神', '病態', '夥伴', '朋友', '電影裡', '豪宅', '擺設', '孤獨感', '傑尼斯', '偶像', '銀幕', '形象', '生活', '偶像', '承擔', '言行', '偶像', '怪物', '樵夫', '精神', '病態', '描寫', '殺人', '角色', '傑尼斯', '偶像', '身份', '弦外之音', '樂趣', '怪物', '殺人魔', '殺戮', '祕密', '電影', '小說', '形式', '解開', '黑暗謎團', '過程', '樵夫', '故事', '繪本裡', '怪物', '樵夫', '日子', '怪物', '樵夫', '偽裝', '樵夫', '怪物', '童話', '風格', '繪本', '橋段', '實驗室', '場景', '命案', '現場', '畫面', '製造', '美感', '怪物', '樵夫', '問題', '龜梨', '演員', '問題', '三池崇史', '怪物', '樵夫', '導演', '三池崇史', '驚嚇', '全球', '影壇', '三池崇史', '商業', '主流', '拍攝', '作品', '作品', '電影', '風格', '差異', '風格', '導向', '作品', '風格', '問題', '改編', '電影', '品質', '評價', '日本', '暴力', '導演', '三池', '改編', '電影', '爛片王', '三池', '電影', '改編', '電影', '三池', '改編', '電影', '主因', '三池', '風格', '看看', '極道恐怖', '劇場', '牛頭', '製片', '風格', '極道', '戰爭', '三池', '道理', '殺戮', '暴力', '面向', '時空', '轉移到', '時代', '時空', '殺戮？', '電影', '極道', '戰爭》', '超能力', '流氓', '電影', '阿嬤', '流氓', '女高中生', '流氓', '警察', '流氓', '能力', '青蛙', '殺手', '吸血鬼', '流氓', '青蛙', '劇情', '三池', '崇史', '本質', '模仿', '釋放感', '拍攝', '改編', '電影', '三池', '壓抑', '自由—', '電影', '本子', '原著', '小說', '內容', '電影版', '怪物', '樵夫', '三池', '崇史', '電影', '電影', '割喉戲', '鮮血', '控制', '鮮血', '三池崇史', '三池崇史', '電影', '橋段', '臨機', '脫稿', '演出', '怪物', '樵夫', '橋段', '推理', '小說', '三池', '路線', '怪物樵夫', '導演', '電影', '製造', '電影', '危機感', '介紹完設定', '電影', '設定去', '發展', '劇情', '魔力', '未婚妻', '殺人魔', '身份', '觀眾', '投入龜梨和也', '懷抱', '電影', '利用', '機會', '製造', '氣氛', '身份', '未婚', '角色', '推動', '劇情', '功能', '角色', '怪物樵夫', '故事', '講完', '故事', '劇情', '戲劇', '效果', '龜梨和也', '中村獅童', '染谷將太', '演員', '表現', '三池', '硬漢', '演員', '渋川清彦', '渋川', '殺手', '阿一', '極道', '戰爭', '三池', '舊作', '渋川', '三池', '崇史鐵粉', '池執導', '電影', '作品']|[('電影', 23), ('怪物', 19), ('樵夫', 12), ('三池', 12), ('病態', 7), ('三池崇史', 6), ('精神', 6), ('小說', 6), ('劇情', 6), ('風格', 6), ('角色', 5), ('問題', 5), ('改編', 5), ('流氓', 5), ('導演', 4), ('龜梨和也', 4), ('殺人魔', 4), ('呼吸', 4), ('偶像', 4), ('作品', 4), ('殺手', 3), ('傑尼斯', 3), ('崇史', 3), ('律師', 3), ('怪物樵夫', 3), ('殺戮', 3), ('觀眾', 3), ('戶城', 3), ('社會', 3), ('形象', 3), ('身份', 3), ('故事', 3), ('橋段', 3), ('製造', 3), ('演員', 3), ('極道', 3), ('日本', 2), ('阿一', 2), ('極道恐怖', 2), ('劇場', 2), ('牛頭', 2), ('主角', 2), ('飾演', 2), ('老闆', 2), ('未婚', 2), ('腦部', 2), ('內容', 2), ('原著', 2), ('外表', 2), ('推理', 2), ('人類', 2), ('抓到', 2), ('拍攝', 2), ('暴力', 2), ('戰爭', 2), ('時空', 2), ('青蛙', 2), ('鮮血', 2), ('渋川', 2), ('主題', 1), ('傾向', 1), ('教典', 1), ('演慣', 1), ('伊藤英明', 1), ('名曲', 1), ('拍子', 1), ('霰彈槍', 1), ('轟爆', 1), ('學生', 1), ('王子', 1), ('新片', 1), ('人魔', 1), ('血腥味', 1), ('事務', 1), ('女兒', 1), ('勝利組', 1), ('人格', 1), ('道德感', 1), ('遇上', 1), ('犯下', 1), ('殺人案', 1), ('斧頭', 1), ('盜走', 1), ('目標', 1), ('二宮', 1), ('人魔vs', 1), ('目錄', 1), ('怪物樵夫》', 1), ('小說家', 1), ('倉井眉介', 1), ('處女', 1), ('小說了不', 1), ('大獎', 1), ('看看上面', 1), ('興趣', 1), ('佛萊迪', 1), ('大戰', 1), ('傑森', 1), ('貞子', 1), ('伽椰子', 1), ('異形vs', 1), ('戰士', 1), ('戰場', 1), ('金剛', 1), ('哥吉拉', 1), ('格局', 1), ('實驗', 1), ('異生物', 1), ('偷取', 1), ('讀者', 1), ('刑偵劇', 1), ('趣味', 1), ('警方側', 1), ('嵐子', 1), ('關聯性', 1), ('完美人設', 1), ('病態性', 1), ('辦法', 1), ('迴避', 1), ('警方', 1), ('找到', 1), ('自尊', 1), ('殺害', 1), ('展開', 1), ('欺騙', 1), ('競賽', 1), ('腦袋', 1), ('重點', 1), ('鋪陳', 1), ('業績', 1), ('殺人戲', 1), ('殺人魔身份', 1), ('電影強調', 1), ('人生勝利組', 1), ('面目', 1), ('社會渣滓。', 1), ('法律', 1), ('制裁', 1), ('病態的', 1), ('氧氣', 1), ('釋放', 1), ('宣洩', 1), ('抗拒', 1), ('天性', 1), ('情緒', 1), ('動作', 1), ('生理', 1), ('特性', 1), ('所有', 1), ('距離', 1), ('人人', 1), ('夥伴', 1), ('朋友', 1), ('電影裡', 1), ('豪宅', 1), ('擺設', 1), ('孤獨感', 1), ('銀幕', 1), ('生活', 1), ('承擔', 1), ('言行', 1), ('描寫', 1), ('殺人', 1), ('弦外之音', 1), ('樂趣', 1), ('祕密', 1), ('形式', 1), ('解開', 1), ('黑暗謎團', 1), ('過程', 1), ('繪本裡', 1), ('日子', 1), ('偽裝', 1), ('童話', 1), ('繪本', 1), ('實驗室', 1), ('場景', 1), ('命案', 1), ('現場', 1), ('畫面', 1), ('美感', 1), ('龜梨', 1), ('驚嚇', 1), ('全球', 1), ('影壇', 1), ('商業', 1), ('主流', 1), ('差異', 1), ('導向', 1), ('品質', 1), ('評價', 1), ('爛片王', 1), ('主因', 1), ('看看', 1), ('製片', 1), ('道理', 1), ('面向', 1), ('轉移到', 1), ('時代', 1), ('殺戮？', 1)]|0.9996850440401378|"你只會在電影開場看到他的一場殺人戲 | 在新片《怪物樵夫》裡飾演精神病態殺人魔 | 《怪物樵夫》其實沒有太過鋪陳這位連續殺人魔的「業績」"
電影影評_2024-04-05_75|2024-04-05|【影評】《聖鬥士星矢》：喚醒你的神祕第七感！燃燒吧，你的爛片小宇宙！|電影影評|撇開我們先前聽到的種種評論，假設你的親友完全不知道 4 月 1 日在 Netflix 獨家上架的《聖鬥士星矢》，在國外獲得了怎樣的票房與評價，那麼這就可以說是一部再完美不過的節慶電影，讓你可以帶他們度過一個叫人開心不已（至少對你而言）的愚人節，使人不禁覺得 Netflix 應該是特別瞄準了這點，才選在愚人節這天上架本片。對於無數漫畫迷來說，於 1985 年至 1990 年間連載的《聖鬥士星矢》，可說擁有至高無上的地位，不僅交由他人繪製的各種前傳、外傳與續作等動漫畫至今仍在不斷推出，就連其相關玩具，也同樣暢銷不墜。甚至，回想起麥當勞剛在台灣推出外送服務時，外送員揹著的那個方型外送箱，由於其大小正好就與漫畫中的聖衣差不多大，是以在當時還引起了一陣漫畫迷的討論，覺得那個設計肯定是參考了《聖鬥士星矢》。至於這部美日合資，由托馬什巴金斯基執導，新田真劍佑、芳姬詹森、麥蒂森艾斯曼與西恩賓主演的真人版《聖鬥士星矢》，則簡直就像是為了激怒原著迷而生，不管世界觀、劇情、角色，乃至於聖衣造型的更動，全都令支持者錯愕不已，所以要是你越愛原著，那麼看這部電影的感覺，大概也會越為憤怒。所幸的是，雖然我確實有完整看過原著，但也並非死忠的《聖鬥士星矢》書迷，再加上我認為改編作品是否忠於原著，其實與作品好壞未必有太大關聯，所以就算許多地方與原著天差地遠，但只要自身足夠好看，倒也沒什麼太值得計較的。但問題在於，就算把原著撇到一旁，《聖鬥士星矢》也明顯是部爛片，劇情就連放到 90 年代，也差不多就是那種不入流的電視電影等級，最後再搭配上其實還算可以，但風格實在有些微妙的電腦特效後，則反倒加強了整體的愚蠢程度，令人在許多地方，都搞不清楚這部片究竟想帶給觀眾怎樣的感覺。舉例來說，光是電影的開頭，主角星矢的行徑便讓人困惑不已，不知道為什麼他明明自己要參加地下格鬥賽，卻又一副愛打不打的模樣，然後又為何要去挑釁看起來明明還算有點關心他的角色，導致對方從此視他為敵。而在接下來的情節裡，這樣的狀況則越演越烈⋯⋯例如主角明明對許多超自然的說詞抱持存疑，但是等實際到了一個地心引力明顯失去作用的地方，卻又沒什麼太大反應，好像那只是再常見不過的風景。再不然，則是女主角在毫無必要的情況下，便決定跑出躲藏數年的安全地點，只為了跟主角講幾句根本沒必要到外面才能講的話，最後則導致危機就此發生，因而在種種情節相加之下，讓人打從心裡懷疑這些角色的智商何在。更糟糕的是，隨著你看到後來，甚至就連正邪雙方的立場，也會讓人不禁心生困惑，覺得不管再怎麼想，反派的作為好像都還比較合理，至少他們有想試著解決問題，反倒是主角所屬的這方，則怎麼看都只是為了一己私情，而把全世界的安危給拋在一旁，甚至還從未認真思考眼前的危機，究竟還有什麼其它的解決方法似的。除了那些欠缺說服力，讓人搞不懂角色思考邏輯的情節外，《聖鬥士星矢》就連戰鬥的爽快感也明顯不足。雖然武打勉強還行，但拍攝方式卻像 90 年代的美國版《快打旋風》這類電影．無論剪輯、鏡位與運鏡都乏善可陳，其中大量的拙劣慢動作鏡頭，甚至還只讓人覺得尷尬無比，冷到就像是中了冰河的「鑽石星塵」，接著才又想起這角色根本沒被編導給放進電影。但矛盾的地方在於，要是你問我是否討厭這部電影，我還真不討厭。因為，雖然《聖鬥士星矢》又蠢又爛，但至少它還爛到一個不時惹人發笑的地步，總比那些爛到無聊的電影，要來得好上太多太多。不管是女神雅典娜小宇宙爆發的結果，竟然莫名有著接髮、染髮、離子燙這些簡直就是髮廊套裝服務的副作用，或是原本該讓觀眾激動不已的動畫主題曲改版配樂響起時，卻由於那個橋段實在太不激昂等安排，都有一種讓人忍不住懷疑導演是否刻意擺爛的奇妙感受。因此，在這些狀況混和下，也讓看《聖鬥士星矢》的感覺，有點像是回到了 1995 年的《魔宮帝國》那時候，讓我們看著為神而戰的奇幻鬥士，與生化改造的科幻士兵毫無邏輯地戰成一團，只差在《聖鬥士星矢》並不像《魔宮帝國》那麼大方坦蕩，而是還佯裝矜持地故作正經，因此最後也無法像《魔宮帝國》那樣，得以盡情展現出其中的惡搞所在。更微妙的是，你甚至還可以在《聖鬥士星矢》裡，看見編導彷彿試圖向其它好萊塢電影取經，硬要將那些元素塞進這部電影裡的情況。例如片中的聖衣，就像是鋼鐵人的高科技戰甲一樣，明明只是一個項墜，卻可以直接變出一整套聖衣讓主角穿在身上。而全片最後的高潮，則更是讓人覺得《聖鬥士星矢》找芬姬詹森來演，簡直就像是一種刻意的致敬之舉。因為，在這部片中的雅典娜，與其說是改編自原著漫畫而來，反倒更像是從 2006 年的《X戰警：最後戰役》裡頭，那個無法控制理性與鳳凰之力的琴葛蕾改編而來。就連主角的聖衣在不斷化為灰燼的情況下，也要努力向前走去的畫面，也與《X戰警：最後戰役》幾乎如出一轍，讓人困惑於編導什麼不抄，為何偏要跑去抄一部「X戰警」系列裡頭，絕對排名倒數的知名劣作。但就算如此，這裡還是要再度重申，我確實一點也不討厭這部電影。因為《聖鬥士星矢》真的爛到好笑，只要你不是太愛原著，應該就還是能在觀賞本片的過程中，緩緩升起一股位於爛片維度的興奮小宇宙。要是能跟一堆朋友聚在一起邊看邊笑，勢必能再度喚醒你的神祕第七感。燃燒吧，你的爛片小宇宙！別害怕浪費時間，因為這就像漫畫裡的雅典娜說的差不多——反正，你還有生命啊！|https://news.agentm.tw/276928/|https://news.agentm.tw/wp-content/uploads/01-492-390x219.jpg|['撇開', '評論', '親友', '聖鬥士星矢', '國外', '票房', '評價', '節慶', '電影', '瞄準', '漫畫迷', '連載', '聖鬥士星矢', '地位', '前傳', '續作', '漫畫', '推出', '玩具', '麥當勞剛', '台灣', '推出', '外送', '服務', '送員', '方型', '大小', '漫畫', '聖衣', '引起', '漫畫迷', '設計', '參考', '聖鬥士星矢', '美日合資', '托馬什巴金斯基', '執導', '新田真劍佑', '芳姬詹森', '麥蒂森', '艾斯曼', '西恩賓', '主演', '真人版', '聖鬥士星矢', '激怒', '原著迷', '世界觀', '劇情', '角色', '聖衣', '造型', '支持者', '原著', '電影', '感覺', '看過', '原著', '聖鬥士星矢', '書迷', '改編', '作品', '原著', '作品', '好壞', '地方', '原著', '問題', '原著', '撇到', '聖鬥士星矢', '爛片', '劇情', '放到', '電視', '電影', '等級', '搭配上', '風格', '電腦', '特效', '加強', '整體', '程度', '地方', '觀眾', '感覺', '電影', '主角星矢', '行徑', '參加', '打不打', '模樣', '角色', '情節', '狀況則', '主角', '說詞', '引力明顯', '作用', '地方', '反應', '風景', '主角', '情況', '地點', '主角', '危機', '情節相加', '人打從', '角色', '智商', '立場', '反派', '作為', '解決', '問題', '主角', '私情', '世界', '安危', '眼前', '危機', '方法', '說服力', '角色', '邏輯', '情節', '聖鬥士星矢', '爽快感', '武打', '拍攝', '方式', '美國版', '旋風', '電影', '剪輯', '鏡位', '動作', '鏡頭', '冰河', '鑽石', '星塵', '角色', '編導', '放進', '電影', '地方', '電影', '聖鬥士星矢', '惹人', '地步', '電影', '女神', '雅典', '宇宙', '結果', '離子', '髮廊', '服務', '副作用', '觀眾', '動畫', '主題曲', '橋段', '導演', '感受', '混和', '聖鬥士星矢', '感覺', '魔宮帝國', '時候', '鬥士', '生化', '改造', '士兵', '邏輯', '聖鬥士星矢', '魔宮', '帝國', '魔宮', '帝國', '惡搞', '聖鬥士星矢', '編導', '萊塢', '電影', '元素', '塞進', '電影', '情況', '聖衣', '鋼鐵人', '高科技戰', '變出', '聖衣', '主角', '高潮', '聖鬥士星矢', '姬詹森', '雅典娜', '改編', '漫畫而', '戰役', '控制', '理性', '鳳凰之力', '琴葛蕾', '改編', '主角', '聖衣在', '灰燼', '情況', '戰役', '編導', '系列', '劣作', '電影', '鬥士星矢', '原著', '觀賞', '過程', '維度', '朋友', '喚醒', '第七感', '燃燒', '宇宙', '浪費', '時間', '漫畫', '雅典娜', '生命']|[('聖鬥士星矢', 12), ('電影', 11), ('原著', 6), ('主角', 6), ('角色', 5), ('聖衣', 4), ('地方', 4), ('漫畫', 3), ('感覺', 3), ('改編', 3), ('情況', 3), ('編導', 3), ('漫畫迷', 2), ('推出', 2), ('服務', 2), ('劇情', 2), ('作品', 2), ('問題', 2), ('觀眾', 2), ('情節', 2), ('危機', 2), ('邏輯', 2), ('宇宙', 2), ('魔宮', 2), ('帝國', 2), ('雅典娜', 2), ('戰役', 2), ('撇開', 1), ('評論', 1), ('親友', 1), ('國外', 1), ('票房', 1), ('評價', 1), ('節慶', 1), ('瞄準', 1), ('連載', 1), ('地位', 1), ('前傳', 1), ('續作', 1), ('玩具', 1), ('麥當勞剛', 1), ('台灣', 1), ('外送', 1), ('送員', 1), ('方型', 1), ('大小', 1), ('引起', 1), ('設計', 1), ('參考', 1), ('美日合資', 1), ('托馬什巴金斯基', 1), ('執導', 1), ('新田真劍佑', 1), ('芳姬詹森', 1), ('麥蒂森', 1), ('艾斯曼', 1), ('西恩賓', 1), ('主演', 1), ('真人版', 1), ('激怒', 1), ('原著迷', 1), ('世界觀', 1), ('造型', 1), ('支持者', 1), ('看過', 1), ('書迷', 1), ('好壞', 1), ('撇到', 1), ('爛片', 1), ('放到', 1), ('電視', 1), ('等級', 1), ('搭配上', 1), ('風格', 1), ('電腦', 1), ('特效', 1), ('加強', 1), ('整體', 1), ('程度', 1), ('主角星矢', 1), ('行徑', 1), ('參加', 1), ('打不打', 1), ('模樣', 1), ('狀況則', 1), ('說詞', 1), ('引力明顯', 1), ('作用', 1), ('反應', 1), ('風景', 1), ('地點', 1), ('情節相加', 1), ('人打從', 1), ('智商', 1), ('立場', 1), ('反派', 1), ('作為', 1), ('解決', 1), ('私情', 1), ('世界', 1), ('安危', 1), ('眼前', 1), ('方法', 1), ('說服力', 1), ('爽快感', 1), ('武打', 1), ('拍攝', 1), ('方式', 1), ('美國版', 1), ('旋風', 1), ('剪輯', 1), ('鏡位', 1), ('動作', 1), ('鏡頭', 1), ('冰河', 1), ('鑽石', 1), ('星塵', 1), ('放進', 1), ('惹人', 1), ('地步', 1), ('女神', 1), ('雅典', 1), ('結果', 1), ('離子', 1), ('髮廊', 1), ('副作用', 1), ('動畫', 1), ('主題曲', 1), ('橋段', 1), ('導演', 1), ('感受', 1), ('混和', 1), ('魔宮帝國', 1), ('時候', 1), ('鬥士', 1), ('生化', 1), ('改造', 1), ('士兵', 1), ('惡搞', 1), ('萊塢', 1), ('元素', 1), ('塞進', 1), ('鋼鐵人', 1), ('高科技戰', 1), ('變出', 1), ('高潮', 1), ('姬詹森', 1), ('漫畫而', 1), ('控制', 1), ('理性', 1), ('鳳凰之力', 1), ('琴葛蕾', 1), ('聖衣在', 1), ('灰燼', 1), ('系列', 1), ('劣作', 1), ('鬥士星矢', 1), ('觀賞', 1), ('過程', 1), ('維度', 1), ('朋友', 1), ('喚醒', 1), ('第七感', 1), ('燃燒', 1), ('浪費', 1), ('時間', 1), ('生命', 1)]|0.0|"則更是讓人覺得《聖鬥士星矢》找芬姬詹森來演 | 也讓看《聖鬥士星矢》的感覺 | 你甚至還可以在《聖鬥士星矢》裡"
電影影評_2024-04-03_76|2024-04-03|【影評】《絕地救援》：當你受困火星，卻成為史上最知名的馬鈴薯農夫|電影影評|由雷利史考特執導，2015 年上映的《絕地救援》已經成為現代商業科幻片相當有記憶點的存在，主角也成為史上最知名的馬鈴薯農夫和「太空海盜」。麥特戴蒙再度飾演一位等待救援的角色，他前一年才在《星際效應》中化身為踏上有去無回任務的先鋒太空人，當年觀眾若連續觀賞這兩部電影，肯定會心一笑。《絕地救援》可以看作是太空版的《魯賓遜漂流記》或是《浩劫重生》（有趣的是，1964 年曾有一部改編自同名小說的《魯賓遜漂流火星》），不過主角馬克瓦特尼沒有星期五或威爾森那樣的陪伴，因此要讓觀眾陪伴孤身一人的他而不感到無聊，很仰賴劇本設計的巧思。《絕地救援》裡，就靠著馬克富有幽默感的太空日誌推進劇情，除了他這一端努力在火星貧瘠的土地上倖存，另一條線則是 NASA 各種決策與努力的過程，讓這部長達 142 分鐘的電影流暢而不拖沓。而幽默感也是《絕地救援》很突出的一項特徵，在此之前雷利史考特拍攝過兩部太空題材的電影，分別是《異形》和《普羅米修斯》（這兩部片其實共享同一個世界觀），但它們故事中暗示的命運都比較悲觀，也對人類可以在無聲的太空中可以達成什麼目的不抱希望。相較之下，《絕地救援》就顯得相當樂觀，雖然兩方都遭遇不少挫折，但整體而言調性也比較輕鬆愉快，可以把他們看成是致力於解決眼前問題的工程師或專案經理，而不是試圖營救一位被困在距離地球 5400 萬公里（最遠可達 4 億公里）的太空人。這份樂觀也體現在《絕地救援》呈現國際交流的方式，這在近十年後的現在看來，已經是一份過時的期望。我們再也不能想像中國願意放棄他們在航太科技掌握的先機，只為了拯救一位全球關注的美國太空人；也不太可能會看到美國和中國共同在這種高度機密的領域裡，共同培育新人才。好萊塢當時預料不到，而現在回看也只能成為一種唏噓。不過，《絕地救援》作為一部娛樂科幻大片，確實提供觀眾非常精彩的觀影體驗。除了麥特戴蒙之外，其他演員陣容也都表現不錯，潔西卡雀絲坦戲份雖不多卻總讓人安心，西恩賓（這次沒有領便當，但領了一次口頭開除）和傑夫丹尼爾的對手戲將整個故事拉到實在的地面，兩條劇情線重量一致，最後才完美的收束在一起。《絕地救援》描述了一個格外艱鉅的任務，不同的挫折接連發生，但這部電影告訴我們樂觀面對會比坐以待斃還要好——你得先自救，別人才能拯救你。|https://news.agentm.tw/276915/|https://news.agentm.tw/wp-content/uploads/00-65-390x218.jpg|['雷利史考特', '執導', '救援', '商業', '科幻片', '記憶點', '主角', '馬鈴薯', '農夫', '太空', '海盜', '麥特戴蒙', '飾演', '救援', '角色', '星際', '效應', '任務', '先鋒', '太空人', '觀眾', '觀賞', '電影', '救援', '太空版', '魯賓遜', '改編', '小說', '魯賓遜', '火星', '主角', '馬克瓦特尼', '威爾森', '陪伴', '觀眾', '陪伴', '劇本', '設計', '巧思', '救援', '馬克富有', '幽默感', '空日', '劇情', '火星', '土地', '決策', '過程', '電影', '幽默感', '救援', '雷利史考特', '拍攝', '太空', '題材', '電影', '異形', '普羅米修斯', '世界觀', '故事', '命運', '人類', '太空中', '目的', '希望', '救援', '挫折', '整體', '解決', '眼前', '問題', '工程師', '經理', '營救', '地球', '太空人', '救援', '國際', '方式', '期望', '中國', '放棄', '科技', '掌握', '先機', '拯救', '全球', '美國', '太空人', '美國', '中國', '機密', '領域', '培育', '人才', '好萊塢', '救援', '大片', '觀眾', '體驗', '麥特戴蒙', '演員', '陣容', '表現', '潔西卡雀絲坦', '戲份', '西恩賓', '口頭', '開除', '傑夫丹尼爾', '對手戲', '故事', '地面', '劇情線', '重量', '收束', '救援', '描述', '任務', '挫折', '電影', '面對', '拯救']|[('救援', 9), ('電影', 4), ('太空人', 3), ('觀眾', 3), ('雷利史考特', 2), ('主角', 2), ('太空', 2), ('麥特戴蒙', 2), ('任務', 2), ('魯賓遜', 2), ('火星', 2), ('陪伴', 2), ('幽默感', 2), ('故事', 2), ('挫折', 2), ('中國', 2), ('拯救', 2), ('美國', 2), ('執導', 1), ('商業', 1), ('科幻片', 1), ('記憶點', 1), ('馬鈴薯', 1), ('農夫', 1), ('海盜', 1), ('飾演', 1), ('角色', 1), ('星際', 1), ('效應', 1), ('先鋒', 1), ('觀賞', 1), ('太空版', 1), ('改編', 1), ('小說', 1), ('馬克瓦特尼', 1), ('威爾森', 1), ('劇本', 1), ('設計', 1), ('巧思', 1), ('馬克富有', 1), ('空日', 1), ('劇情', 1), ('土地', 1), ('決策', 1), ('過程', 1), ('拍攝', 1), ('題材', 1), ('異形', 1), ('普羅米修斯', 1), ('世界觀', 1), ('命運', 1), ('人類', 1), ('太空中', 1), ('目的', 1), ('希望', 1), ('整體', 1), ('解決', 1), ('眼前', 1), ('問題', 1), ('工程師', 1), ('經理', 1), ('營救', 1), ('地球', 1), ('國際', 1), ('方式', 1), ('期望', 1), ('放棄', 1), ('科技', 1), ('掌握', 1), ('先機', 1), ('全球', 1), ('機密', 1), ('領域', 1), ('培育', 1), ('人才', 1), ('好萊塢', 1), ('大片', 1), ('體驗', 1), ('演員', 1), ('陣容', 1), ('表現', 1), ('潔西卡雀絲坦', 1), ('戲份', 1), ('西恩賓', 1), ('口頭', 1), ('開除', 1), ('傑夫丹尼爾', 1), ('對手戲', 1), ('地面', 1), ('劇情線', 1), ('重量', 1), ('收束', 1), ('描述', 1), ('面對', 1)]|0.9999999999999992|"這份樂觀也體現在《絕地救援》呈現國際交流的方式 | 《絕地救援》就顯得相當樂觀 | 當年觀眾若連續觀賞這兩部電影"
電影影評_2024-04-02_77|2024-04-02|【影評】《哥吉拉與金剛：新帝國》：比之前還要無腦，是好片還是爛片，完全取決於你對怪獸片的口味|電影影評|哥吉拉的怪獸宇宙系列，從一開始以文戲為主導，嚴謹地帶出怪獸的樣貌，也控制怪獸打架篇幅的風格，到了《哥吉拉大戰金剛》有了巨大的改變，徹底變成一部以怪獸為主的無腦爽片。先不論這樣的改變到底好不好（畢竟從票房的角度來看其實也無法判定），或許是《哥吉拉 II：怪獸之王》的票房很差，因此片商決定把風格改成無腦爽片，但其實《哥吉拉大戰金剛》的票房也沒進步到哪去，至今最高票房仍然是前者風格的第一部《哥吉拉》，所以，頂多只能說這樣的風格沒有失敗而已。而這次的《哥吉拉與金剛：新帝國》就延續著《哥吉拉大戰金剛》的風格，持續採用無腦爽片的方式來拍攝，開頭就直接讓金剛帶領觀眾進入這次的主題。一段無台詞的戲，只見金剛獨自一人吼叫著，對抗那些地心世界的不速之客，開頭這段除了定下本片有著更多讓怪獸引領劇情的調性，還間接宣示本片的主角就是金剛，如果你是哥吉拉的粉絲，可能得先退下。內容目錄雖然金剛是《哥吉拉與金剛：新帝國》的劇情領銜，但這並不代表人類的戲份有因此減少，事實上前面大概有一個小時的時間都是人類為主的戲份，這個怪獸系列一直以來都有觀眾爭論，人類與怪獸的戲份到底該怎麼拿捏才好，而我認為，孰多孰少都不是問題，而是他們各自代表的劇情到底有沒有意義？以《哥吉拉》第一集來說，人類的戲份比重就明顯比怪獸多很多，然而兩方的劇情線都處理得很好，人類在這片裡並不是沒有意義的角色，他們是帶出哥吉拉存在的重要因子，而且同時也是襯托出怪獸登場後產生出的末日感，那種山雨欲來的氛圍就營造得很棒。而回到《哥吉拉與金剛：新帝國》，事實上就我的印象，這次人類的戲份依舊和《哥吉拉大戰金剛》是差不多的，可是這次比上次可以更明顯感受到怪獸戲份比較多的感覺，主要就是它對這些文戲的精簡化，先前總是圍繞在君主計畫以及各種什麼大自然的反撲、陰謀論等等有的沒的科學面的東西刪減到極致，雖然研究人員依舊有，主角群也是為了研究而前往地心探勘，然而劇情不再贅述那些東西，他們這次就是來當怪獸的配角的，任何有關人類的戲份你都可以放空來看，這麼形容應該比人類戲份少要來得更準確。這的確成功讓《哥吉拉與金剛：新帝國》變成一部超級無腦的「怪獸」片，就連此次人類中最重要的角色也是為了喚醒某關鍵怪獸的存在，你就知道這部電影有多怪獸了，相信對於喜愛這種風格的觀眾來說絕對可以享受到一定的娛樂，我們就不談這部電影如果換風格會不會比較好，這沒有意義，而是在這樣無腦的框架下，這片還有什麼缺點？首先是金剛的部分，儘管金剛是主角沒錯，但是電影中段金剛在地心探險、到發現反派刀疤的巢穴這段過程實在有點無趣。這不是《猩球崛起》，片中的猴子都不會講話，但電影卻硬要拍得跟《猩球崛起》一樣，觀眾只能看這些猴子比手畫腳，我不認為這些需要那麼長的篇幅來呈現。再來則是《哥吉拉與金剛：新帝國》的戰力設定明顯有問題，尤其在金剛身上更為明顯，金剛打不贏刀疤也就算了，怎麼連路上的雜魚都會讓金剛陷入苦戰？那些猴子到底有多耐打？金剛的一拳應該是有一定的破壞力的，怎麼被打到的猴子連受傷都沒有？這點我真的匪夷所思，而且金剛本身的打戲也越來越黔驢技窮。雖然金剛本來就不像哥吉拉還有噴射能力，因此真的完全是靠拳頭來打架的，可是金剛好歹還有一支類似隔壁棚奎爺的利維坦之斧」的武器可以用，甚至後半段還裝了機械手甲，導演就不能幫金剛設計一點厲害的動作戲嗎？最後金剛就是在那邊一直左一拳右一拳而已，然後根本打不死人，真的越看越難看。而《哥吉拉與金剛：新帝國》最後大戰的部分也有個問題，金剛好不容易從地表上把哥吉拉叫來地心裡面幫忙，終於兩方人馬集結要大戰了，結果人類卻突然在裡面搞出一個無重力狀態，這時一群怪獸本來要正面對決，就突然在空中飄來飄去亂打一通，說真的我不曉得這邊在拍什麼，更好笑的是，打沒多久這群怪獸又都被傳送到地表上了，不曉得剛剛費盡功夫把哥吉拉帶來的金剛在想什麼？哥吉拉又在想什麼？雖然是無腦爽片，但這樣的劇情也未免無腦過了頭。到了地表戰鬥後就沒什麼大問題了，除了我剛剛提到的金剛戰力問題外，哥吉拉本身的表現是最沒問題的，畢竟如果連哥吉拉都出問題，那《哥吉拉與金剛：新帝國》應該就真的淪為爛片了。而客串的怪獸雖然戲份不多，卻有著畫龍點睛的效果。另外，如果有人在乎的話，迷你金剛也有混入最後的大戰就是了。這場大戰結束後，電影更以極快的速度來將這部電影畫下句點，再次顯示出沒人會在乎這部劇情的態度。整體來說，《哥吉拉與金剛：新帝國》有著和《哥吉拉大戰金剛》一樣的無腦風格，甚至還要更無腦，如果你在這個系列是只求怪獸幹架就好的客群，那麼你應該會看得很盡興，反之，如果你有那麼一絲要求劇情的想法，那麼它可能會讓你從頭吐槽到尾，它是好片還爛片，完全取決於你對怪獸片的口味，就是這麼簡單。|https://news.agentm.tw/276824/|https://news.agentm.tw/wp-content/uploads/cover-1-2543-390x219.jpg|['哥吉拉', '怪獸', '宇宙', '系列', '文戲', '主導', '帶出', '怪獸', '樣貌', '控制', '怪獸', '篇幅', '風格', '哥吉拉', '大戰', '金剛', '改變', '怪獸', '爽片', '改變', '票房', '角度', '哥吉拉', '怪獸', '票房', '片商', '風格', '腦爽片', '哥吉拉', '大戰', '金剛', '票房', '票房', '風格', '哥吉拉', '風格', '哥吉拉', '金剛', '帝國', '哥吉拉', '大戰金剛', '風格', '採用', '爽片', '方式', '拍攝', '金剛', '觀眾', '主題', '台詞', '金剛', '對抗', '地心世界', '怪獸', '引領', '劇情', '主角', '金剛', '哥吉拉', '粉絲', '內容', '目錄', '金剛', '哥吉拉', '金剛：', '劇情領銜', '人類', '戲份', '事實', '小時', '時間', '人類為主', '戲份', '怪獸', '系列', '觀眾', '怪獸', '戲份', '拿捏', '問題', '代表', '劇情到', '意義', '哥吉拉', '人類', '戲份', '比重', '怪獸', '劇情線', '處理', '人類', '意義', '角色', '帶出', '哥吉拉', '因子', '怪獸', '產生出', '末日感', '山雨', '氛圍', '營造', '哥吉拉', '金剛', '事實', '印象', '人類', '戲份', '哥吉拉', '大戰', '金剛', '怪獸', '戲份', '感覺', '文戲', '圍繞', '君主', '計畫', '大自然', '陰謀', '科學面', '東西', '極致', '人員', '主角', '探勘', '劇情', '贅述', '東西', '怪獸', '配角', '人類戲份', '哥吉拉', '金剛：', '怪獸', '人類', '角色', '喚醒', '關鍵怪獸', '電影', '風格', '觀眾', '娛樂', '電影', '換風格', '意義', '框架', '缺點', '金剛', '金剛', '主角', '電影', '中段', '金剛', '地心', '反派', '刀疤', '巢穴', '過程', '猩球', '猴子', '電影', '觀眾', '猴子', '篇幅', '哥吉拉', '金剛', '帝國', '戰力', '問題', '金剛', '金剛', '刀疤', '金剛', '苦戰', '猴子', '金剛', '破壞力', '打到', '猴子', '金剛', '金剛', '哥吉拉', '噴射', '能力', '拳頭', '金剛好歹', '壁棚奎爺', '利維坦', '武器', '機械手', '導演', '金剛', '設計', '動作戲', '金剛', '哥吉拉', '金剛：', '大戰', '問題', '金剛', '地表', '哥吉拉', '地心裡面幫忙', '大戰', '人類', '搞出', '重力', '狀態', '怪獸本來', '空中', '怪獸', '傳送', '地表', '功夫', '哥吉拉', '帶來', '金剛', '哥吉拉', '爽片', '劇情', '地表', '問題', '金剛', '戰力', '問題', '哥吉拉', '表現', '問題', '哥吉拉', '問題', '哥吉拉', '金剛', '爛片', '客串', '怪獸', '戲份', '效果', '金剛', '大戰', '大戰', '電影', '速度', '電影', '畫下', '劇情', '態度', '整體', '哥吉拉', '金剛', '哥吉拉', '大戰', '金剛', '風格', '系列', '求怪獸幹架', '客群', '劇情', '想法', '怪獸片', '口味']|[('金剛', 28), ('哥吉拉', 25), ('怪獸', 15), ('大戰', 8), ('風格', 7), ('戲份', 7), ('問題', 7), ('人類', 6), ('電影', 6), ('劇情', 5), ('票房', 4), ('觀眾', 4), ('猴子', 4), ('系列', 3), ('爽片', 3), ('主角', 3), ('金剛：', 3), ('意義', 3), ('地表', 3), ('文戲', 2), ('帶出', 2), ('篇幅', 2), ('改變', 2), ('帝國', 2), ('事實', 2), ('角色', 2), ('東西', 2), ('刀疤', 2), ('戰力', 2), ('宇宙', 1), ('主導', 1), ('樣貌', 1), ('控制', 1), ('角度', 1), ('片商', 1), ('腦爽片', 1), ('大戰金剛', 1), ('採用', 1), ('方式', 1), ('拍攝', 1), ('主題', 1), ('台詞', 1), ('對抗', 1), ('地心世界', 1), ('引領', 1), ('粉絲', 1), ('內容', 1), ('目錄', 1), ('劇情領銜', 1), ('小時', 1), ('時間', 1), ('人類為主', 1), ('拿捏', 1), ('代表', 1), ('劇情到', 1), ('比重', 1), ('劇情線', 1), ('處理', 1), ('因子', 1), ('產生出', 1), ('末日感', 1), ('山雨', 1), ('氛圍', 1), ('營造', 1), ('印象', 1), ('感覺', 1), ('圍繞', 1), ('君主', 1), ('計畫', 1), ('大自然', 1), ('陰謀', 1), ('科學面', 1), ('極致', 1), ('人員', 1), ('探勘', 1), ('贅述', 1), ('配角', 1), ('人類戲份', 1), ('喚醒', 1), ('關鍵怪獸', 1), ('娛樂', 1), ('換風格', 1), ('框架', 1), ('缺點', 1), ('中段', 1), ('地心', 1), ('反派', 1), ('巢穴', 1), ('過程', 1), ('猩球', 1), ('苦戰', 1), ('破壞力', 1), ('打到', 1), ('噴射', 1), ('能力', 1), ('拳頭', 1), ('金剛好歹', 1), ('壁棚奎爺', 1), ('利維坦', 1), ('武器', 1), ('機械手', 1), ('導演', 1), ('設計', 1), ('動作戲', 1), ('地心裡面幫忙', 1), ('搞出', 1), ('重力', 1), ('狀態', 1), ('怪獸本來', 1), ('空中', 1), ('傳送', 1), ('功夫', 1), ('帶來', 1), ('表現', 1), ('爛片', 1), ('客串', 1), ('效果', 1), ('速度', 1), ('畫下', 1), ('態度', 1), ('整體', 1), ('求怪獸幹架', 1), ('客群', 1), ('想法', 1), ('怪獸片', 1), ('口味', 1)]|0.0|"《哥吉拉與金剛：新帝國》有著和《哥吉拉大戰金剛》一樣的無腦風格 | 這次人類的戲份依舊和《哥吉拉大戰金剛》是差不多的 | 而《哥吉拉與金剛：新帝國》最後大戰的部分也有個問題"
電影影評_2024-04-01_78|2024-04-01|劇場版《排球少年 !! 垃圾場的決戰》開箱心得：用傳接球聯繫出精采比賽，也織出聯繫眾人的網──|電影影評|四年前的一月，某個下班後突然心血來潮，拿起了《排球少年 !!》的漫畫，結果花了大概五個晚上才將它們一本一本從頭看到尾，然後受到了深深的感動，從此我也成為了眾多「排民」中的一份子。四年後，劇場版《排球少年 !! 垃圾場的決戰》以動畫電影的形式，自今年二月於日本的電影院透過大銀幕上映。剛巧我與朋友安排了場二月底到日本的旅程，便決定要找一天去看劇場版，用我們的眼睛紀錄少年們在 9×18 公尺的場地內，進行「無法再來一場」的比賽。（＊編按：「排民」為粉絲間的自稱）內容目錄電影以運動鞋在木質球場上磨擦，這樣真實無比的聲音開始。本作主角日向翔陽所屬的烏野高中排球隊，與本片關鍵人物孤爪研磨所屬的音駒高中排球隊，經過幾次合宿訓練萌生了友誼，但同時也產生了想要贏過對方的意識。一向對大部分事物都興趣缺缺的研磨，竟非常難得地對了日向說：「想要打一場沒有第二次的比賽，輸了就馬上結束的那種。」兩隊之間從教練那一代就開始的「垃圾場的決戰」，將在春高──全日本排球高等學校錦標賽的第三天賽事中，迎來勝負。左是研磨所屬的音駒高中排球隊，日文發音中的「音駒」音近貓咪；右為翔陽所屬的烏野高中排球隊，日文發音中的「烏野」音近烏鴉。日本常見到貓與烏鴉在垃圾場爭食，也因此音駒與烏野兩校之間的比賽，成了「垃圾場的決戰」。在音駒的橫幅布幕上，寫著：「繋げ」（聯繫），這句應援標語不只代表著接球、傳球與扣球等進行賽事時會有的動作，同時也代表了從人開始，聯繫到另一個人，最終形成一張巨大的網。「繋げ」標語。懷著不同心思的人們，因為排球而集結於此，聯繫了起來。而最能將這句標語發揮得淋漓盡致的，我想應該就屬黑尾了。黑尾影響了研磨與月島，還有之後的許多人，不管最後這些人是否還會持續打球，但知曉快樂，才能持續喜歡。「因為喜歡，所以想讓更多人也喜歡。」這份喜歡的心情，成為了大家之後為了目標向前邁進的動力。《排球少年 !!》研磨回憶中的黑尾鐵朗。──阿黑，謝謝你教我打排球。角色之間的互相砥礪、競爭、羈絆都完善了故事，這一點是我自己非常喜歡《排球少年 !!》的地方，而且可由此看出作品中的那份溫情。特別是因為片中適時出現的回憶畫面，造成角色心境上的轉變，或是達成一直以來的願望那幾幕，讓人看得好幾次淚水在眼眶中打轉。而最讓人不禁熱淚盈眶的，便是貫穿本作的副標題──《垃圾場的決戰》，也是兩隊的貓又教練與前任烏養教練幾十年排球生涯中，最希望進行的一場比賽。海報上隱約可見到烏鴉與貓之間即將展開「垃圾場的決戰」。比賽最後，當轉播畫面帶到現任烏養教練（前任教練之孫）與貓又教練互相握手，老烏養教練在旁人有些驚訝的目光中也伸出手，向昔日對手致上敬意時，更是讓人不禁鼻酸。感謝這群熱愛排球、堅持排球的少年，延續了兩位教練、兩支球隊之間的緣分。《排球少年 !!》能這樣吸引人，除了精彩的比賽內容之外，很大一部分要歸功於漫畫原作者古館春一老師筆下，各種極具魅力的人物角色，與他們交織出的羈絆與友情。不管是作為本片劇情主線的日向與研磨，或是同屬音駒的黑尾與研磨，甚至是分屬兩隊的月島與黑尾……等人之間，激撞出的化學反應與最後的結果，都有一種令人心潮澎湃的感覺。《排球少年 !!》系列主角：日向翔陽。而在本片中，除了透過大銀幕感受精彩的比賽過程外，巧妙動人的音樂、流暢的運鏡，與電影裡不時穿插著，交織於研磨與黑尾之間，從兒時到大家在特訓時的點點回憶，絕對是這次的重要看點。而說到動畫《排球少年 !!》系列的音樂元素，絕對是非常為人津津樂道，為《排球少年 !!》動畫系列打造出許多經典配樂，林ゆうき與橘麻美兩位活躍於影劇動漫作品的知名作曲家，加上由排民也很熟悉的搖滾樂團 SPYAIR 所演唱的主題曲，這個固定班底組合基本上就已經是無敵；而本片的主題曲歌詞也非常地符合故事：あと 1 秒だけ もう 1 秒だけ なんて 惜しみながら行くよ好想把比賽多延續一秒、好想再多打一球……劇場版《排球少年 !! 垃圾場的決戰》主題曲〈Orange〉──SPYAIR：──好想再多看一秒。已經接近深夜十一點的電影院裡，當本片最後的工作人員名單跑完、彩蛋看完，意猶未盡的我們還端坐在椅子上，回味了好幾分鐘才起身，依依不捨地離開。走在皮膚還會感覺到陣陣涼意的池袋街頭，我們的呼吸炙熱、情緒還有些亢奮。「回台灣後再多看幾次吧──」我在心裡這樣想著。電影院內裝飾著兩校的主要人物與各種劇照，「真實版」貓與烏鴉的對決不禁令人會心一笑。劇場版《排球少年 !! 垃圾場的決戰》在台灣自 4 月 12 日起正式上映。撰文：AO|https://news.agentm.tw/276790/|https://news.agentm.tw/wp-content/uploads/劇場版《排球少年-垃圾場的決戰》開箱：用傳接球聯繫出精采比賽，也織出聯繫眾人的網──-390x219.jpg|['拿起', '排球', '少年', '漫畫', '排民', '份子', '劇場版', '排球', '少年', '垃圾場', '決戰', '動畫', '電影', '形式', '日本', '電影院', '銀幕', '朋友', '日本', '旅程', '劇場版', '眼睛', '紀錄', '少年', '場地', '進行', '比賽', '排民', '粉絲', '內容', '目錄', '電影', '運動', '木質', '球場', '磨擦', '聲音', '主角', '日向', '翔陽', '烏野', '高中', '排球隊', '人物孤', '研磨', '音駒高中', '排球隊', '訓練', '友誼', '意識', '事物', '研磨', '日向', '比賽', '教練', '垃圾場', '決戰', '日本', '排球高等', '學校', '錦標賽', '賽事', '研磨', '音駒', '高中', '排球隊', '日文', '烏野', '高中', '排球隊', '日文發音中', '烏野', '烏鴉', '日本', '烏鴉', '垃圾場', '音駒', '烏野', '比賽', '垃圾場', '決戰', '音駒', '布幕', '聯繫', '標語', '進行', '賽事', '動作', '聯繫', '標語', '心思', '人們', '排球', '聯繫', '標語', '黑尾', '黑尾', '影響', '研磨', '心情', '目標', '動力', '排球', '少年', '阿黑', '排球', '角色', '砥礪', '競爭', '羈絆', '故事', '排球少年 !!', '地方', '作品', '溫情', '回憶', '畫面', '角色', '心境', '達成', '願望', '淚水', '眼眶', '貫穿', '本作', '標題', '垃圾場', '決戰', '教練', '教練', '排球', '生涯', '進行', '比賽', '海報', '烏鴉', '展開', '垃圾場', '決戰', '比賽', '轉播', '畫面', '帶到', '烏養', '教練', '教練', '教練', '老烏養', '教練', '旁人', '目光', '伸出', '敬意', '排球', '排球', '少年', '教練', '球隊', '緣分', '排球', '少年', '比賽', '內容', '漫畫', '作者', '古館春', '老師', '筆下', '魅力', '人物', '角色', '羈絆', '友情', '劇情', '主線', '日向', '研磨', '音駒', '黑尾', '研磨', '月島', '黑尾……', '撞出', '化學', '反應', '結果', '心潮', '感覺', '排球', '少年 !!', '系列', '主角', '翔陽', '銀幕', '感受', '比賽', '過程', '音樂', '運鏡', '電影', '穿插', '研磨', '黑尾', '回憶', '看點', '動畫', '排球', '少年', '系列', '音樂', '元素', '樂道', '排球少年 !!', '動畫', '系列', '打造出', '經典', '林ゆうき', '橘麻美', '影劇', '作品', '作曲家', '搖滾', '樂團', '演唱', '主題曲', '班底', '組合', '主題曲', '歌詞', '故事', '比賽', '劇場版', '排球', '少年', '垃圾場', '決戰', '主題曲', '接近', '電影院', '工作', '人員', '名單', '跑完', '彩蛋', '看完', '椅子', '離開', '皮膚', '街頭', '情緒', '台灣', '電影院', '裝飾', '人物', '劇照', '真實版', '劇場版', '排球', '少年', '垃圾場', '決戰', '台灣']|[('排球', 13), ('少年', 9), ('垃圾場', 8), ('比賽', 8), ('教練', 8), ('決戰', 7), ('研磨', 7), ('劇場版', 4), ('日本', 4), ('烏野', 4), ('排球隊', 4), ('音駒', 4), ('黑尾', 4), ('動畫', 3), ('電影', 3), ('電影院', 3), ('進行', 3), ('日向', 3), ('高中', 3), ('烏鴉', 3), ('聯繫', 3), ('標語', 3), ('角色', 3), ('系列', 3), ('主題曲', 3), ('漫畫', 2), ('排民', 2), ('銀幕', 2), ('內容', 2), ('主角', 2), ('翔陽', 2), ('賽事', 2), ('羈絆', 2), ('故事', 2), ('排球少年 !!', 2), ('作品', 2), ('回憶', 2), ('畫面', 2), ('人物', 2), ('音樂', 2), ('台灣', 2), ('拿起', 1), ('份子', 1), ('形式', 1), ('朋友', 1), ('旅程', 1), ('眼睛', 1), ('紀錄', 1), ('場地', 1), ('粉絲', 1), ('目錄', 1), ('運動', 1), ('木質', 1), ('球場', 1), ('磨擦', 1), ('聲音', 1), ('人物孤', 1), ('音駒高中', 1), ('訓練', 1), ('友誼', 1), ('意識', 1), ('事物', 1), ('排球高等', 1), ('學校', 1), ('錦標賽', 1), ('日文', 1), ('日文發音中', 1), ('布幕', 1), ('動作', 1), ('心思', 1), ('人們', 1), ('影響', 1), ('心情', 1), ('目標', 1), ('動力', 1), ('阿黑', 1), ('砥礪', 1), ('競爭', 1), ('地方', 1), ('溫情', 1), ('心境', 1), ('達成', 1), ('願望', 1), ('淚水', 1), ('眼眶', 1), ('貫穿', 1), ('本作', 1), ('標題', 1), ('生涯', 1), ('海報', 1), ('展開', 1), ('轉播', 1), ('帶到', 1), ('烏養', 1), ('老烏養', 1), ('旁人', 1), ('目光', 1), ('伸出', 1), ('敬意', 1), ('球隊', 1), ('緣分', 1), ('作者', 1), ('古館春', 1), ('老師', 1), ('筆下', 1), ('魅力', 1), ('友情', 1), ('劇情', 1), ('主線', 1), ('月島', 1), ('黑尾……', 1), ('撞出', 1), ('化學', 1), ('反應', 1), ('結果', 1), ('心潮', 1), ('感覺', 1), ('少年 !!', 1), ('感受', 1), ('過程', 1), ('運鏡', 1), ('穿插', 1), ('看點', 1), ('元素', 1), ('樂道', 1), ('打造出', 1), ('經典', 1), ('林ゆうき', 1), ('橘麻美', 1), ('影劇', 1), ('作曲家', 1), ('搖滾', 1), ('樂團', 1), ('演唱', 1), ('班底', 1), ('組合', 1), ('歌詞', 1), ('接近', 1), ('工作', 1), ('人員', 1), ('名單', 1), ('跑完', 1), ('彩蛋', 1), ('看完', 1), ('椅子', 1), ('離開', 1), ('皮膚', 1), ('街頭', 1), ('情緒', 1), ('裝飾', 1), ('劇照', 1), ('真實版', 1)]|1.4810375148499588e-13|"」兩隊之間從教練那一代就開始的「垃圾場的決戰」 | 也是兩隊的貓又教練與前任烏養教練幾十年排球生涯中 | 海報上隱約可見到烏鴉與貓之間即將展開「垃圾場的決戰」"
電影影評_2024-04-01_79|2024-04-01|【影評】Netflix《恐懼的代價》：有兩個經典版本珠玉在前，網飛真的不用再拍了謝謝|電影影評|Netflix 新上架的原創電影《恐懼的代價》(Le Salaire de la peur) 往前回溯，有兩個目前公認成為經典的版本，一是 1953 年由亨利喬治克魯佐執導的《恐怖的報酬》，另一部則是 1980 年、威廉佛雷金（也就是《大法師》導演）所拍的《千驚萬險》(Sorcerer)。1953 年《恐怖的報酬》。這個改編自同名小說的故事究竟有什麼魅力，值得一拍再拍？或許我們可以從諾蘭對原版電影《恐怖的報酬》的讚譽中一窺，他是這麼說的：「這是一部傑作。我團隊中有很多人不知道為什麼我要放這部片給他們看，但其實很合理。這部電影給我們的，就是純然的懸疑感 (pure suspense)。懸疑感來自機械的、過程的和體能上的各種艱困，看看卡車必須在懸崖上高台迴轉、輪胎卻起不了反應的那個場景！這就是我想帶給《敦克爾克大行動》的懸疑感。」Netflix 版《恐懼的代價》。但如果你想在 Netflix 版的《恐懼的代價》尋找這種懸疑驚悚，那肯定會大失所望。在前兩版電影中，卡車司機兩兩一組（因為這樣才能有人換手開車），遭遇到的困難是極度惡劣的路況、還有像是隨時都要解體的卡車狀態；他們確實也碰上民兵襲擊，但軍事要素作為路途「關卡」的成分少了很多，更多是在對抗環境、天候與大自然。1977 年《千驚萬險》。例如《千驚萬險》最經典的場景，便是卡車在瘋狂暴雨中，搖搖晃晃通過一座隨時都會碎裂掉入河中的吊橋，車與人東倒西歪，後車廂的硝化甘油隨之擺動⋯⋯大自然的威壓是難以匹敵的，人類無法征服。其實很容易就可以看出，Netflix 版《恐懼的代價》的改編方式是採取什麼思路。前兩個版本中，四位卡車司機彼此不相識，只是都有著必須冒生命風險接下這個任務的動機，可以說是命運將他們湊在了一起（而「命運」也是電影中最大的主題）；Netflix 版《恐懼的代價》則出於某種理由，認定登場角色必須有情感糾葛和人物成長。這完全沒有必要，更何況這些演員的臉和演技都令人過目即忘，但如果電影拍得夠驚悚也不是不能原諒⋯⋯可惜觀眾無法如願。《恐怖的報酬》中經典的卡車迴轉場景。前兩版《恐怖的報酬》與《千驚萬險》不是一比一翻拍，他們的人物背景和路上遭遇的危機並不完全相同，但有個共通的主題，那就是命運的殘酷與隨機性。司機們面臨的是幾乎不可抗力的大環境，不到最後無法確定誰死誰活，他們的死活也沒有任何合理性；即使經歷了巨大的恐懼、對抗命運，也無法保證就能收穫成果。Netflix 版《恐懼的代價》。Netflix 版《恐懼的代價》有大量的篇幅留給了軍事集團和槍戰，應該是想在這個純粹的懸疑故事中加上反戰、反殖民的思維，卻使得故事鋪排變得單一無聊（《瘋狂麥斯：憤怒道》都要刺激多了），也讓原先故事中那種「人或許無法戰勝命運」的恐怖感全部消失，只剩下十分平面的「壞人」臉孔。為什麼 Netflix 要翻拍這部作品？這只有他們才知道，但我認為廣大的影迷只想說：別再拍了，謝謝。|https://news.agentm.tw/276727/|https://news.agentm.tw/wp-content/uploads/cover-1-2538-390x219.jpg|['電影', '代價', '經典', '版本', '亨利喬治', '克魯佐', '執導', '報酬', '威廉佛雷金', '大法師', '導演', '報酬', '改編', '小說', '故事', '魅力', '諾蘭', '原版', '電影', '報酬', '讚譽', '傑作', '團隊', '電影', '懸疑感', '懸疑感', '機械', '過程', '體能', '看看', '卡車', '懸崖上', '高台', '輪胎', '反應', '場景', '克爾克大行動', '懸疑感', '代價', '代價', '尋找', '電影', '卡車', '司機', '困難', '路況', '卡車', '狀態', '碰上', '民兵襲擊', '軍事', '要素', '路途', '關卡', '成分', '對抗', '環境', '天候', '大自然', '千驚萬險', '千驚萬險', '經典', '場景', '卡車', '暴雨', '通過', '吊橋', '車廂', '大自然', '威壓', '人類', '征服', '代價', '方式', '採取', '思路', '版本', '卡車', '司機', '生命', '風險', '接下', '任務', '動機', '命運', '命運', '電影', '主題', '代價', '理由', '角色', '糾葛', '必要', '演員', '演技', '電影', '觀眾', '報酬', '經典', '卡車', '場景', '報酬', '千驚萬險', '翻拍', '人物', '背景', '路上', '危機', '主題', '命運', '隨機性', '司機們', '抗力', '環境', '死活', '合理性', '對抗', '命運', '收穫', '成果', ' 版', '代價', '代價', '篇幅', '軍事', '集團', '槍戰', '故事', '加上', '思維', '故事', '憤怒', '故事', '戰勝', '命運', '恐怖感', '平面', '壞人', '臉孔', '作品', '影迷']|[('代價', 7), ('電影', 6), ('卡車', 6), ('報酬', 5), ('命運', 5), ('故事', 4), ('經典', 3), ('懸疑感', 3), ('場景', 3), ('千驚萬險', 3), ('版本', 2), ('司機', 2), ('軍事', 2), ('對抗', 2), ('環境', 2), ('大自然', 2), ('主題', 2), ('亨利喬治', 1), ('克魯佐', 1), ('執導', 1), ('威廉佛雷金', 1), ('大法師', 1), ('導演', 1), ('改編', 1), ('小說', 1), ('魅力', 1), ('諾蘭', 1), ('原版', 1), ('讚譽', 1), ('傑作', 1), ('團隊', 1), ('機械', 1), ('過程', 1), ('體能', 1), ('看看', 1), ('懸崖上', 1), ('高台', 1), ('輪胎', 1), ('反應', 1), ('克爾克大行動', 1), ('尋找', 1), ('困難', 1), ('路況', 1), ('狀態', 1), ('碰上', 1), ('民兵襲擊', 1), ('要素', 1), ('路途', 1), ('關卡', 1), ('成分', 1), ('天候', 1), ('暴雨', 1), ('通過', 1), ('吊橋', 1), ('車廂', 1), ('威壓', 1), ('人類', 1), ('征服', 1), ('方式', 1), ('採取', 1), ('思路', 1), ('生命', 1), ('風險', 1), ('接下', 1), ('任務', 1), ('動機', 1), ('理由', 1), ('角色', 1), ('糾葛', 1), ('必要', 1), ('演員', 1), ('演技', 1), ('觀眾', 1), ('翻拍', 1), ('人物', 1), ('背景', 1), ('路上', 1), ('危機', 1), ('隨機性', 1), ('司機們', 1), ('抗力', 1), ('死活', 1), ('合理性', 1), ('收穫', 1), ('成果', 1), (' 版', 1), ('篇幅', 1), ('集團', 1), ('槍戰', 1), ('加上', 1), ('思維', 1), ('憤怒', 1), ('戰勝', 1), ('恐怖感', 1), ('平面', 1), ('壞人', 1), ('臉孔', 1), ('作品', 1), ('影迷', 1)]|8.881784197001252e-16|"前兩版《恐怖的報酬》與《千驚萬險》不是一比一翻拍 | 我團隊中有很多人不知道為什麼我要放這部片給他們看 | 但如果你想在 Netflix 版的《恐懼的代價》尋找這種懸疑驚悚"
電影影評_2024-03-29_80|2024-03-29|簡單快樂讓《哥吉拉與金剛：新帝國》成功在望！怪獸宇宙十年有成，終於找到屬於自己的步伐|電影影評|不知不覺間，從《哥吉拉》開始算起的怪獸宇宙系列居然已進入第十年。想當初，沒人知道空窗十年後以好萊塢規格復活的哥吉拉電影能否成功，但傳奇版《哥吉拉》辦到了；緊接著，原本不在範圍內的金剛新作計畫也順勢移來，《金剛：骷髏島》同樣賣座，哥吉拉與金剛的對決也蓄勢待發。沒想到這時從東寶拉來三大怪獸拍出的《哥吉拉 II：怪獸之王》卻栽了跟頭，接著哥吉拉與金剛的對決先是內部反應不佳而又修又延，然後還碰上疫情重創全球戲院；正當這系列可能面臨草草收場的危機時，《哥吉拉大戰金剛》反而成為全球戲院復甦的春雷，是疫情期間戲院串流並行上映的成功範例；於是續集電影繼續前進──先是確定為「《哥吉拉大戰金剛》劇情之延續」，後來進一步確認哥吉拉也將回歸，最終成為 2024 年、也是哥吉拉誕生七十周年上映的《哥吉拉與金剛：新帝國》。隨著腳步站穩，如今也可以從本片回頭看看這十年來「怪獸宇宙」不斷切換的步伐。內容目錄《新帝國》一方面接續前作劇情，繼續開發前作首度亮相的地心空洞世界，但在人物上卻一個已經持續十年的削減慣例。《哥吉拉》的要角如芹澤博士等人，到了《怪獸之王》不是沒登場，就是有些突兀地退場；《怪獸之王》首度登場的羅素一家人，在《哥吉拉大戰金剛》只剩女兒擔任要角，到了本作也消失，換成上一集登場的金剛通靈少女成為最關鍵角色。《哥吉拉與金剛：新帝國》電影劇照。怪獸宇宙在人物上可以看出這種（可能因為人類在這系列中總是不好拿捏而）兩集交一棒的新陳代謝，而「君主」這個單位則有另一種吹氣球般的變化。在《哥吉拉》中只有探員獨自活動而十分神秘的「君主」組織，到了《怪獸之王》忽然戰力爆脹，除了遍布全球各地、深入極地與海底的大小基地，甚至還有超越當代科技、飛得幾乎比拉頓還快的空中母艦，要征服世界好像也不用吹灰之力。但該組織的戰力到了《哥吉拉大戰金剛》開始適當縮減，到了本作可以說只用最低成本的方式來表達其存在──有幾個總部的畫面、幾個分部的畫面，有艘潛水艇，大致就這樣。《哥吉拉與金剛：新帝國》電影劇照。這種縮減其實對電影來說是好事。《新帝國》和前幾作相比的最大優點，就是把本來較為龐雜的電影元素盡量簡化，不只「君主」組織瘦身成功，人物也大幅精簡，精簡到了彷彿在看昭和哥吉拉那種六七個要角就能演完的故事。人物也不囉嗦，簡單的親情（只有母女，倒省去了《怪獸之王》那種不太討喜的家庭拌嘴）、清爽不曖昧的人物關係、少量不礙事的笑話，甚至沒幾個四處奔跑歷險的鏡頭。那這樣的話劇情要怎麼推展？這就要說到本片在怪獸宇宙中的一個新創舉：怪獸也要演人物劇。從這一點來回顧過往十年也是很有趣──《哥吉拉》花了那麼多工夫去強調怪獸本身的生物性，不讓怪獸成為有「人味」的角色，但到《怪獸之王》就變了；哥吉拉開始得要稱王，過程中還會與古代人類的儀式互動，而拉頓最後的演出更讓怪獸顯得人味過重（也因此在銀幕外被嘲笑了一陣）。《哥吉拉與金剛：新帝國》哥吉拉。到了《哥吉拉大戰金剛》，哥吉拉既然跟金剛開始聯手，那個人味就被逼了出來；而本片則是讓金剛直接演了一齣王子復仇記──踏上旅途尋找同胞、遇上小跟班，雖然一時被奴役同胞的壞國王打成重傷，但在小跟班、怪獸夥伴以及人類的協助下打敗壞國王，解救同胞。而在一旁配合的哥吉拉，也同樣展現出各種擬人（甚至是擬貓？）的舉動，各種手刀奔跑飛拳飛踢，簡直回到自己昭和時代的青春模樣，讓這部片比前作《哥吉拉大戰金剛》更接近 1962 年的哥吉拉巔峰喜劇《金剛對哥吉拉》。《哥吉拉與金剛：新帝國》裡登場的「小跟班」。從這方面來說，《新帝國》的劇情也彷彿花了十年找出了最精簡有效的方式──不需要再像《哥吉拉》那樣找不到壞人、不需要再像《怪獸之王》那樣煩惱一下哪種立場才是壞人，甚至連把壞人分成壞企業跟壞機械哥吉拉來分頭擊破都不必了，《新帝國》的壞人從頭到尾就那一頭壞紅毛猩猩（以及面目模糊的手下們、還有單純被當作能量營養來源的可憐海龍水蛇們），打完收工，單純到了極點。《哥吉拉與金剛：新帝國》金剛。但以效果來看，《新帝國》很成功。在一切都極簡化以後，沒有莫名跳出的角色與笑話、沒有沒講完的龐雜設定，再也沒有一丁點讓人覺得多餘的地方，雖然也可以說什麼都沒有，看完船過水無痕，但就是有哥吉拉、有金剛，有大量爽快不停歇的打鬥，讓這部片成為更簡潔洗練的怪獸對戰片。十年下來，怪獸宇宙似乎漸漸有抓到最多數觀眾的最大喜好，接下來需要擔心的，或許就是如何在這種簡單快樂中再生新鮮感吧。|https://news.agentm.tw/276613/|https://news.agentm.tw/wp-content/uploads/cover-1-2535-390x219.jpg|['哥吉拉', '怪獸', '宇宙', '系列', '空窗', '好萊塢', '規格', '哥吉拉', '電影', '傳奇版', '哥吉拉', '範圍', '金剛', '新作', '計畫', '移來', '金剛', '骷髏島', '哥吉拉', '金剛', '東寶拉', '怪獸', '拍出', '哥吉拉', '怪獸', '哥吉拉', '金剛', '反應', '碰上', '疫情', '全球', '戲院', '系列', '危機', '哥吉拉', '大戰', '金剛', '全球', '戲院', '春雷', '疫情', '期間', '戲院', '串流', '範例', '續集', '電影', '哥吉拉', '大戰', '金剛', '劇情', '哥吉拉', '哥吉拉', '哥吉拉', '金剛', '腳步', '看看', '怪獸', '宇宙', '切換', '步伐', '內容', '目錄', '劇情', '世界', '削減', '慣例', '哥吉拉', '要角', '芹澤博士', '怪獸之王', '怪獸', '羅素一家人', '哥吉拉', '大戰', '金剛', '女兒', '要角', '本作', '金剛', '少女', '角色', '哥吉拉', '金剛', '電影劇照', '怪獸', '宇宙', '人物', '系列', '拿捏', '君主', '單位', '氣球', '變化', '哥吉拉', '探員', '君主', '組織', '怪獸', '戰力', '全球', '海底', '基地', '超越', '科技', '空中', '征服', '世界', '組織', '哥吉拉', '大戰', '金剛', '縮減', '本作', '方式', '表達', '總部', '畫面', '分部', '畫面', '潛水艇', '哥吉拉', '金剛', '電影', '劇照', '縮減', '電影', '好事', '優點', '電影', '元素', '君主', '組織', '人物', '哥吉拉', '要角', '演完', '故事', '人物', '親情', '母女', '怪獸之王', '家庭', '人物', '關係', '笑話', '鏡頭', '劇情', '推展', '怪獸', '宇宙', '創舉', '怪獸', '人物劇', '哥吉拉', '工夫', '怪獸', '生物性', '怪獸', '人味', '角色', '怪獸', '哥吉拉', '過程', '人類', '儀式', '拉頓', '演出', '怪獸', '人味', '銀幕', '嘲笑', '哥吉拉', '金剛', '哥吉拉', '哥吉拉', '大戰', '金剛', '哥吉拉', '金剛', '人味', '金剛', '王子', '旅途', '尋找', '同胞', '遇上', '跟班', '奴役', '同胞', '國王', '怪獸夥伴', '協助', '打敗', '國王', '解救', '同胞', '配合', '哥吉拉', '舉動', '手刀奔跑', '昭和', '時代', '青春', '模樣', '哥吉拉', '大戰', '金剛', '接近', '哥吉拉', '巔峰', '喜劇', '金剛', '哥吉拉', '哥吉拉', '金剛', '小跟班', '方面', '劇情', '找出', '方式', '哥吉拉', '壞人', '怪獸', '煩惱', '立場', '壞人', '壞人', '企業', '機械', '哥吉拉', '擊破', '帝國', '壞人', '紅毛', '猩猩', '面目', '手下', '能量', '營養', '來源', '海龍水蛇', '打完', '哥吉拉', '金剛', '金剛', '效果', '角色', '笑話', '講完', '一丁點', '地方', '看完', '哥吉拉', '金剛', '怪獸', '戰片', '怪獸', '宇宙', '抓到', '觀眾', '喜好']|[('哥吉拉', 33), ('金剛', 22), ('怪獸', 16), ('大戰', 6), ('宇宙', 5), ('電影', 5), ('劇情', 4), ('人物', 4), ('壞人', 4), ('系列', 3), ('全球', 3), ('戲院', 3), ('要角', 3), ('角色', 3), ('君主', 3), ('組織', 3), ('人味', 3), ('同胞', 3), ('疫情', 2), ('世界', 2), ('怪獸之王', 2), ('本作', 2), ('縮減', 2), ('方式', 2), ('畫面', 2), ('笑話', 2), ('國王', 2), ('空窗', 1), ('好萊塢', 1), ('規格', 1), ('傳奇版', 1), ('範圍', 1), ('新作', 1), ('計畫', 1), ('移來', 1), ('骷髏島', 1), ('東寶拉', 1), ('拍出', 1), ('反應', 1), ('碰上', 1), ('危機', 1), ('春雷', 1), ('期間', 1), ('串流', 1), ('範例', 1), ('續集', 1), ('腳步', 1), ('看看', 1), ('切換', 1), ('步伐', 1), ('內容', 1), ('目錄', 1), ('削減', 1), ('慣例', 1), ('芹澤博士', 1), ('羅素一家人', 1), ('女兒', 1), ('少女', 1), ('電影劇照', 1), ('拿捏', 1), ('單位', 1), ('氣球', 1), ('變化', 1), ('探員', 1), ('戰力', 1), ('海底', 1), ('基地', 1), ('超越', 1), ('科技', 1), ('空中', 1), ('征服', 1), ('表達', 1), ('總部', 1), ('分部', 1), ('潛水艇', 1), ('劇照', 1), ('好事', 1), ('優點', 1), ('元素', 1), ('演完', 1), ('故事', 1), ('親情', 1), ('母女', 1), ('家庭', 1), ('關係', 1), ('鏡頭', 1), ('推展', 1), ('創舉', 1), ('人物劇', 1), ('工夫', 1), ('生物性', 1), ('過程', 1), ('人類', 1), ('儀式', 1), ('拉頓', 1), ('演出', 1), ('銀幕', 1), ('嘲笑', 1), ('王子', 1), ('旅途', 1), ('尋找', 1), ('遇上', 1), ('跟班', 1), ('奴役', 1), ('怪獸夥伴', 1), ('協助', 1), ('打敗', 1), ('解救', 1), ('配合', 1), ('舉動', 1), ('手刀奔跑', 1), ('昭和', 1), ('時代', 1), ('青春', 1), ('模樣', 1), ('接近', 1), ('巔峰', 1), ('喜劇', 1), ('小跟班', 1), ('方面', 1), ('找出', 1), ('煩惱', 1), ('立場', 1), ('企業', 1), ('機械', 1), ('擊破', 1), ('帝國', 1), ('紅毛', 1), ('猩猩', 1), ('面目', 1), ('手下', 1), ('能量', 1), ('營養', 1), ('來源', 1), ('海龍水蛇', 1), ('打完', 1), ('效果', 1), ('講完', 1), ('一丁點', 1), ('地方', 1), ('看完', 1), ('戰片', 1), ('抓到', 1), ('觀眾', 1), ('喜好', 1)]|0.9999999947490984|"《新帝國》的劇情也彷彿花了十年找出了最精簡有效的方式──不需要再像《哥吉拉》那樣找不到壞人、不需要再像《怪獸之王》那樣煩惱一下哪種立場才是壞人 | 《哥吉拉與金剛：新帝國》裡登場的「小跟班」 | 《哥吉拉與金剛：新帝國》電影劇照"
電影影評_2024-03-29_81|2024-03-29|【影評】《莎莉》：在千里尋愛的過程，找回自我的價值|電影影評|由練建宏導演執導的《莎莉》，劇情描述大齡女子林惠君住在台中山裡，過著拔拔玉米，餵餵雞的日子，姑姑不時提醒她該結婚了，從上海回來的姪女正值叛逆期，還有即將結婚的弟弟每天與女友黏在一起，讓她心生嚮往愛情的甜蜜。姪女看不下去幫她裝了交友軟體，謊報年齡還取名叫莎莉，沒想到一滑就和法國的馬丁配對順利，從此天天盯著手機傳訊息。不料疑似感情詐騙的風聲傳遍街坊鄰里，大家的叮嚀讓她喘不過氣，她決定買張機票直飛巴黎，為得來不易的異國戀曲做出最後努力！內容目錄電影一開始外人加諸於惠君身上的雜音，諸如「你應該結婚了」，「你怎麼不找個正常一點的」，這些話語宛如緊箍咒，不動聽且刺耳，但或許正因為這些人為「助力」加上天災（颱風吹垮了雞舍），讓惠君更有孤注一擲的動能和動能，她貿然前往巴黎尋愛的舉動看來躁進，但或許此時的她無比清楚，唯有踏出去一試才有驗證自己能否成功的機會。《莎莉》表面上看起來在探討異國戀值不值得不遠千里去追尋，但電影更試圖藉由林惠君千里尋愛的過程，去反思在自己的人生座標中，真正重要的是什麼？幸福是比較而來或是一種自我滿足？傾聽自己的聲音，順從自己的渴望，到頭來得到的是一場騙局，真的是失去？無意間尋獲的愛情曙光，是帶她通往幸福的坦途，又或是另一場幻夢？《莎莉》不帶任何批判目光去呈現惠君的行為和心理紋路，有些時候我們不懂她的執著所謂而來，不了解她到底想追求的是什麼，但這些不懂不了解，也正是導演想呈現的生命狀態，惠君藉由生活所汲取的養分讓她更得以在每一次回望，每一個轉身更清楚自己要的是什麼，甚至是其他人的。惠君最終了解的，不是自己一個人也可以過得很好，而是就算她曾犯傻、迷茫、沒有方向，生活依然會教會她許多事，生命的價值即便不來自於愛情的圓滿，親情的肯認也是一種圓滿。弟弟在結婚時對她的感念，姪女要回上海前對她說出我愛你這麼充滿靈性的話語，在在證明了惠君的溫暖良善，和能夠給予。言言的表演不張狂，內斂低調卻飽滿而富有層次，無論是情竇初開的欣喜、不被理解的氣悶沮喪、乃至心神清明的懂得，她演來不慍不火，自然細膩的表演讓人感同身受，大大為影片加分，也讓人更期待她日後的電影演出。|https://news.agentm.tw/276333/|https://news.agentm.tw/wp-content/uploads/cover-1-2527-390x219.jpg|['練建宏', '導演', '執導', '莎莉', '劇情', '描述', '女子', '林惠君', '台中', '拔拔', '玉米', '日子', '姑姑', '上海', '姪女', '叛逆期', '女友', '愛情', '姪女', '軟體', '年齡', '莎莉', '法國', '馬丁', '手機', '訊息', '感情', '風聲', '街坊', '鄰里', '叮嚀', '巴黎', '異國戀', '曲做出', '內容目', '電影', '外人', '惠君', '話語', '箍咒', '颱風', '吹垮', '雞舍', '惠君', '孤注一擲', '動能', '動能', '巴黎', '舉動看來', '機會', '莎莉', '表面', '異國戀值不值得', '追尋', '電影', '惠君', '過程', '人生', '座標中', '比較而來', '聲音', '渴望', '騙局', '愛情', '曙光', '坦途', '幻夢', '莎莉', '批判', '目光', '惠君', '行為', '心理', '紋路', '時候', '追求', '導演', '生命', '狀態', '惠君', '生活', '汲取', '養分', '惠君', '了解', '方向', '生活', '教會', '生命', '價值', '愛情', '親情', '弟弟', '姪女', '上海', '靈性', '話語', '惠君', '層次', '情竇初開', '心神清明', '表演', '影片', '電影', '演出']|[('惠君', 7), ('莎莉', 4), ('姪女', 3), ('愛情', 3), ('電影', 3), ('導演', 2), ('上海', 2), ('巴黎', 2), ('話語', 2), ('動能', 2), ('生命', 2), ('生活', 2), ('練建宏', 1), ('執導', 1), ('劇情', 1), ('描述', 1), ('女子', 1), ('林惠君', 1), ('台中', 1), ('拔拔', 1), ('玉米', 1), ('日子', 1), ('姑姑', 1), ('叛逆期', 1), ('女友', 1), ('軟體', 1), ('年齡', 1), ('法國', 1), ('馬丁', 1), ('手機', 1), ('訊息', 1), ('感情', 1), ('風聲', 1), ('街坊', 1), ('鄰里', 1), ('叮嚀', 1), ('異國戀', 1), ('曲做出', 1), ('內容目', 1), ('外人', 1), ('箍咒', 1), ('颱風', 1), ('吹垮', 1), ('雞舍', 1), ('孤注一擲', 1), ('舉動看來', 1), ('機會', 1), ('表面', 1), ('異國戀值不值得', 1), ('追尋', 1), ('過程', 1), ('人生', 1), ('座標中', 1), ('比較而來', 1), ('聲音', 1), ('渴望', 1), ('騙局', 1), ('曙光', 1), ('坦途', 1), ('幻夢', 1), ('批判', 1), ('目光', 1), ('行為', 1), ('心理', 1), ('紋路', 1), ('時候', 1), ('追求', 1), ('狀態', 1), ('汲取', 1), ('養分', 1), ('了解', 1), ('方向', 1), ('教會', 1), ('價值', 1), ('親情', 1), ('弟弟', 1), ('靈性', 1), ('層次', 1), ('情竇初開', 1), ('心神清明', 1), ('表演', 1), ('影片', 1), ('演出', 1)]|7.305671313573292e-06|"生命的價值即便不來自於愛情的圓滿 | 《莎莉》表面上看起來在探討異國戀值不值得不遠千里去追尋 | 有些時候我們不懂她的執著所謂而來"
電影影評_2024-03-28_82|2024-03-28|【影評】《破墓》：2024最強票房黑馬，蘊藏神秘恐怖事件下的深層意義尚待發掘|電影影評|撰文：阿揪西放送在宗教活動極為活躍的韓國，與宗教相關的神秘事件一直都是備受歡迎的電影題材之一。2016 年，懸疑大師羅泓軫執導的《哭聲》以薩滿信仰為主題，在韓國創下了近 688 萬觀影人次的佳績，成為了韓國影壇多年來難以撼動的神秘電影天花板。然而，這部經典之作在時隔八年後終於遇上了旗鼓相當的對手——《破墓》。內容目錄圖片來源：CJ Entertainment、Showbox《破墓》的導演張宰賢在 2015 年和 2019 年分別以天主教主題的《黑祭司》以及佛教、基督教為中心的《娑婆訶》打響了名號。這次以薩滿信仰與陰陽五行為主軸的《破墓》，在韓國上映僅 10 天即以黑馬之姿突破了 500 萬觀影人次，預測將會是今年首部突破千萬觀影人次的作品，更將成為韓國影壇首部突破千萬大關的神秘恐怖類型片。而張宰賢導演也以此三部作品奠定了他宗教神秘題材大師的地位。圖片來源：Showbox《破墓》劇情講述一個美國韓裔富豪家族的男性血脈一直患有現代醫學難解的遺傳怪病，就連剛出生的新生兒也難以倖免，在走頭無路之下找上了薩滿巫師花林（金高銀 飾）和奉吉（李到晛 飾）求助。花林一眼就意識到怪病與祖墳風水有關，於是回到韓國找到風水師金尚德（崔岷植 飾）、殯葬師高榮根（柳海真 飾）合作，一起處理這筆富豪家族遷葬的「大單」。然而，風水師尚德勘查過墓地後，發現該墓地風水凶惡，破土恐將為所有相關人員帶來劫難，便臨時拒絕協助遷葬。圖片來源：Showbox最終，花林提議在掘墓的同時由她來跳大神為大家擋煞，說服尚德開工。未料，看似順利的遷葬工事卻揭開了富豪家族隱藏的秘密，更意外釋放出了四人從未見過的凶險之物。圖片來源：Showbox《破墓》自劇情大綱與預告片釋出以來，就不斷地被拿來與《哭聲》進行比較。然而，實際觀影後就能了解，雖然兩者在營造恐怖氛圍上不分軒輊，但風格卻截然不同。《哭聲》著重於堆疊恐懼和懸疑情緒，讓觀眾自己嚇自己。相反，《破墓》在直敘神秘事件的過程中安插了許多時機精準的驚嚇場面 (jump scare)，直接把嚇人的元素突然地塞給觀眾。喜歡在恐怖電影中享受驚嚇的影迷們絕對不可錯過。圖片來源：Showbox張宰賢在前作《娑婆訶》遭受到不少「角色個性薄弱」的批評後，或許出於商業片導演的自覺與專業，在新作《破墓》中直接打造了個性鮮明的驅魔復仇者聯盟。圖片來源：Showbox在劇中，日語流利、善於安撫怨靈的韓國最強女巫「花林」；身上遍布護身經紋身，如同保鑣般守護著花林的法師「奉吉」；地位崇高、操守嚴謹的風水師「尚德」；對玄學抱持敬意的基督教長老兼葬儀師「榮根」，四位主要角色在戲中不僅呈現專業人士的風範，也展現了日常生活中追求時尚或為錢犯愁的一面，使得所有角色更加貼近觀眾。圖片來源：Showbox就連僅在尾段出現，戲份極少的大女巫光心（金善映 飾）與小女巫慈惠（金智安 飾），也都透過精心設計的台詞為劇情添加了活力，在觀眾心中留下深刻印象。而在一票角色中最值得一提的，無非就是金高銀飾演的花林一角。雖然薩滿素材在張宰賢之前的作品中就經常出現，但還沒有出現過像《破墓》一樣完整的跳大神儀式。金高銀在這場戲中的出色表現不亞於《哭聲》中由影帝黃晸珉飾演的日光巫師，吸引了所有觀眾與媒體的關注，創造了足以名留影史的名場面。圖片來源：Showbox導演張宰賢的宗教神秘電影之所以讓人上癮，主要是他出色的編劇功力能夠讓玄幻的世界變得可信，而這種功力的根基來自於扎實的田調工作。無論是薩滿法器、法事流程、遷葬習俗、對風水和五行的詳解、以及奉吉身上的「太乙保身經」等細節，都彰顯了導演對宗教主題的深刻掌握。然而《破墓》的劇情除了宗教外還有另一個進行過深度考究的部分，便是隱藏在薩滿題材下的「歷史主題」。圖片來源：Showbox從中段開始，《破墓》的劇情從「解決一個家庭的問題」，擴展到「解決一個家園的問題」。導演張宰賢在受訪時曾經表示：「我認為歷史上外來勢力的影響及其遺留問題至今仍然存在，我希望透過《破墓》來擺脫歷史傷痛和恐懼」，因此，許多影迷認為《破墓》透過隱藏在土地深處的惡魔，影射了藏在社會中的歷史餘毒。此外，一些眼尖韓國網友還發現《破墓》中所有人物的名字都與抗日運動者有關。當然，即使忽視這一部分，觀眾仍然可以純粹地享受神秘恐怖電影的樂趣；但對於有興趣深探的人來說，《破墓》還有更多內涵等著被挖掘。|https://news.agentm.tw/276551/|https://news.agentm.tw/wp-content/uploads/yjhkjl-390x219.png|['阿揪西放送', '宗教', '活動', '韓國', '宗教', '事件', '電影', '題材', '大師', '羅泓軫', '執導', '哭聲', '薩滿', '信仰', '主題', '韓國', '創下', '觀影', '人次', '佳績', '韓國', '影壇', '撼動', '電影', '天花板', '經典', '時隔', '遇上', '對手', '內容', '目錄', '圖片', '來源', '導演', '宰賢', '天主教', '主題', '祭司', '佛教', '基督教', '中心', '名號', '薩滿', '信仰', '陰陽', '行為', '主軸', '韓國', '黑馬之', '突破', '人次', '突破', '觀影人次', '作品', '韓國', '影壇', '突破', '張宰賢', '導演', '作品', '奠定', '宗教', '題材', '大師', '地位', '圖片', '來源', '破墓', '劇情', '美國', '韓裔', '富豪', '家族', '男性', '血脈', '醫學', '怪病', '新生兒', '找上', '薩滿', '巫師花林', '高銀 飾', '求助', '花林', '風水有關', '韓國', '找到', '風水師金', '尚德', '崔岷植 ', '殯葬師', '高榮根', '柳海真 ', '處理', '富豪', '家族', '遷葬', '風水師', '尚德', '勘查', '墓地', '墓地', '風水', '人員', '帶來', '劫難', '協助', '遷葬', '圖片', '來源', '花林', '擋煞', '尚德', '工事', '揭開', '富豪', '家族', '隱藏', '秘密', '釋放出', '圖片', '來源', '劇情', '大綱', '預告片', '釋出', '拿來', '哭聲', '進行', '比較', '營造', '氛圍', '軒輊', '風格', '哭聲', '情緒', '觀眾', '事件', '過程', '安插', '驚嚇場面', '塞給', '觀眾', '電影', '驚嚇', '影迷', '圖片', '來源', '張宰賢', '角色', '個性', '批評', '商業片', '導演', '自覺與', '新作', '打造', '聯盟', '圖片', '來源', '日語', '韓國', '女巫', '身上遍布', '護身經', '保鑣', '守護', '花林', '法師', '地位', '風水師', '尚德', '玄學', '敬意', '基督教', '長老', '葬儀師', '榮根', '角色', '人士', '風範', '展現', '生活', '追求', '時尚', '錢犯愁', '角色', '貼近', '觀眾', '圖片', '來源', '尾段', '戲份', '大女巫', '光心', '金善映 飾', '小女巫慈惠', '金智安 飾', '設計', '台詞', '劇情', '添加', '活力', '觀眾', '留下', '印象', '角色', '金高銀', '飾演', '花林一角', '薩滿素材', '張宰賢', '作品', '儀式', '金高銀', '表現', '影帝', '黃晸珉', '飾演', '日光', '巫師', '觀眾', '媒體', '創造', '名留影史', '名場面', '圖片', '來源', '導演', '張宰賢', '宗教', '電影', '編劇', '功力', '世界', '功力', '根基', '田調', '工作', '薩滿', '法器', '法事', '流程', '葬習俗', '風水', '五行', '身上', '細節', '彰顯', '導演', '宗教', '主題', '劇情', '宗教', '進行', '深度', '隱藏', '薩滿', '題材', '歷史', '主題', '圖片', '來源', '中段', '劇情', '解決', '家庭', '問題', '擴展到', '解決', '家園', '問題', '導演', '張宰賢', '歷史', '勢力', '影響', '問題', '擺脫', '歷史', '傷痛', '影迷', '隱藏', '土地', '深處', '惡魔', '社會', '歷史', '餘毒', '眼尖', '韓國', '網友', '人物', '名字', '運動者', '觀眾', '電影', '樂趣', '興趣深探', '內涵']|[('圖片', 9), ('來源', 9), ('韓國', 8), ('宗教', 6), ('導演', 6), ('觀眾', 6), ('電影', 5), ('薩滿', 5), ('張宰賢', 5), ('劇情', 5), ('主題', 4), ('尚德', 4), ('角色', 4), ('歷史', 4), ('題材', 3), ('哭聲', 3), ('突破', 3), ('作品', 3), ('富豪', 3), ('家族', 3), ('花林', 3), ('隱藏', 3), ('問題', 3), ('事件', 2), ('大師', 2), ('信仰', 2), ('人次', 2), ('影壇', 2), ('基督教', 2), ('地位', 2), ('遷葬', 2), ('風水師', 2), ('墓地', 2), ('風水', 2), ('進行', 2), ('影迷', 2), ('金高銀', 2), ('飾演', 2), ('功力', 2), ('解決', 2), ('阿揪西放送', 1), ('活動', 1), ('羅泓軫', 1), ('執導', 1), ('創下', 1), ('觀影', 1), ('佳績', 1), ('撼動', 1), ('天花板', 1), ('經典', 1), ('時隔', 1), ('遇上', 1), ('對手', 1), ('內容', 1), ('目錄', 1), ('宰賢', 1), ('天主教', 1), ('祭司', 1), ('佛教', 1), ('中心', 1), ('名號', 1), ('陰陽', 1), ('行為', 1), ('主軸', 1), ('黑馬之', 1), ('觀影人次', 1), ('奠定', 1), ('破墓', 1), ('美國', 1), ('韓裔', 1), ('男性', 1), ('血脈', 1), ('醫學', 1), ('怪病', 1), ('新生兒', 1), ('找上', 1), ('巫師花林', 1), ('高銀 飾', 1), ('求助', 1), ('風水有關', 1), ('找到', 1), ('風水師金', 1), ('崔岷植 ', 1), ('殯葬師', 1), ('高榮根', 1), ('柳海真 ', 1), ('處理', 1), ('勘查', 1), ('人員', 1), ('帶來', 1), ('劫難', 1), ('協助', 1), ('擋煞', 1), ('工事', 1), ('揭開', 1), ('秘密', 1), ('釋放出', 1), ('大綱', 1), ('預告片', 1), ('釋出', 1), ('拿來', 1), ('比較', 1), ('營造', 1), ('氛圍', 1), ('軒輊', 1), ('風格', 1), ('情緒', 1), ('過程', 1), ('安插', 1), ('驚嚇場面', 1), ('塞給', 1), ('驚嚇', 1), ('個性', 1), ('批評', 1), ('商業片', 1), ('自覺與', 1), ('新作', 1), ('打造', 1), ('聯盟', 1), ('日語', 1), ('女巫', 1), ('身上遍布', 1), ('護身經', 1), ('保鑣', 1), ('守護', 1), ('法師', 1), ('玄學', 1), ('敬意', 1), ('長老', 1), ('葬儀師', 1), ('榮根', 1), ('人士', 1), ('風範', 1), ('展現', 1), ('生活', 1), ('追求', 1), ('時尚', 1), ('錢犯愁', 1), ('貼近', 1), ('尾段', 1), ('戲份', 1), ('大女巫', 1), ('光心', 1), ('金善映 飾', 1), ('小女巫慈惠', 1), ('金智安 飾', 1), ('設計', 1), ('台詞', 1), ('添加', 1), ('活力', 1), ('留下', 1), ('印象', 1), ('花林一角', 1), ('薩滿素材', 1), ('儀式', 1), ('表現', 1), ('影帝', 1), ('黃晸珉', 1), ('日光', 1), ('巫師', 1), ('媒體', 1), ('創造', 1), ('名留影史', 1), ('名場面', 1), ('編劇', 1), ('世界', 1), ('根基', 1), ('田調', 1), ('工作', 1), ('法器', 1), ('法事', 1), ('流程', 1), ('葬習俗', 1), ('五行', 1), ('身上', 1), ('細節', 1), ('彰顯', 1), ('深度', 1), ('中段', 1), ('家庭', 1), ('擴展到', 1), ('家園', 1), ('勢力', 1), ('影響', 1), ('擺脫', 1), ('傷痛', 1), ('土地', 1), ('深處', 1), ('惡魔', 1), ('社會', 1), ('餘毒', 1), ('眼尖', 1), ('網友', 1), ('人物', 1), ('名字', 1), ('運動者', 1), ('樂趣', 1), ('興趣深探', 1), ('內涵', 1)]|0.9999976093343562|"圖片來源：Showbox《破墓》自劇情大綱與預告片釋出以來 | 金高銀在這場戲中的出色表現不亞於《哭聲》中由影帝黃晸珉飾演的日光巫師 | 內容目錄圖片來源：CJ Entertainment、Showbox《破墓》的導演張宰賢在 2015 年和 2019 年分別以天主教主題的《黑祭司》以及佛教、基督教為中心的《娑婆訶》打響了名號"
電影影評_2024-03-26_83|2024-03-26|【影評】《北極百貨的秋乃小姐》: 以暖色潤飾的滅絕物種祭典|電影影評|在高貴商品目不暇給的百貨裡，到處都是珍奇可愛的動物在消費，北極百貨店的店內風景就如一幅令人幸福飽足的美好畫像……但《北極百貨的秋乃小姐》並不是單一美好畫像的動態延伸，溫暖色調底下更像是一場為滅絕物種而隆重舉行的祭典，而看禮賓員秋乃小姐使盡一己凡人之力讓各方動物大神心滿意足，便是電影從頭緊繃到尾的趣味。內容目錄在人類消費活動開始暴脹的同時，物種滅絕也持續加速。享受著豐沛物質生活的人們，得知野外的物種一一消亡，雖然感到惋惜，但又不願改變生活型態，雖說自己無力抵抗整個文明，但又像是為了安樂在找藉口。在這種矛盾情緒下，人最終還是選擇了最不實在的解方，把自己的煩惱用自己的想像去解決，把自己定義的好東西獻給自己親手滅絕的物種，讓牠們在我們人類消費活動的頂峰──「北極百貨店」裡，演出我們認定中最幸福的，盡情購買、盡情享受的樣貌。動畫電影《北極百貨的秋乃小姐》劇照。北極百貨店就是因應這種歉疚而生的祭祀舞台，讓在地球上徹底消失的物種飽享人類準備的奢侈貢品，或可說是包裝成西式百貨的中元普渡。而主角秋乃小姐，則是第一天參與祭典工作的禮賓員，一下子就要面對各種大大小小、名稱不太好記，習性又千奇百怪的珍禽異獸。原文的電影名稱（以及漫畫原名：北極百貨店のコンシェルジュさん）都提到主角的職銜是「禮賓員」（コンシェルジュ），原本指的是包辦整棟公寓或飯店內住客大小事的人，但也引申為百貨公司中解決顧客各種大小問題的服務員；除了最普通的引路詢問之外，有時還要解決客人不知該送什麼給別人的煩惱，不只要熟悉各路商品的性質特色，對於收禮送禮雙方的喜好盤算，也得有敏銳的觀察與判斷。如果顧客都是絕種或瀕臨絕種動物的話，情況就更困難了。電影（以及原作）在這邊用了一個有趣的比喻，把促使這些動物滅絕的習性，轉化成身為顧客的種種難搞之處，好比說太親近人、太專門於單一食物、對環境太敏感……等等（但這邊還是要強調，這些動物現實中滅絕的最主要因素，還是人類的大量活動與保育觀念匱乏），而缺乏經驗的秋乃小姐，就得盡力去觀察、全心去同理，並與百貨店內的同事通力合作，才能讓每一次服務都面面俱到，同時也不能讓百貨與禮賓部失去格調與尊嚴。動畫電影《北極百貨店的秋乃小姐》劇照。《北極百貨的秋乃小姐》的趣味就在於，以最高規格服務珍禽異獸的過程，隨時能冒出人類料想外的稀有動物難題，不時就有千鈞一髮的小小緊張，但又能看見秋乃小姐在堅持中迸出解方，甚至能同時把幾個難題四兩撥千金地互相解決，從中又能感受到（動物所象徵的）人在「需要」和「滿足」時各種細微的心思。整部動畫維持清晰明快的品質，在有限時間內串起了漫畫連載的分別事件；不過，《北極百貨的秋乃小姐》的原作其實比動畫要再疏離一些，在西村培秀逸而些許冷冽的筆觸下，客人帶來的考驗感覺更多了點怨懟，而秋乃的不周到之處也更令觀者感覺挫折不安。原作漫畫並不那麼像新手禮賓員的勵志成長劇，而更像小職員在這個酬神體制中謹慎奮力求生──簡直有種秋乃小姐自己才在奮力避免滅絕的挖苦感。由西村培創作繪製的《北極百貨的秋乃小姐》原作漫畫，台版書籍由大塊文化出版。動畫的改編讓原作變得更為晴朗，但也失去了一些苦澀的香味，秋乃與前輩們的微妙互動也抽掉了一些，而最大的差別就是漫畫的最後一篇並沒有展現在動畫中，而是以「秋乃小姐同時順利解決了好幾位顧客的難題而合格」作結。那一篇同時是百貨的日常，又能看見秋乃小姐也有了教導後進的模樣，也感嘆著人要是沒做出滅絕動物的傻事，而能用好好憑弔以外的方式來表現一個人的體察心意該有多好。動畫很可惜捨棄了這一段，以原作不存在的年幼人類訪客做個前後呼應的結尾──或許是在暗示，人類也終將讓自己成為北極百貨店的新顧客，一種滅絕的憑弔對象？|https://news.agentm.tw/276482/|https://news.agentm.tw/wp-content/uploads/276482-390x219.jpg|['商品', '百貨', '動物', '北極', '百貨店', '風景', '畫像', '北極', '百貨', '秋乃', '小姐', '畫像', '動態', '色調', '滅絕', '物種', '舉行', '祭典', '禮賓員', '秋乃', '小姐', '使盡', '動物', '電影', '緊繃', '趣味', '內容', '目錄', '人類', '消費', '活動', '物種', '滅絕', '加速', '生活', '人們', '野外', '物種', '改變', '生活', '型態', '抵抗', '文明', '藉口', '情緒', '選擇', '解方', '煩惱', '想像', '解決', '定義', '東西', '滅絕', '物種', '消費', '活動', '頂峰', '北極', '百貨', '演出', '購買', '樣貌', '動畫', '電影', '北極', '百貨', '秋乃', '小姐', '劇照', '北極', '百貨店', '祭祀', '舞台', '地球', '物種', '人類準備', '貢品', '主角', '秋乃', '小姐', '參與', '祭典', '工作', '賓員', '面對', '名稱', '習性', '珍禽', '異獸', '原文', '電影', '名稱', '漫畫', '原名', '北極', '百貨店', '主角', '職銜', '禮賓員', '包辦', '公寓', '飯店', '大小', '百貨', '公司', '解決', '顧客', '問題', '服務員', '引路', '解決', '客人', '煩惱', '商品', '性質', '特色', '顧客', '動物', '情況', '電影', '原作', '比喻', '動物', '滅絕', '習性', '顧客', '食物', '環境', '動物', '滅絕', '因素', '人類', '活動', '保育', '觀念', '經驗', '秋乃', '小姐', '百貨店', '同事', '服務', '百貨', '賓部', '格調', '尊嚴', '動畫電影', '北極', '百貨店', '秋乃', '小姐', '劇照', '北極百貨', '秋乃', '小姐', '趣味', '規格服務珍禽異獸', '過程', '人類料想外', '動物', '難題', '秋乃', '小姐', '迸出解方', '解決', '動物', '心思', '動畫', '品質', '時間', '串起', '漫畫', '連載', '事件', '北極', '百貨', '秋乃', '小姐', '原作', '動畫', '西村培秀逸而', '筆觸', '客人', '帶來', '考驗', '感覺', '怨懟', '挫折', '原作', '漫畫', '新手', '禮賓員', '職員', '體制', '小姐', '滅絕', '挖苦感', '西村培', '創作', '繪製', '北極百貨', '秋乃', '小姐', '漫畫', '書籍', '文化', '出版', '動畫', '原作', '香味', '抽掉', '差別', '漫畫', '展現', '動畫', '秋乃', '小姐', '解決', '顧客', '難題', '百貨', '小姐', '教導', '後進', '模樣', '做出', '滅絕', '動物', '傻事', '方式', '表現', '動畫很', '捨棄', '原作', '訪客', '呼應', '結尾', '人類', '北極', '百貨店', '顧客', '對象']|[('小姐', 13), ('秋乃', 11), ('北極', 9), ('百貨', 8), ('動物', 8), ('滅絕', 7), ('百貨店', 6), ('物種', 5), ('解決', 5), ('動畫', 5), ('漫畫', 5), ('顧客', 5), ('原作', 5), ('電影', 4), ('禮賓員', 3), ('人類', 3), ('活動', 3), ('商品', 2), ('畫像', 2), ('祭典', 2), ('趣味', 2), ('消費', 2), ('生活', 2), ('煩惱', 2), ('劇照', 2), ('主角', 2), ('名稱', 2), ('習性', 2), ('客人', 2), ('北極百貨', 2), ('難題', 2), ('風景', 1), ('動態', 1), ('色調', 1), ('舉行', 1), ('使盡', 1), ('緊繃', 1), ('內容', 1), ('目錄', 1), ('加速', 1), ('人們', 1), ('野外', 1), ('改變', 1), ('型態', 1), ('抵抗', 1), ('文明', 1), ('藉口', 1), ('情緒', 1), ('選擇', 1), ('解方', 1), ('想像', 1), ('定義', 1), ('東西', 1), ('頂峰', 1), ('演出', 1), ('購買', 1), ('樣貌', 1), ('祭祀', 1), ('舞台', 1), ('地球', 1), ('人類準備', 1), ('貢品', 1), ('參與', 1), ('工作', 1), ('賓員', 1), ('面對', 1), ('珍禽', 1), ('異獸', 1), ('原文', 1), ('原名', 1), ('職銜', 1), ('包辦', 1), ('公寓', 1), ('飯店', 1), ('大小', 1), ('公司', 1), ('問題', 1), ('服務員', 1), ('引路', 1), ('性質', 1), ('特色', 1), ('情況', 1), ('比喻', 1), ('食物', 1), ('環境', 1), ('因素', 1), ('保育', 1), ('觀念', 1), ('經驗', 1), ('同事', 1), ('服務', 1), ('賓部', 1), ('格調', 1), ('尊嚴', 1), ('動畫電影', 1), ('規格服務珍禽異獸', 1), ('過程', 1), ('人類料想外', 1), ('迸出解方', 1), ('心思', 1), ('品質', 1), ('時間', 1), ('串起', 1), ('連載', 1), ('事件', 1), ('西村培秀逸而', 1), ('筆觸', 1), ('帶來', 1), ('考驗', 1), ('感覺', 1), ('怨懟', 1), ('挫折', 1), ('新手', 1), ('職員', 1), ('體制', 1), ('挖苦感', 1), ('西村培', 1), ('創作', 1), ('繪製', 1), ('書籍', 1), ('文化', 1), ('出版', 1), ('香味', 1), ('抽掉', 1), ('差別', 1), ('展現', 1), ('教導', 1), ('後進', 1), ('模樣', 1), ('做出', 1), ('傻事', 1), ('方式', 1), ('表現', 1), ('動畫很', 1), ('捨棄', 1), ('訪客', 1), ('呼應', 1), ('結尾', 1), ('對象', 1)]|0.9867428871775806|"動畫電影《北極百貨的秋乃小姐》劇照 | 北極百貨店的店內風景就如一幅令人幸福飽足的美好畫像……但《北極百貨的秋乃小姐》並不是單一美好畫像的動態延伸 | 動畫電影《北極百貨店的秋乃小姐》劇照"
電影影評_2024-03-26_84|2024-03-26|【影評】《魔鬼剋星：冰天凍地》：中規中矩的情懷續作，就看你要不要繼續買老成員的單|電影影評|好萊塢的經典《魔鬼剋星》系列，在 2021 年推出了相隔 32 年的正宗續集《魔鬼剋星：未來世》，不僅成功帶出新一代魔鬼剋星成員，還找來原班人馬助陣，在評價與票房都取得了不錯的成績，因此我們又等到了近期上映的續集《魔鬼剋星：冰天凍地》，不論是新成員或是老成員都依舊，拍攝風格也沒有太大改變，結果是，這次的續集有點像是故技重施。內容目錄《魔鬼剋星：未來世》是我認為懷舊程度控制相當恰當的一部電影，不論是其拍攝風格與劇情安排，都在在顯現出一部老電影的氛圍，以及老觀眾會想看到的東西；只是相對地，對於新觀眾來說也會有所隔閡，並不是一部拍給新觀眾看的電影，我認為會從《魔鬼剋星：未來世》喜歡上《魔鬼剋星》的觀眾應該是少數。而這次的續集《魔鬼剋星：冰天凍地》，稍微改良了《魔鬼剋星：未來世》的風格，變得又稍微活潑輕鬆些，比起《魔鬼剋星：未來世》那復古到不行的風格，《魔鬼剋星：冰天凍地》就更現代感了點。當然這只是比較值，事實上它仍然是《魔鬼剋星》框架內的電影。如果你希望看到充滿娛樂性的劇情，時不時就來一場跟魔鬼的大戰，那麼你可能期待錯誤了，因為《冰天凍地》在這方面依舊和《魔鬼剋星：未來世》差不多，除了開場先帶出新一代《魔鬼剋星》的抓鬼的場面外，之後整部電影除了最後魔王戰，就幾乎沒有什麼抓鬼大場面能看了。唯一不同的是，《魔鬼剋星：冰天凍地》在劇情推展上比起《魔鬼剋星：未來世》要來得明快，但《魔鬼剋星：冰天凍地》要講的劇情也比《魔鬼剋星：未來世》還多，除了本次最大的主軸——釋放出所有鬼的寒冰魔王外，電影還加入了女主角與她的「新家庭」所產生的衝突與成長故事。別忘了還有初代《魔鬼剋星》成員的存在，光是兩代成員加起來就已經是十個人左右的份量，這都讓人懷疑《魔鬼剋星：冰天凍地》不到兩個小時的片長是否有點不夠？只是，《魔鬼剋星：冰天凍地》每條劇情線都沒有太過於深入著墨，這讓本片看起來也不會有太大的負擔，整體的劇情平順不會失焦，但也沒有進行深入探討，是好是壞見仁見智，至少我認為是不好不壞，頂多就是對於主軸的故事呈現上感到有些可惜，因為不論是從能力或是威脅度上，《魔鬼剋星：冰天凍地》的魔王應該是一個足以毀滅世界的角色，但實際氣勢卻不如預期，就連最後對決的場面也不大，打敗魔王的方式更是顯得有些兒戲，對比《魔鬼剋星：未來世》最後請出初代成員同心協力，還與已逝靈魂攜手合作的張力比差了一截。整體來說，《魔鬼剋星：冰天凍地》並沒有國外評價那麼不堪，它就是一部中規中矩的電影，調性也和《魔鬼剋星：未來世》差不多，它沒有什麼大問題，但也沒什麼突出的地方，整部電影就是平穩的開始與結束，沒有什麼高潮迭起。如果你不喜歡《魔鬼剋星：未來世》，或是對《魔鬼剋星》IP 沒什麼愛，那麼《魔鬼剋星：冰天凍地》你大概也不會喜歡；至於《魔鬼剋星》的粉絲，那就看你要不要繼續買那些初代老成員的單，畢竟他們這次的存在感與重要性又比《魔鬼剋星：未來世》更低了。|https://news.agentm.tw/276378/|https://news.agentm.tw/wp-content/uploads/2-483-390x220.png|['好萊塢', '經典', '魔鬼', '剋星', '系列', '推出', '正宗', '續集', '魔鬼', '剋星', '帶出', '魔鬼剋星', '成員', '找來', '原班人馬助陣', '評價', '票房', '取得', '成績', '等到', '續集', '魔鬼', '剋星', '成員', '拍攝', '風格', '改變', '續集', '故技重施', '內容', '目錄', '魔鬼', '剋星', '程度', '控制', '電影', '拍攝', '風格', '劇情', '電影', '氛圍', '東西', '觀眾', '觀眾', '電影', '剋星', '魔鬼', '剋星', '觀眾', '續集', '魔鬼剋星', '改良', '魔鬼剋星', '風格', '魔鬼', '剋星', '風格', '魔鬼剋星', '代感', '事實', '魔鬼剋星', '框架', '電影', '劇情', '魔鬼', '大戰', '冰天凍地', '方面', '魔鬼剋星', '帶出', '魔鬼剋星', '抓鬼', '場面', '電影', '魔王戰', '場面', '魔鬼', '剋星', '劇情', '推展', '剋星', '魔鬼剋星', '劇情', '剋星', '主軸', '釋放', '寒冰魔王', '電影', '加入', '主角', '衝突', '故事', '魔鬼', '剋星', '成員', '成員', '加起來', '份量', '魔鬼', '剋星', '小時', '片長', '魔鬼剋星', '劇情線', '負擔', '整體', '劇情', '進行', '主軸', '故事', '能力', '威脅度', '魔鬼剋星', '魔王', '毀滅', '世界', '角色', '氣勢', '預期', '場面', '打敗魔王', '方式', '兒戲', '對比', '鬼剋星', '成員', '靈魂', '張力比', '整體', '魔鬼剋星', '國外', '評價那麼', '電影', '魔鬼', '剋星', '問題', '地方', '電影', '魔鬼剋星', '魔鬼', '剋星', '魔鬼', '剋星', '魔鬼剋星', '粉絲', '初代', '存在感', '重要性', '魔鬼剋星']|[('剋星', 15), ('魔鬼剋星', 14), ('魔鬼', 13), ('電影', 8), ('成員', 5), ('劇情', 5), ('續集', 4), ('風格', 4), ('觀眾', 3), ('場面', 3), ('帶出', 2), ('拍攝', 2), ('主軸', 2), ('故事', 2), ('整體', 2), ('好萊塢', 1), ('經典', 1), ('系列', 1), ('推出', 1), ('正宗', 1), ('找來', 1), ('原班人馬助陣', 1), ('評價', 1), ('票房', 1), ('取得', 1), ('成績', 1), ('等到', 1), ('改變', 1), ('故技重施', 1), ('內容', 1), ('目錄', 1), ('程度', 1), ('控制', 1), ('氛圍', 1), ('東西', 1), ('改良', 1), ('代感', 1), ('事實', 1), ('框架', 1), ('大戰', 1), ('冰天凍地', 1), ('方面', 1), ('抓鬼', 1), ('魔王戰', 1), ('推展', 1), ('釋放', 1), ('寒冰魔王', 1), ('加入', 1), ('主角', 1), ('衝突', 1), ('加起來', 1), ('份量', 1), ('小時', 1), ('片長', 1), ('劇情線', 1), ('負擔', 1), ('進行', 1), ('能力', 1), ('威脅度', 1), ('魔王', 1), ('毀滅', 1), ('世界', 1), ('角色', 1), ('氣勢', 1), ('預期', 1), ('打敗魔王', 1), ('方式', 1), ('兒戲', 1), ('對比', 1), ('鬼剋星', 1), ('靈魂', 1), ('張力比', 1), ('國外', 1), ('評價那麼', 1), ('問題', 1), ('地方', 1), ('粉絲', 1), ('初代', 1), ('存在感', 1), ('重要性', 1)]|1.0|"對比《魔鬼剋星：未來世》最後請出初代成員同心協力 | 那麼《魔鬼剋星：冰天凍地》你大概也不會喜歡 | 因為《冰天凍地》在這方面依舊和《魔鬼剋星：未來世》差不多"
電影影評_2024-03-26_85|2024-03-26|【影評】《老橡樹酒館》：社會寫實大師的退休之作，方方面面呈現大師創作的核心精神|電影影評|肯洛區要退休了，對這位今年 87 歲、拿下兩次金棕櫚獎的導演而言，退休應該是理所當然、高歌離席的一件事。但話又說回來，十年前肯洛區已經宣告退休一次，然後他老人家又再度復出。這樣說來，他自承應該是最後一部作品的《老橡樹酒館》，會不會又是一次假動作？不論這位大師會不會再度復出，《老橡樹酒館》都像是他最後一次的實力展現：與老夥伴合作、直攻英國最火熱的社會問題核心、一樣令觀眾動容、感動、同時心碎。《老橡樹酒館》導演肯洛區。內容目錄一台巴士開進了這座曾因煤礦而繁榮的小鎮，巴士上是幾個敘利亞難民家庭，他們將在此定居。小鎮居民激烈地反抗這些不速之客，他們害怕這些「包頭客」是不懷好意的伊斯蘭教戰士、他們厭惡、排擠、甚至攻擊這群身無長物的難民。而在難民與憤怒居民之間，是一間破舊的小酒吧「老橡樹」。老闆 TJ 不想得罪任何一方，他只想好好做這搖搖欲墜的生意，但當雙方衝突逐漸激化，兩方都希望 TJ 選邊站……這位小酒吧老闆該如何做出選擇？《老橡樹酒館》。即便肯洛區沒有宣佈退休，《老橡樹酒館》看起來都像是退休作——因為它像是洛區過去作品元素的一次大集合。洛區與編劇保羅拉維提合作這部電影，而他與拉維提已經是從九〇年代至今合作十數部作品的最佳搭檔；而《老橡樹酒館》故事舞台的英國東北小鎮，看起來與《我是布萊克》或《抱歉我們錯過你了》裡的小鎮相似；《老橡樹酒館》裡酒吧老闆 TJ 與難民女孩雅拉的忘年之交，在《我是布萊克》裡也出現過；電影裡的幾個男孩像《鷹與男孩》的男孩，而電影裡的一場悲劇，像極了《鷹與男孩》的結局。《老橡樹酒館》。這些熟悉的肯洛區元素，並不代表《老橡樹酒館》是一次老調重彈，它仍然想要突顯最新的現實英國社會問題——難民問題。在這個曾經繁華如今衰退的小鎮，加入了一群敘利亞難民，造成居民極大的不滿，一場隱形戰爭儼然開打。在熟悉的肯洛區手法之下，電影一開場，一記開戰的砲火便直襲觀眾而來：居民對難民巴士怒吼尖叫，質疑他們定居的權利。車上少女拿著相機拍照，居民立刻痛批這是違反他的肖像權；被拍的居民不甘心，偷拿少女的相機亂拍，然後「失手」把相機摔壞，少女憤怒卻被人帶離現場。《老橡樹酒館》。這是洛區的招牌風格，他毫不留情地呈現社會的現實，而且不會有好萊塢式的救贖從天而降——例如小勞勃道尼突然現身，然後用鈔票把壞人打死。肯洛區依然在《老橡樹酒館》使用大量非職業演員，這些素人幹譙難民的口條極其流利又毫不客氣，大幅增加了真實感。觀眾只能站在旁觀角度，看著這真實的霸凌發生與結束，心中會激起一股憤怒與無力感，一如我們正在觀看某些電視新聞的情緒。《老橡樹酒館》不會教你如何化解這種難民衝突，真實存在的階級與種族歧視，自然地以一種平實無添加的形式，在肯洛區的電影裡重現，這種真實是在喚醒我們對真實議題的感知。當我們收到外送員送來的熱騰騰食物，不會想到那些外送員正被所謂的「零時契約」剝削；當我們看到在街頭叫囂的青少年，不會想到他們其實身處在無間惡性循環之中，這些叫囂其實是一種哀鳴；這些問題都在我們身邊，但我們從未在意，或選擇不去在意，但肯洛區無法不去在意。《老橡樹酒館》。《老橡樹酒館》沒有為這些霸凌加上一廂情願的 happy ending，那麼是否代表這部電影，會讓觀眾越看心越灰？並非如此。這些角色的困境是真實的，但角色本身是虛構的。肯洛區與保羅拉維提塑造了兩個栩栩如生的角色 TJ 與雅拉，而這兩個角色背後都有不為人知的辛酸遭遇，他們之間建立了一段跨種族、跨文化的情感關係，那無關男女之情，是一種單純的惺惺相惜與相濡以沫，他們相互扶持，做對方精神上的支持，挺過彼此的難關。《老橡樹酒館》不是肯洛區最尖銳的電影，它不像《鷹與男孩》或《甜蜜十六歲》，讓受苦的主角最終面對一片茫茫天涯悵然若失；它也不像《蘇格蘭之吻》那麼溫情到底；《老橡樹酒館》並非導演最好的作品，而它當然也不是最差的作品。《老橡樹酒館》奇妙的維持在一個中庸的水準，它有很殘忍的部份，也有很溫暖的部份，這讓它更像是肯洛區所有作品的平均值，你可以感受到最完整的洛區風格不同面向，這讓它更像是一部退休紀念作。《老橡樹酒館》。當敘利亞難民在異鄉遭到壓迫，他們想到突破困境的方式，是去幫助這個地區更需要幫助的人們。他們辦理共食，餵養家境貧窮的孩子們，這也許是「英國的良心」肯洛區的終極夢想，人民幫助人民，這才能形成團結的基礎——但很快的，肯洛區自己又打破了這個美夢。因為心懷歧見的人們依舊存在，而他們甚至並不覺得自己有錯，即便他們已經做出實際傷害他人的舉動。洛區讓 TJ 最終在鏡頭前憤怒的崩潰，這也許是他對社會議題的真實心聲。《老橡樹酒館》。真正成功的電影，能夠跨越種族與文化的藩籬。如果你看《老橡樹酒館》連想到台灣的某些亂象，那並不是你多想了，肯洛區的作品能夠獲得崇高評價，就是因為他的作品能獲得全球觀眾的共鳴，而他注視的英國社會問題，其實會發生在世上任何一個國家。《老橡樹酒館》給觀眾真正的悲哀，是我們可能再也看不到洛區的下一部作品了，有誰能像他一樣，如此冷酷又溫暖地注視著我們刻意忽視的問題？|https://news.agentm.tw/276107/|https://news.agentm.tw/wp-content/uploads/20240221152529845-e1711424568458-390x219.jpg|['肯洛區', '拿下', '金棕櫚獎', '導演', '高歌', '肯洛區', '老人家', '作品', '橡樹', '酒館', '動作', '大師', '橡樹', '酒館', '實力', '展現', '夥伴', '英國', '社會', '問題', '核心', '觀眾', '導演', '肯洛區', '內容', '目錄', '巴士', '煤礦', '小鎮', '巴士', '敘利亞', '難民家庭', '小鎮', '居民', '反抗', '不速之客', '頭客', '伊斯蘭教', '戰士', '排擠', '攻擊', '難民', '難民', '居民', '酒吧', '老闆', '得罪任', '生意', '衝突', '酒吧', '老闆', '做出', '選擇', '肯洛區', '洛區', '作品', '元素', '洛區', '編劇', '保羅拉維提', '電影', '拉維提', '作品', '搭檔', '酒館', '故事', '舞台', '英國', '東北', '小鎮', '布萊克', '小鎮', '酒館', '酒吧', '老闆', '難民', '女孩', '忘年之交', '布萊克', '電影', '男孩', '男孩', '男孩', '電影', '悲劇', '男孩', '結局', '橡樹酒館', '肯洛區', '元素', '橡樹酒館', '現實', '英國', '社會', '問題', '難民', '問題', '小鎮', '加入', '敘利亞', '難民', '居民', '戰爭', '肯洛區', '手法', '電影', '砲火', '觀眾', '居民', '難民', '巴士', '權利', '車上', '少女', '相機', '居民', '痛批', '肖像權', '居民', '少女', '相機', '亂拍', '摔壞', '少女', '帶離', '現場', '橡樹酒館', '洛區', '招牌', '風格', '社會', '現實', '好萊塢式', '救贖', '降——', '小勞勃道尼', '鈔票', '壞人', '打死', '肯洛區', '橡樹酒館', '使用', '職業', '演員', '難民', '口條', '真實感', '觀眾', '角度', '霸凌', '激起', '無力感', '觀看', '電視', '新聞', '情緒', '酒館', '化解', '難民', '衝突', '階級', '種族', '添加', '形式', '肯洛區', '電影', '喚醒', '議題', '收到', '外送員', '食物', '外送員', '契約', '剝削', '街頭', '青少年', '循環', '問題', '身邊', '選擇', '肯洛區', '橡樹酒館', '橡樹酒館', '霸凌', '加上', '情願', '電影', '觀眾', '角色', '困境', '角色', '虛構', '肯洛區', '保羅拉維提', '塑造', '角色', '雅拉', '角色', '背後', '人知', '遭遇', '建立', '種族', '文化', '情感', '關係', '男女', '扶持', '精神', '挺過', '難關', '橡樹酒館', '肯洛區', '電影', '男孩', '主角', '面對', '天涯', '蘇格蘭', '酒館', '導演', '作品', '作品', '橡樹', '酒館', '水準', '肯洛區', '作品', '平均值', '洛區', '風格', '面向', '紀念', '敘利亞', '難民', '異鄉', '壓迫', '突破', '困境', '方式', '幫助', '地區', '幫助', '人們', '辦理', '餵養', '家境', '孩子', '英國', '良心', '肯洛區', '人民', '幫助', '人民', '基礎', '肯洛區', '打破', '歧見', '人們', '做出', '傷害', '舉動', '洛區', '鏡頭', '社會', '議題', '心聲', '橡樹酒館', '電影', '種族', '文化', '藩籬', '台灣', '亂象', '肯洛區', '作品', '評價', '作品', '全球', '觀眾', '共鳴', '注視', '英國', '社會', '問題', '世上', '國家', '觀眾', '洛區', '作品', '注視', '問題']|[('肯洛區', 15), ('作品', 9), ('難民', 9), ('電影', 8), ('橡樹酒館', 8), ('酒館', 7), ('問題', 6), ('觀眾', 6), ('居民', 6), ('洛區', 6), ('英國', 5), ('社會', 5), ('小鎮', 5), ('男孩', 5), ('角色', 4), ('導演', 3), ('橡樹', 3), ('巴士', 3), ('敘利亞', 3), ('酒吧', 3), ('老闆', 3), ('少女', 3), ('種族', 3), ('幫助', 3), ('衝突', 2), ('做出', 2), ('選擇', 2), ('元素', 2), ('保羅拉維提', 2), ('布萊克', 2), ('現實', 2), ('相機', 2), ('風格', 2), ('霸凌', 2), ('議題', 2), ('外送員', 2), ('困境', 2), ('文化', 2), ('人們', 2), ('人民', 2), ('注視', 2), ('拿下', 1), ('金棕櫚獎', 1), ('高歌', 1), ('老人家', 1), ('動作', 1), ('大師', 1), ('實力', 1), ('展現', 1), ('夥伴', 1), ('核心', 1), ('內容', 1), ('目錄', 1), ('煤礦', 1), ('難民家庭', 1), ('反抗', 1), ('不速之客', 1), ('頭客', 1), ('伊斯蘭教', 1), ('戰士', 1), ('排擠', 1), ('攻擊', 1), ('得罪任', 1), ('生意', 1), ('編劇', 1), ('拉維提', 1), ('搭檔', 1), ('故事', 1), ('舞台', 1), ('東北', 1), ('女孩', 1), ('忘年之交', 1), ('悲劇', 1), ('結局', 1), ('加入', 1), ('戰爭', 1), ('手法', 1), ('砲火', 1), ('權利', 1), ('車上', 1), ('痛批', 1), ('肖像權', 1), ('亂拍', 1), ('摔壞', 1), ('帶離', 1), ('現場', 1), ('招牌', 1), ('好萊塢式', 1), ('救贖', 1), ('降——', 1), ('小勞勃道尼', 1), ('鈔票', 1), ('壞人', 1), ('打死', 1), ('使用', 1), ('職業', 1), ('演員', 1), ('口條', 1), ('真實感', 1), ('角度', 1), ('激起', 1), ('無力感', 1), ('觀看', 1), ('電視', 1), ('新聞', 1), ('情緒', 1), ('化解', 1), ('階級', 1), ('添加', 1), ('形式', 1), ('喚醒', 1), ('收到', 1), ('食物', 1), ('契約', 1), ('剝削', 1), ('街頭', 1), ('青少年', 1), ('循環', 1), ('身邊', 1), ('加上', 1), ('情願', 1), ('虛構', 1), ('塑造', 1), ('雅拉', 1), ('背後', 1), ('人知', 1), ('遭遇', 1), ('建立', 1), ('情感', 1), ('關係', 1), ('男女', 1), ('扶持', 1), ('精神', 1), ('挺過', 1), ('難關', 1), ('主角', 1), ('面對', 1), ('天涯', 1), ('蘇格蘭', 1), ('水準', 1), ('平均值', 1), ('面向', 1), ('紀念', 1), ('異鄉', 1), ('壓迫', 1), ('突破', 1), ('方式', 1), ('地區', 1), ('辦理', 1), ('餵養', 1), ('家境', 1), ('孩子', 1), ('良心', 1), ('基礎', 1), ('打破', 1), ('歧見', 1), ('傷害', 1), ('舉動', 1), ('鏡頭', 1), ('心聲', 1), ('藩籬', 1), ('台灣', 1), ('亂象', 1), ('評價', 1), ('全球', 1), ('共鳴', 1), ('世上', 1), ('國家', 1)]|4.6629367034256575e-15|"《老橡樹酒館》不是肯洛區最尖銳的電影 | 《老橡樹酒館》不會教你如何化解這種難民衝突 | 《老橡樹酒館》看起來都像是退休作——因為它像是洛區過去作品元素的一次大集合"
電影影評_2024-03-26_86|2024-03-26|【影評】《哥吉拉與金剛：新帝國》: 讓怪獸們自己講故事，讓怪獸們認真打起來，原來這樣可以很不錯|電影影評|《哥吉拉大戰金剛》經過三年，最新的怪獸宇宙電影《哥吉拉與金剛：新帝國》就要現身。中文片名已經悄悄小劇透：哥吉拉與金剛的關係，從「大戰」變成了簡單的「與」字。當然，牠們總要攜手合作，因為怪獸宇宙已經越來越巨大，有更新的挑戰。《哥吉拉與金剛：新帝國》已經是第五部怪獸宇宙電影，它能否超越前作的成績？意外地，這不只是一部精彩的怪獸打架電影，而且，它還能給觀眾更多……內容目錄三年過去，泰坦巨獸已經與人類社會共存，哥吉拉在地面上擊退危害人類的泰坦，而金剛孤零零地待在地下的「空洞地球」。具有社會性的金剛，並非習慣孤獨的生物，而牠很快地發現自己並不孤單：來自神秘角落的巨型人猿「刀疤王」出現了，牠殘暴又強大，而且很想到地上世界稱王。金剛無法獨自對抗刀疤王的強大勢力，牠必須向昔日死敵求援……但要說服哥吉拉，可不能說句拜託就行。《哥吉拉與金剛：新帝國》。《哥吉拉大戰金剛》是一部成功的電影嗎？理論上是成功的，否則金剛與哥吉拉應該一起繼續被冰凍。這部電影全球票房將近 5 億美金，扣除海外成本與發行成本，這部電影讓華納賺進將近 1 億美金。《哥吉拉大戰金剛》確實是成功的，但不能說是一次令人驕傲的成功──兩大巨獸難得共演，應該撈進更多銀子才對。從這個角度你會發現，《哥吉拉與金剛：新帝國》確實反省了《哥吉拉大戰金剛》的缺點，想辦法滿足觀眾。最大的改變，是人類確實不再是重點。《哥吉拉大戰金剛》主角、君主組織的人類語言學家伊蓮安德魯博士（蕾貝卡霍爾飾）仍然是主角，她那可以與金剛手語溝通的養女、最後一位伊維族族人吉亞也在，除了她們母女倆，上一集擔任喜劇要角的工程師／爆料者／部落格主柏尼（布萊恩泰瑞亨利飾），這次依舊擔任搞笑重責。另外，英倫大帥哥丹史蒂文斯飾演一位玩世不恭的醫生崔普，就這樣了。《哥吉拉與金剛：新帝國》。人類角色大幅縮減，上集的男主角亞歷山大史柯斯嘉消失了（這種好萊塢災難片慣例都需要一位印第安納瓊斯式的男主角）；米莉芭比布朗飾演與過去《哥吉拉》電影進行連結的科學家女兒角色，也消失了。君主組織事實上變成某種中小企業等級的組織，你還是會看到一大堆臉孔一閃即逝的員工們在工作，但這個組織似乎已經失去管理階級。什麼事都是伊蓮博士說得算，讓人忘記她其實原本只是語言學家。《哥吉拉與金剛：新帝國》。不只角色變少了，人類劇情支線也盡可能地縮減了。《哥吉拉與金剛：新帝國》做為好萊塢大片，無疑地仍然必須置入一些可有可無的教育大道理。這一集保留了上一集的母女檔，當然要在母女關係上做發揮。但是吉亞這個原住民小女孩的角色，原本就是一個功能導向的角色──她是唯一能與金剛「以心傳心」的人類角色。吉亞必須代表全人類，請金剛保護我們，這就是她的工作，我們未必很關心，她是不是能夠忍受統治地球的異民族環境與文化。但《哥吉拉與金剛：新帝國》應該很清楚，這些伊蓮與吉亞互動的「暖心」橋段，不會是觀眾日後無數重播《哥吉拉與金剛：新帝國》時會想重播的部份。這些人類劇情線都已經被縮減到極其精簡，大約就是看過就算的等級，比起成人性愛電影的訪談情節好一點的等級──或者你會在這些橋段裡，驚訝於蕾貝卡霍爾極其消瘦的外貌。除了她們之外，柏尼就是負責搞笑、崔普就是負責耍帥、拋媚眼與搞些五四三……這些人類角色的功能定位十分明確。《哥吉拉與金剛：新帝國》。這樣的發展並不意外，華納兄弟探索、導演亞當溫高德與三位全新編劇（這次編劇群全換人了），看來確實反省了《哥吉拉大戰金剛》被批評人類角色過多（11 位角色、同時最多有三條人類劇情支線正在進行）的問題。但更有趣的是，他們的努力成果不僅如此，他們確實讓《哥吉拉與金剛：新帝國》變得比《哥吉拉大戰金剛》更加有趣。《哥吉拉與金剛：新帝國》的海報上，金剛跑在哥吉拉前面，這已經暗示了本片的主配角地位。正如上述的劇情大綱，金剛是這部電影的主角，這部電影是牠的冒險旅程──金剛確實扛起了男主角的戲份。牠現在是空洞地球的唯一王者，但牠不像哥吉拉，在地上稱王後，就滿意地在羅馬競技場睡大覺。我們感受到金剛的孤獨，牠為自己是族內最後一人的身份而苦惱。空洞地球每天都有怪獸向牠發起挑戰，但牠卻不滿足於這種小打小鬧的勝利。《哥吉拉與金剛：新帝國》。《哥吉拉與金剛：新帝國》強調金剛的智力，牠並非每戰都以力取勝，懂得使用戰術以寡擊眾。而既然牠有足夠的智力，牠也有更近似人類的情緒，那麼牠的情感困擾也就比其他泰坦更嚴重一點。而「迷你金剛」的出現，便是用來強調金剛人性化的一面。在一系列怪獸打架的電影裡，像迷你金剛或「迷你拉」（哥吉拉之子）的存在，通常是搞笑角色。但《哥吉拉與金剛：新帝國》在打壓人類角色之後，把大半時間都留給了金剛與迷你剛的互動，竟然建立了還說得過去的另類父子關係。《哥吉拉與金剛：新帝國》迷你金剛。迷你金剛是可愛的，牠不像預告裡看起來那麼怪異討厭，牠是一個在錯誤環境下長大的少年，而牠遇見了強大的金剛。迷你金剛是一面鏡子，牠映照了金剛的本質。金剛渴望與同類連結，因為牠以為這個世界只剩牠自己。這種思維影響金剛，令牠在見到同類被壓迫時，會激起萬丈怒氣；同樣的，金剛也無法放下一個乖僻的同族孩子，牠自動有了照顧這個孩子的義務與責任。所以《哥吉拉與金剛：新帝國》的片名其實應該是《金剛與迷你金剛：新帝國》，哥吉拉從上一集的男配角身份，退一步變成了男三地位──但這並不代表牠失去存在感。金剛與迷你金剛確實產生了化學反應，甚至會令觀眾開始好奇，這對既像戰友、又像師徒與父子的搭檔，會不會有下一個未來？《哥吉拉與金剛：新帝國》迷你金剛。做為金剛與迷你金剛的敵人，刀疤王的表現，比起上一次的機械哥吉拉好過太多。這是一個確實有威脅性的反派，牠產生兩種威脅：第一是牠的戰力。刀疤王身形更加高大、更接近人類的型態，因此甚至可以做出後空翻等功夫動作。牠有一副近攻遠戰皆宜的兵器，牠還有連金剛都害怕的神秘武器，牠在戰力上造成的威脅是有層次的，逼使金剛必須找幫手，並讓觀眾感受到危機──這是《哥吉拉與金剛：新帝國》說服觀眾金剛與哥吉拉必須結盟的主理由。《哥吉拉與金剛：新帝國》反派刀疤王。刀疤王的第二威脅，是牠的惡意。牠奴役同族、牠要對迷你金剛不利、牠嘲諷金剛。這些巨型人猿不會說人話，但觀眾可以輕易感受到刀疤王的惡意。而牠甚至以另一種方式奴役特殊角色，這更坐實了刀疤王性格的劣根性。比較起來，機械哥吉拉只是一台失控的機器，打爆它似乎無法得到情感上的紓解。做為怪獸宇宙電影，《哥吉拉與金剛：新帝國》雖然沒有出現太多的怪獸，但至少給了這些怪獸更有說服力的功能性、或是讓牠們有大顯神威的機會。這部電影最終會出現五隻怪獸打群架的精彩高潮動作戲，你可以放心，人類在這場戲裡只是站在旁邊看戲，怪獸可以盡情大顯身手，牠們互咬互噴、牠們聯手合擊，每隻怪獸都有自己可以獨秀特性的機會──《哥吉拉與金剛：新帝國》應該是怪獸宇宙的五部電影裡，怪獸打架片段最爽快的作品。《哥吉拉與金剛：新帝國》。所以《哥吉拉與金剛：新帝國》令人意外，因為它不僅僅只是看怪獸打架，牠們打得確實不錯，在 IMAX 銀幕觀賞滿版尺寸的哥吉拉大嘴砲或金剛臨空一劈，十分有滿足感。但《哥吉拉與金剛：新帝國》還有更多，金剛與迷你金剛的情誼，刀疤王的討人厭，與哥吉拉和金剛不打不相識的凹凸關係，都讓這部擺明讓怪獸當主角的電影，充滿驚奇。金剛原本就是擬人主角，哥吉拉在五〇年代最初幾部《哥吉拉》電影之後，也快速地擬人化。我們不需要更多人類角色，去解釋擬人角色在想什麼跟要做什麼，牠們自己會講故事，牠們講的也是某一部份我們人類的故事，至少，《哥吉拉與金剛：新帝國》做對了這一點。|https://news.agentm.tw/276358/|https://news.agentm.tw/wp-content/uploads/cover-1-2528-390x219.jpg|['哥吉拉', '大戰', '金剛', '怪獸', '宇宙', '電影', '哥吉拉', '金剛', '帝國', '中文片名', '哥吉拉', '金剛', '關係', '大戰', '怪獸', '宇宙', '挑戰', '哥吉拉', '金剛', '帝國', '怪獸', '宇宙', '電影', '超越', '成績', '怪獸', '電影', '觀眾', '內容', '目錄', '泰坦', '巨獸', '人類', '社會', '哥吉拉', '地面', '擊退', '危害', '人類', '泰坦', '金剛', '地球', '社會性', '金剛', '生物', '角落', '巨型', '疤王', '地上', '世界', '金剛', '對抗', '疤王', '勢力', '死敵', '哥吉拉', '拜託就行', '哥吉拉', '金剛', '哥吉拉', '大戰', '金剛', '電影', '理論', '金剛', '哥吉拉', '電影', '全球', '票房將近 5 億美金', '扣除', '海外成本', '發行', '成本', '電影', '華納', '賺進', '哥吉拉大戰', '金剛', '巨獸', '撈進', '銀子', '角度', '哥吉拉', '金剛', '哥吉拉', '大戰', '金剛', '缺點', '辦法', '觀眾', '改變', '人類', '重點', '哥吉拉', '金剛', '主角', '君主', '組織', '人類', '語言學家', '伊蓮安德魯', '博士', '蕾貝卡霍爾', '主角', '金剛', '手語', '溝通', '養女', '伊維族', '族人', '吉亞', '母女倆', '喜劇', '要角', '工程師', '爆料', '部落', '格主柏尼', '布萊恩泰瑞', '亨利飾', '重責', '英倫', '大帥哥丹史蒂文斯', '飾演', '醫生', '崔普', '哥吉拉', '金剛', '帝國', '人類角色', '縮減', '主角', '亞歷山大', '史柯斯嘉', '好萊塢', '災難', '慣例', '印第', '主角', '米莉芭比布朗', '飾演', '哥吉拉', '電影', '連結', '科學家', '女兒', '角色', '君主', '組織', '事實', '中小企業', '等級', '組織', '臉孔', '員工', '組織', '管理', '階級', '伊蓮', '博士', '語言學家', '哥吉拉', '金剛', '角色', '人類', '劇情', '支線', '縮減', '哥吉拉', '金剛', '萊塢', '教育', '道理', '保留', '母女檔', '母女', '關係', '吉亞', '原住民', '小女孩', '角色', '功能', '導向', '角色', '金剛', '人類', '角色', '吉亞', '人類', '金剛', '保護', '工作', '統治', '地球', '環境', '文化', '哥吉拉', '金剛', '伊蓮', '暖心', '橋段', '觀眾', '哥吉拉', '金剛', '人類', '劇情線', '縮減到', '看過', '等級', '成人', '性愛', '電影', '訪談', '情節', '等級', '橋段', '貝卡霍爾', '外貌', '柏尼', '崔普', '媚眼', '五四三……', '人類', '角色', '功能', '定位', '哥吉拉', '金剛', '發展', '華納', '兄弟', '導演', '亞當溫高德', '編劇', '編劇群', '哥吉拉', '大戰', '金剛', '批評', '角色', '角色', '劇情支線', '進行', '問題', '成果', '哥吉拉', '金剛：', '哥吉拉大戰金剛》', '哥吉拉', '金剛', '海報', '金剛', '哥吉', '主配角', '地位', '上述', '劇情', '大綱', '金剛', '電影', '主角', '電影', '旅程', '金剛', '扛起', '主角', '戲份', '地球', '王者', '哥吉拉', '地上', '羅馬', '競技場', '金剛', '身份', '地球', '怪獸', '發起', '挑戰', '哥吉拉', '金剛', '哥吉拉', '金剛', '金剛', '智力', '力取勝', '使用', '戰術', '智力', '人類', '情緒', '情感', '困擾', '泰坦', '金剛', '金剛', '系列', '怪獸', '電影', '哥吉拉', '角色', '哥吉拉', '金剛', '打壓', '人類', '角色', '時間', '金剛', '建立', '父子', '關係', '哥吉拉', '金剛', '金剛', '環境', '少年', '遇見', '金剛', '金剛', '鏡子', '金剛', '本質', '金剛', '連結', '世界', '思維', '影響', '金剛', '壓迫', '激起', '怒氣', '金剛', '放下', '孩子', '照顧', '孩子', '義務', '責任', '哥吉拉', '金剛', '帝國', '片名', '金剛', '金剛', '哥吉拉', '配角', '身份', '男三', '地位', '存在感', '金剛', '金剛', '化學', '反應', '觀眾', '戰友', '師徒', '父子', '搭檔', '哥吉拉', '金剛', '金剛', '金剛', '敵人', '刀疤王', '表現', '機械', '哥吉拉', '威脅性', '反派', '威脅', '戰力', '刀疤王身形', '接近', '人類', '型態', '做出', '後空', '功夫', '動作', '遠戰皆宜', '兵器', '金剛', '武器', '戰力', '威脅', '層次', '金剛', '幫手', '觀眾', '危機', '哥吉拉', '金剛', '觀眾', '金剛', '哥吉拉', '理由', '哥吉拉', '金剛：', '反派', '刀疤王', '疤王', '威脅', '惡意', '奴役', '金剛不利、', '嘲諷', '金剛', '巨型', '人猿', '人話', '觀眾', '刀疤王', '惡意', '方式', '奴役', '角色', '刀疤王', '性格', '劣根性', '機械', '哥吉拉', '機器', '打爆', '情感', '怪獸', '宇宙', '電影', '哥吉拉', '金剛', '怪獸', '怪獸', '說服力', '功能性', '神威', '機會', '電影', '怪獸', '動作', '人類', '怪獸', '怪獸', '特性', '機會', '哥吉拉', '金剛', '怪獸', '宇宙', '電影', '怪獸', '片段', '作品', '哥吉拉', '金剛', '哥吉拉', '金剛', '怪獸', '銀幕', '尺寸', '哥吉拉', '大嘴砲', '金剛', '哥吉拉', '金剛', '金剛', '金剛', '情誼', '刀疤王', '哥吉拉', '金剛', '關係', '怪獸當', '主角', '電影', '金剛', '擬人主角', '吉拉', '哥吉拉', '電影', '角色', '角色', '故事', '人類', '故事', '哥吉拉', '金剛', '帝國', '做對']|[('金剛', 68), ('哥吉拉', 45), ('電影', 16), ('怪獸', 15), ('人類', 14), ('角色', 13), ('觀眾', 7), ('主角', 7), ('大戰', 5), ('宇宙', 5), ('帝國', 5), ('刀疤王', 5), ('關係', 4), ('地球', 4), ('組織', 4), ('泰坦', 3), ('疤王', 3), ('吉亞', 3), ('等級', 3), ('威脅', 3), ('挑戰', 2), ('巨獸', 2), ('巨型', 2), ('地上', 2), ('世界', 2), ('華納', 2), ('君主', 2), ('語言學家', 2), ('博士', 2), ('飾演', 2), ('崔普', 2), ('縮減', 2), ('連結', 2), ('伊蓮', 2), ('劇情', 2), ('功能', 2), ('環境', 2), ('橋段', 2), ('金剛：', 2), ('地位', 2), ('身份', 2), ('智力', 2), ('情感', 2), ('父子', 2), ('孩子', 2), ('機械', 2), ('反派', 2), ('戰力', 2), ('動作', 2), ('惡意', 2), ('奴役', 2), ('機會', 2), ('故事', 2), ('中文片名', 1), ('超越', 1), ('成績', 1), ('內容', 1), ('目錄', 1), ('社會', 1), ('地面', 1), ('擊退', 1), ('危害', 1), ('社會性', 1), ('生物', 1), ('角落', 1), ('對抗', 1), ('勢力', 1), ('死敵', 1), ('拜託就行', 1), ('理論', 1), ('全球', 1), ('票房將近 5 億美金', 1), ('扣除', 1), ('海外成本', 1), ('發行', 1), ('成本', 1), ('賺進', 1), ('哥吉拉大戰', 1), ('撈進', 1), ('銀子', 1), ('角度', 1), ('缺點', 1), ('辦法', 1), ('改變', 1), ('重點', 1), ('伊蓮安德魯', 1), ('蕾貝卡霍爾', 1), ('手語', 1), ('溝通', 1), ('養女', 1), ('伊維族', 1), ('族人', 1), ('母女倆', 1), ('喜劇', 1), ('要角', 1), ('工程師', 1), ('爆料', 1), ('部落', 1), ('格主柏尼', 1), ('布萊恩泰瑞', 1), ('亨利飾', 1), ('重責', 1), ('英倫', 1), ('大帥哥丹史蒂文斯', 1), ('醫生', 1), ('人類角色', 1), ('亞歷山大', 1), ('史柯斯嘉', 1), ('好萊塢', 1), ('災難', 1), ('慣例', 1), ('印第', 1), ('米莉芭比布朗', 1), ('科學家', 1), ('女兒', 1), ('事實', 1), ('中小企業', 1), ('臉孔', 1), ('員工', 1), ('管理', 1), ('階級', 1), ('支線', 1), ('萊塢', 1), ('教育', 1), ('道理', 1), ('保留', 1), ('母女檔', 1), ('母女', 1), ('原住民', 1), ('小女孩', 1), ('導向', 1), ('保護', 1), ('工作', 1), ('統治', 1), ('文化', 1), ('暖心', 1), ('劇情線', 1), ('縮減到', 1), ('看過', 1), ('成人', 1), ('性愛', 1), ('訪談', 1), ('情節', 1), ('貝卡霍爾', 1), ('外貌', 1), ('柏尼', 1), ('媚眼', 1), ('五四三……', 1), ('定位', 1), ('發展', 1), ('兄弟', 1), ('導演', 1), ('亞當溫高德', 1), ('編劇', 1), ('編劇群', 1), ('批評', 1), ('劇情支線', 1), ('進行', 1), ('問題', 1), ('成果', 1), ('哥吉拉大戰金剛》', 1), ('海報', 1), ('哥吉', 1), ('主配角', 1), ('上述', 1), ('大綱', 1), ('旅程', 1), ('扛起', 1), ('戲份', 1), ('王者', 1), ('羅馬', 1), ('競技場', 1), ('發起', 1), ('力取勝', 1), ('使用', 1), ('戰術', 1), ('情緒', 1), ('困擾', 1), ('系列', 1), ('打壓', 1), ('時間', 1), ('建立', 1), ('少年', 1), ('遇見', 1), ('鏡子', 1), ('本質', 1), ('思維', 1), ('影響', 1), ('壓迫', 1), ('激起', 1), ('怒氣', 1), ('放下', 1), ('照顧', 1), ('義務', 1), ('責任', 1), ('片名', 1), ('配角', 1), ('男三', 1), ('存在感', 1), ('化學', 1)]|1.0|"他們確實讓《哥吉拉與金剛：新帝國》變得比《哥吉拉大戰金剛》更加有趣 | 《哥吉拉與金剛：新帝國》確實反省了《哥吉拉大戰金剛》的缺點 | 所以《哥吉拉與金剛：新帝國》令人意外"
電影影評_2024-03-25_87|2024-03-25|【影評】Prime Video《威龍殺陣》：瘋狂、主觀視點鬥毆、傑克葛倫霍魔鬼的六塊肌，這是簡單粗暴的快樂|電影影評|派屈克史威茲曾經是世上最性感的男人，他跳舞、他把女伴舉在半空中……他還主演一部叫《Road House》的電影，這部電影的中譯片名比原片名性感多了：《威龍殺陣》。數十年後的今天，傑克葛倫霍決定成為新時代的史威茲，他主演的新版《威龍殺陣》在 Prime Video 上架，他能讓這部電影更性感嗎？讓我們來看看。1989 年《威龍殺陣》。內容目錄法蘭姬（潔西卡威廉斯飾）有間餐酒館 (roadhouse) 就叫「餐酒館」(Road House)，這位老闆的唯一困擾，是餐酒館太受歡迎，來自四面八方的酒客在此享受美酒佳餚……然後時常打成一團。法蘭姬需要一位能搞定酒客的圍事保鏢，而她找上了落魄的道爾頓（傑克葛倫霍飾），道爾頓的工作要應付醉醺醺的傢伙、飛車黨……還有鎮上的惡勢力。赤手空拳的道爾頓有辦法擺平一切嗎？當然可以，而且他樂在其中。說實話，派屈克史威茲 1989 年的電影《威龍殺陣》有點荒唐，電影劇情就像上述你看到的差不多——一位身手矯健的男人，成為一間危險餐廳的保鏢，然後把找上門的混蛋通通打飛。在舊版《威龍殺陣》裡，這間餐廳叫「Double Deuce」，也就是雙手比中指的意思。由此你大概可以理解這部電影的趣味：它粗俗、火爆、打了再說。《威龍殺陣》會被觀眾記住，全因為當時芳華正茂的派屈克史威茲，他的完美六塊肌與有如芭蕾舞般的飛踢，讓這部電影變成一部男子漢 A 片——女人想要他、男人想成為他。1989 年《威龍殺陣》。為什麼傑克葛倫霍想要主演一部 B 級電影的重製版？而且，葛倫霍為了這部電影，可以說傾其所有。因為主角道爾頓是位袒胸露背的前 UFC 選手，所以葛倫霍為這部電影準備了足足一年的嚴格體能訓練，就是要練出身上的每根線條——你無法忽視他深刻的人魚線。葛倫霍將體脂肪縮減到僅有 5 %、減重 9 公斤、而且每週至少 3 次高強度訓練……這麼大費周章的肉體改造，究竟是為了什麼？《威龍殺陣》。而且請注意，新版《威龍殺陣》的導演，不是哪位電影新鮮人或 B 級片導演，是鼎鼎大名的道格李曼，是執導《史密斯任務》與《明日邊界》這種破億票房大片的李曼。李曼加葛倫霍這種組合，應該會出現在全球電影院的海報上，為什麼他們要為 Prime Video 這樣的串流平台拍片？《威龍殺陣》沒有全球公映……是不是有點可惜？《威龍殺陣》從上架前就令人充滿好奇，這部電影會不會只是又一部串流平台的免洗作品呢？只是再一次剝削葛倫霍與李曼名號？葛倫霍某種程度達到了史威茲的高度，他努力地讓自己成為性感偶像，而李曼的鏡頭輔助了這一點。道格李曼的鏡頭有一種躁動感，他喜愛手持攝影機近距離拍攝，製造角色走投無路時的絕望感。這種風格在《威龍殺陣》裡更加浮誇，李曼幾乎是跟著葛倫霍的每一拳跟拍，拍攝葛倫霍如何連續打倒五人的橋段。這讓葛倫霍經過改造後的肉體、他訓練過的功夫身手、以及一個「動作巨星」的形象，在鏡頭前一覽無遺。《威龍殺陣》。新版比起舊版更複雜一點，開場我們知道道爾頓是一位落魄與放棄人生的拳手，他甚至有自殺念頭，為什麼一位出名的前 UFC 拳手，會淪落到地下拳賽賺獎金？這個謎團在電影裡一點一點地被揭開；另一方面，新版努力地鋪陳這塊是非之地的環境，間接解釋為什麼酒客會在這裡大打出手——佛羅里達的玻璃礁島民風強悍，大家習慣用拳頭說話，連看起來溫柔的醫生女主角，都可以突然火氣上頭飆句髒話。《威龍殺陣》。但《威龍殺陣》本質仍然是一部輕鬆的動作喜劇，這部電影邀請前 UFC 冠軍康納麥奎格增加威嚇感，而麥奎格確實夠瘋，一登場就是旁若無人的背面全裸，他飾演的角色就像瘋狂的龍捲風，所到之處快速化為廢土。而他與傑克葛倫霍將會有一段拳拳到肉的鬥毆，還用上了主觀式鏡頭，讓觀眾感受麥奎格直襲鏡頭的拳風。《威龍殺陣》。最新一份調查指出，全美有三分之二的成年觀眾，偏好在串流平台看電影，而不是電影院。看看最近在台灣引起話題的《周處除三害》就知道了，它上架串流後比在院線放映時風光多了。《威龍殺陣》。從這個角度，《威龍殺陣》是標準的「週五夜電影」，而且任何一個週五你都能點開來看，葛倫霍散發的不只是史威茲的浪漫，更有他獨特的瘋狂。這是一部瘋狂的電影，瘋狂的導演用魚眼鏡頭近距離拍攝瘋狂的主角，而瘋狂的主角與瘋狂的奸角互毆個你死我活。這種單純瘋狂的快樂，值得用一個週五夜來享受。|https://news.agentm.tw/276319/|https://news.agentm.tw/wp-content/uploads/cover-1-2526-390x219.jpg|['派屈克史威茲', '世上', '男人', '女伴', '半空', '主演', '電影', '電影', '中譯片', '威龍', '殺陣', '傑克葛倫霍', '時代', '史威茲', '主演', '新版', '威龍殺陣', '電影', '看看', '威龍殺陣', '內容', '目錄', '法蘭姬', '潔西卡威廉斯', '餐酒館', '老闆', '困擾', '餐酒館', '酒客', '美酒', '佳餚', '法蘭姬', '搞定', '酒客', '保鏢', '找上', '道爾頓', '傑克葛倫霍飾', '道爾頓', '工作', '應付', '傢伙', '飛車黨', '鎮上', '惡勢力', '道爾頓', '辦法', '擺平', '實話', '派屈克史威茲', '電影', '威龍殺陣', '電影', '劇情', '上述', '身手矯健', '男人', '餐廳', '保鏢', '舊版', '威龍殺陣', '餐廳', '雙手比', '中指', '意思', '電影', '趣味', '威龍殺陣', '觀眾', '芳華正茂', '派屈克史威茲', '六塊肌', '芭蕾舞', '電影', '男子', '女人', '男人', '威龍', '殺陣', '克葛倫霍', '主演', '電影', '重製版', '葛倫霍', '電影', '主角', '道爾頓', '露背', '選手', '葛倫霍', '電影', '準備', '訓練', '練出', '線條', '魚線', '葛倫', '體脂肪', '縮減', '強度', '訓練', '費周章', '肉體', '威龍殺陣', '新版', '威龍殺陣', '導演', '電影', '新鮮人', '導演', '道格李曼', '執導', '史密斯', '任務', '邊界', '票房', '李曼', '李曼', '葛倫霍', '組合', '全球', '電影院', '海報', '威龍殺陣', '全球', '威龍殺陣', '電影', '作品', '剝削', '葛倫霍', '李曼', '名號', '葛倫霍某', '程度', '史威茲', '高度', '偶像', '李曼', '鏡頭', '輔助', '道格李曼', '鏡頭', '躁動感', '手持', '攝影機', '近距離', '拍攝', '製造', '角色', '望感', '威龍殺陣', '李曼', '葛倫霍', '拍攝', '葛倫霍', '打倒', '橋段', '葛倫霍', '改造', '肉體', '訓練', '功夫', '身手', '動作', '巨星', '形象', '鏡頭', '威龍殺陣', '新版', '舊版', '道爾頓', '放棄', '人生', '拳手', '念頭', '淪落到', '拳賽', '獎金', '謎團', '電影', '揭開', '新版', '鋪陳', '環境', '酒客', '佛羅里達', '玻璃礁島', '民風', '拳頭', '醫生', '主角', '火氣上頭飆', '髒話', '威龍殺陣', '龍殺陣', '本質', '動作', '喜劇', '電影', '邀請', '冠軍', '康納麥奎格', '威嚇感', '麥奎格', '背面', '飾演', '角色', '龍捲風', '廢土', '傑克葛倫霍', '拳拳到肉', '鏡頭', '觀眾', '奎格', '鏡頭', '拳風', '威龍殺陣', '調查', '觀眾', '串流', '平台', '電影', '電影院', '台灣', '引起', '話題', '周處', '院線', '放映', '風光', '威龍', '殺陣', '角度', '威龍', '殺陣', '電影', '點開來看', '葛倫霍', '散發', '史威茲', '電影', '導演', '魚眼', '鏡頭', '距離', '拍攝', '主角', '主角', '奸角']|[('電影', 17), ('威龍殺陣', 13), ('葛倫霍', 8), ('鏡頭', 6), ('道爾頓', 5), ('李曼', 5), ('威龍', 4), ('殺陣', 4), ('新版', 4), ('主角', 4), ('派屈克史威茲', 3), ('男人', 3), ('主演', 3), ('史威茲', 3), ('酒客', 3), ('觀眾', 3), ('訓練', 3), ('導演', 3), ('拍攝', 3), ('傑克葛倫霍', 2), ('法蘭姬', 2), ('餐酒館', 2), ('保鏢', 2), ('餐廳', 2), ('舊版', 2), ('肉體', 2), ('道格李曼', 2), ('全球', 2), ('電影院', 2), ('角色', 2), ('動作', 2), ('世上', 1), ('女伴', 1), ('半空', 1), ('中譯片', 1), ('時代', 1), ('看看', 1), ('內容', 1), ('目錄', 1), ('潔西卡威廉斯', 1), ('老闆', 1), ('困擾', 1), ('美酒', 1), ('佳餚', 1), ('搞定', 1), ('找上', 1), ('傑克葛倫霍飾', 1), ('工作', 1), ('應付', 1), ('傢伙', 1), ('飛車黨', 1), ('鎮上', 1), ('惡勢力', 1), ('辦法', 1), ('擺平', 1), ('實話', 1), ('劇情', 1), ('上述', 1), ('身手矯健', 1), ('雙手比', 1), ('中指', 1), ('意思', 1), ('趣味', 1), ('芳華正茂', 1), ('六塊肌', 1), ('芭蕾舞', 1), ('男子', 1), ('女人', 1), ('克葛倫霍', 1), ('重製版', 1), ('露背', 1), ('選手', 1), ('準備', 1), ('練出', 1), ('線條', 1), ('魚線', 1), ('葛倫', 1), ('體脂肪', 1), ('縮減', 1), ('強度', 1), ('費周章', 1), ('新鮮人', 1), ('執導', 1), ('史密斯', 1), ('任務', 1), ('邊界', 1), ('票房', 1), ('組合', 1), ('海報', 1), ('作品', 1), ('剝削', 1), ('名號', 1), ('葛倫霍某', 1), ('程度', 1), ('高度', 1), ('偶像', 1), ('輔助', 1), ('躁動感', 1), ('手持', 1), ('攝影機', 1), ('近距離', 1), ('製造', 1), ('望感', 1), ('打倒', 1), ('橋段', 1), ('改造', 1), ('功夫', 1), ('身手', 1), ('巨星', 1), ('形象', 1), ('放棄', 1), ('人生', 1), ('拳手', 1), ('念頭', 1), ('淪落到', 1), ('拳賽', 1), ('獎金', 1), ('謎團', 1), ('揭開', 1), ('鋪陳', 1), ('環境', 1), ('佛羅里達', 1), ('玻璃礁島', 1), ('民風', 1), ('拳頭', 1), ('醫生', 1), ('火氣上頭飆', 1), ('髒話', 1), ('龍殺陣', 1), ('本質', 1), ('喜劇', 1), ('邀請', 1), ('冠軍', 1), ('康納麥奎格', 1), ('威嚇感', 1), ('麥奎格', 1), ('背面', 1), ('飾演', 1), ('龍捲風', 1), ('廢土', 1), ('拳拳到肉', 1), ('奎格', 1), ('拳風', 1), ('調查', 1), ('串流', 1), ('平台', 1), ('台灣', 1), ('引起', 1), ('話題', 1), ('周處', 1), ('院線', 1), ('放映', 1), ('風光', 1), ('角度', 1), ('點開來看', 1), ('散發', 1), ('魚眼', 1), ('距離', 1), ('奸角', 1)]|0.9999999999998116|"派屈克史威茲 1989 年的電影《威龍殺陣》有點荒唐 | 葛倫霍為了這部電影 | 《威龍殺陣》是標準的「週五夜電影」"
電影影評_2024-03-22_88|2024-03-22|【影評】《鬼聖胎》：看似《天魔》結合《失嬰記》，但其實卻是個反著來的時代新解|電影影評|由席妮史威尼主演的《鬼聖胎》，是一部相當有趣的作品，要是你足夠熟悉恐怖片，尤其是上世紀6、70年代的一些經典之作，就越能從這部電影中看出樂趣。乍看之下，這則像是走「惡魔之子」路線的故事，確實會讓人在第一時間想到《失嬰記》與《天魔》這類作品，尤其從預告看起來，《鬼聖胎》跟稍晚才要上映的《天魔》前傳《天魔：惡之初》，甚至還就像是雙胞胎一樣，實在像極了同一則故事的兩個版本，讓人十分好奇這兩部電影的差異究竟會到什麼程度。內容目錄然而，在看完《鬼聖胎》後，你甚至可以在仍未看過《天魔：惡之初》的情況下，便判斷出這兩部片雖然具有類似的劇情元素，但故事走向勢必會十分不同，而且就某方面來說，恐怕還會像是一種鏡像般的對映，在某些關鍵部分正好全然相反，為《鬼聖胎》帶來一種更具當代特質，卻又隱藏得十分巧妙的反叛之意。不過，除去核心概念不看，要是從整體風格來說，其實《鬼聖胎》的調性，則更像是1973年的經典邪教片《異教徒》，以及1977年的義大利鉛黃恐怖片《坐立不安》及其新版《窒息》結合後的感覺，透過彷彿遺世獨立的環境，逐漸堆疊起詭異及懸疑氣氛，帶來一種角色所處的地方明明是現實，卻又如同異質空間般的效果。巧妙的是，《鬼聖胎》並非只是單純的元素拼接，而是在統整過後，確實走出了一條自己的路，因而在運用這些經典元素的手法上也顯得更加低調，將其融入於節奏、剪輯、運鏡、配樂或角色裝扮等細節裡，因此就算同樣有融入鉛黃電影的特色，卻也不像溫子仁的《疾厄》那樣大玩特玩，而是透過更加隱約的方式，將其融入到自己的故事當中。這樣的做法，在本片的性別主題上同樣可見一斑。《鬼聖胎》利用一些特寫鏡頭來呈現某些宗教儀式的設計，全都隱隱強調出其中的父權性質。甚至就連女主角對修道人士得要自己處理食物，因此得學著宰殺公雞的細節，也在片中透過前後兩次的差異，使「公雞」本身便成為了與此有關的隱喻之一。而其中最為核心的，莫過於將某項聖物給當成陽具影射的安排。就這方面來說，《鬼聖胎》的巧妙之處，在於這樣的陽具影射不僅在隱喻上發揮作用，甚至還在劇情刻意沒有言明，卻又暗示得足夠明顯的關鍵細節裡，變成對故事至關緊要的元素之一，最後也讓本片從頭到尾都不刻意強調，卻又讓這些元素猶如流水般滲入故事中的做法顯得十分有趣，具有令人印象深刻的巧妙拿捏。而從這樣的角度，以及《鬼聖胎》的結局來看，我們也會發現，正如同這部電影先是巧妙讓觀眾先入為主地接受了某個古怪設定，接著再帶來一個翻轉式的真相大白一樣，雖然本片確實採用了《天魔》與《失嬰記》的元素，但它真正要做的，其實是想推翻《天魔》與《失嬰記》的部分核心，藉此為影迷熟悉的經典題材，就此帶來屬於這個時代的切入角度，以及情感與道德價值的新解。於是，這也成為了《鬼聖胎》結局之所以如此有趣的原因。前面的壓抑與溫順，就像是全為最後的爆發刻意打造而成，告訴你某些被長年扭曲的虔誠與傳統，將會瘋狂到什麼地步，最後又將同等程度地激起被壓迫者怎樣的熊熊怒火。簡單地說，有趣的恐怖片，大多都可以被視為一種時代寓言，而《鬼聖胎》提供的，正是這樣的一種切入角度。|https://news.agentm.tw/276192/|https://news.agentm.tw/wp-content/uploads/01-130-e1711093075464-390x220.png|['席妮史威尼', '主演', '鬼聖胎', '作品', '恐怖片', '經典', '電影', '樂趣', '乍看', '惡魔', '路線', '故事', '時間', '天魔', '作品', '鬼聖胎', '天魔', '天魔', '雙胞胎', '故事', '版本', '電影', '差異', '程度', '內容', '目錄', '看完', '聖胎', '天魔', '情況', '劇情', '元素', '故事', '鏡像', '關鍵', '聖胎', '帶來', '特質', '隱藏', '反叛', '除去', '核心', '概念', '整體', '風格', '聖胎', '經典', '邪教片', '異教徒》', '義大利', '鉛黃', '恐怖片', '新版', '感覺', '環境', '氣氛', '帶來', '角色所處', '地方', '現實', '異質', '空間', '效果', '鬼聖胎', '元素', '拼接', '統整', '運用', '經典', '元素', '手法', '融入', '節奏', '剪輯', '配樂', '角色', '裝扮', '細節', '融入', '鉛黃', '電影', '特色', '溫子仁', '方式', '融入到', '故事', '做法', '性別', '主題', '鬼聖胎', '利用', '特寫', '鏡頭', '宗教', '儀式', '設計', '父權', '性質', '主角', '人士', '處理', '食物', '學著', '宰殺', '公雞', '細節', '差異', '隱喻之一', '核心', '聖物', '陽具', '方面', '聖胎', '陽具影射', '隱喻上', '作用', '劇情', '言明', '關鍵', '細節裡，', '故事', '元素', '元素', '流水', '故事', '做法', '印象深刻', '角度', '聖胎', '結局', '電影', '接受', '設定', '帶來', '真相', '採用', '天魔', '嬰記', '元素', '推翻', '天魔', '嬰記', '核心', '影迷', '經典', '題材', '帶來', '時代', '情感', '道德', '價值', '新解', '聖胎', '結局', '原因', '打造', '扭曲', '傳統', '地步', '程度', '激起', '壓迫', '怒火', '恐怖片', '時代', '寓言', '聖胎', '角度']|[('聖胎', 7), ('故事', 6), ('天魔', 6), ('元素', 6), ('鬼聖胎', 4), ('經典', 4), ('電影', 4), ('帶來', 4), ('恐怖片', 3), ('核心', 3), ('作品', 2), ('差異', 2), ('程度', 2), ('劇情', 2), ('關鍵', 2), ('鉛黃', 2), ('融入', 2), ('細節', 2), ('做法', 2), ('角度', 2), ('結局', 2), ('嬰記', 2), ('時代', 2), ('席妮史威尼', 1), ('主演', 1), ('樂趣', 1), ('乍看', 1), ('惡魔', 1), ('路線', 1), ('時間', 1), ('雙胞胎', 1), ('版本', 1), ('內容', 1), ('目錄', 1), ('看完', 1), ('情況', 1), ('鏡像', 1), ('特質', 1), ('隱藏', 1), ('反叛', 1), ('除去', 1), ('概念', 1), ('整體', 1), ('風格', 1), ('邪教片', 1), ('異教徒》', 1), ('義大利', 1), ('新版', 1), ('感覺', 1), ('環境', 1), ('氣氛', 1), ('角色所處', 1), ('地方', 1), ('現實', 1), ('異質', 1), ('空間', 1), ('效果', 1), ('拼接', 1), ('統整', 1), ('運用', 1), ('手法', 1), ('節奏', 1), ('剪輯', 1), ('配樂', 1), ('角色', 1), ('裝扮', 1), ('特色', 1), ('溫子仁', 1), ('方式', 1), ('融入到', 1), ('性別', 1), ('主題', 1), ('利用', 1), ('特寫', 1), ('鏡頭', 1), ('宗教', 1), ('儀式', 1), ('設計', 1), ('父權', 1), ('性質', 1), ('主角', 1), ('人士', 1), ('處理', 1), ('食物', 1), ('學著', 1), ('宰殺', 1), ('公雞', 1), ('隱喻之一', 1), ('聖物', 1), ('陽具', 1), ('方面', 1), ('陽具影射', 1), ('隱喻上', 1), ('作用', 1), ('言明', 1), ('細節裡，', 1), ('流水', 1), ('印象深刻', 1), ('接受', 1), ('設定', 1), ('真相', 1), ('採用', 1), ('推翻', 1), ('影迷', 1), ('題材', 1), ('情感', 1), ('道德', 1), ('價值', 1), ('新解', 1), ('原因', 1), ('打造', 1), ('扭曲', 1), ('傳統', 1), ('地步', 1), ('激起', 1), ('壓迫', 1), ('怒火', 1), ('寓言', 1)]|0.99999809636582|"為《鬼聖胎》帶來一種更具當代特質 | 這也成為了《鬼聖胎》結局之所以如此有趣的原因 | 以及《鬼聖胎》的結局來看"
電影影評_2024-03-22_89|2024-03-22|【影評】《伏慄熊》：IMDb、爛番茄居低不上的爛片？教你正確觀看本片的技巧|電影影評|「伏慄熊～熊伏慄！伏慄熊～熊伏慄！」如果你看到這部片名腦內沒有響起這段口號，可能是偽人！（誤）《伏慄熊》不僅入侵對知名量販店的認知（台灣限定），也對恐怖電影一些眾所周知的情節下手！例如，恐怖片每搬家必出事，那搬回自己的兒時老家總可以吧……蛤！老家裡「有東西」對我念念不忘究竟是太記仇還是太專情；孩子只是想找個玩伴，但是《恰吉》、《安娜貝爾》長得不討喜又破壞兒時對玩偶的依賴，2023年的《摯友梅根》也讓我們科技玩具幻滅，好啊好啊，自己創造一個幻想朋友總可以了吧……蛤！這隻自稱巧芯的玩具熊竟然想害我的手掌被鐵釘貫穿！就問一句，想像力強大錯了嗎？《伏慄熊》電影預告內容目錄潔西卡（德汪達懷斯 飾）與家人搬回兒時老家，繼女愛麗絲（派柏布朗 飾）在地下室發現被遺忘在陰暗角落的小熊布偶「巧芯」，並對它愛不釋手，天天形影不離。然而，潔西卡發現愛麗絲與巧芯天真的遊戲逐漸變調，童趣被恐懼取代，看似無害的玩具小熊巧芯，竟然隱藏真正的「目的」……作為一部超自然恐怖片，《伏慄熊》並不可怕。想到巧芯熊大部分時間都被愛麗絲抱來抱去，不然就是擺拍的畫面，甚至有點好笑，或許這就是為何《伏慄熊》僅得到IMDb 4.8 分、爛番茄爆米花指數 54 %這樣居低不上的悲慘結果……《伏慄熊》穩坐爛片無誤了嗎？滑到文末會看到本人的「虎蘭花雷達圖」對它並沒有這麼苛刻。能理解劇情後段的大轉析，直接把恐怖片轉成異世界冒險片讓滿多人傻眼的。我勇敢承認，自己一開始也是皺起眉頭，內心不自覺地升起排斥感：但是隨即！便從電影給的提示裡，悟到正確觀看《伏慄熊》必須得按下一個開關！劇中有這樣的設定：當大人直視孩子無限可能的想像力綜合體時，會因為眼前所見與現實認知相差過大而受到侵害。所以，鄰居葛羅莉亞太太確實看起來瘋瘋癲癲，連劇中角色潔西卡與大女兒泰勒（泰根伯恩斯 飾）都翻起白眼，但她示範了什麼叫保持童心未泯，幻想不分年齡──雖然算是反面教材。當按下開關，讓心態猶如孩子接收新世界帶來的所有衝擊（一邊吐槽也無妨），其實《伏慄熊》的元素豐富、情節緊湊，雖然有些《安娜貝爾》與《厲陰宅》的影子，全片有始有終，足夠完整，鋪出去的疑點也有收攏，如果你抵當不住親情的攻勢，本片還能感動你一把。還滿喜歡潔西卡發現真相時，那個「眼見不能為憑卻又真實存在」的轉折，橋段老套，放在這裡竟有意料之外的樂趣！另外，當主角之外的人都被塞進一對熊眼時（靈感可能來自《第十四道門》），不可否認那畫面還挺驚悚。願意抱持正向心態將《伏慄熊》從頭看到尾的原因，除了切換開關，飾演愛麗絲的派柏布朗絕對是第一主因！「我從很小的時候就想演出恐怖片，我一直都很喜歡萬聖節跟可怕的東西。即使我看不懂（那部電影），也沒關係。」（資料來源：車庫娛樂）就算派柏布朗「很小的時候」就想挑戰恐怖片，也只是年僅 10 歲的小女孩呀！自然有層次的演技在《伏慄熊》中譽為第一女主角絕對不誇張，這一點光從預告中，愛麗絲撕心喊出：「也許我們不再一起玩了，巧芯。也許我們不該當朋友！」那濃烈足以觸動心弦的情感，就足夠吸引我看這部片，也足以說服我給它高於 IMDb 與爛番茄的評分。|https://news.agentm.tw/276175/|https://news.agentm.tw/wp-content/uploads/IMAGINARY_Unit_230531_00362RC2.jpg-e1711092139570-390x260.webp|['熊～', '口號', '偽人', '伏慄熊', '量販店', '認知', '台灣', '電影', '情節', '恐怖片', '老家', '老家', '東西', '孩子', '玩伴', '恰吉', '安娜貝爾', '破壞', '玩偶', '摯友', '梅根', '科技', '創造', '朋友', '玩具', '手掌', '鐵釘', '貫穿', '想像力', '慄熊', '電影', '目錄', '西卡', '德汪達懷斯', ' 飾', '家人', '老家', '愛麗絲', '派柏布朗 飾', '地下室', '角落', '熊布偶', '天形影不離', '潔西卡', '愛麗絲', '遊戲', '童趣', '取代', '玩具', '小熊', '巧芯', '隱藏', '目的', '自然', '恐怖片', '伏慄熊', '時間', '愛麗絲', '擺拍', '畫面', '慄熊', '番茄', '米花', '指數', '結果', '伏慄熊', '爛片', '文末', '虎蘭花雷達圖', '劇情', '恐怖片', '異世界', '冒險片', '傻眼', '皺起', '眉頭', '內心', '排斥感', '電影', '提示', '觀看', '伏慄', '按下', '開關', '大人', '直視', '孩子', '想像力', '綜合體', '眼前', '現實', '侵害', '鄰居', '葛羅莉亞', '太太', '角色', '潔西卡', '女兒', '泰勒', '泰根伯恩斯 飾', '童心', '年齡', '反面', '教材', '按下', '開關', '心態', '孩子', '接收', '帶來', '衝擊', '伏慄熊', '元素', '情節', '安娜貝爾', '陰宅', '影子', '疑點', '收攏', '抵當', '親情', '攻勢', '潔西卡', '轉折', '橋段', '老套', '樂趣', '主角', '塞進', '靈感', '畫面', '心態', '伏慄熊', '原因', '切換', '開關', '飾演', '愛麗絲', '派柏布朗', '主因', '時候', '演出', '恐怖片', '東西', '電影', '關係', '資料', '來源', '車庫', '娛樂', '柏布朗', '時候', '挑戰', '恐怖片', '層次', '演技', '伏慄', '主角', '愛麗絲', '朋友', '觸動', '心弦', '情感']|[('伏慄熊', 5), ('恐怖片', 5), ('愛麗絲', 5), ('電影', 4), ('老家', 3), ('孩子', 3), ('潔西卡', 3), ('開關', 3), ('情節', 2), ('東西', 2), ('安娜貝爾', 2), ('朋友', 2), ('玩具', 2), ('想像力', 2), ('慄熊', 2), ('畫面', 2), ('伏慄', 2), ('按下', 2), ('心態', 2), ('主角', 2), ('時候', 2), ('熊～', 1), ('口號', 1), ('偽人', 1), ('量販店', 1), ('認知', 1), ('台灣', 1), ('玩伴', 1), ('恰吉', 1), ('破壞', 1), ('玩偶', 1), ('摯友', 1), ('梅根', 1), ('科技', 1), ('創造', 1), ('手掌', 1), ('鐵釘', 1), ('貫穿', 1), ('目錄', 1), ('西卡', 1), ('德汪達懷斯', 1), (' 飾', 1), ('家人', 1), ('派柏布朗 飾', 1), ('地下室', 1), ('角落', 1), ('熊布偶', 1), ('天形影不離', 1), ('遊戲', 1), ('童趣', 1), ('取代', 1), ('小熊', 1), ('巧芯', 1), ('隱藏', 1), ('目的', 1), ('自然', 1), ('時間', 1), ('擺拍', 1), ('番茄', 1), ('米花', 1), ('指數', 1), ('結果', 1), ('爛片', 1), ('文末', 1), ('虎蘭花雷達圖', 1), ('劇情', 1), ('異世界', 1), ('冒險片', 1), ('傻眼', 1), ('皺起', 1), ('眉頭', 1), ('內心', 1), ('排斥感', 1), ('提示', 1), ('觀看', 1), ('大人', 1), ('直視', 1), ('綜合體', 1), ('眼前', 1), ('現實', 1), ('侵害', 1), ('鄰居', 1), ('葛羅莉亞', 1), ('太太', 1), ('角色', 1), ('女兒', 1), ('泰勒', 1), ('泰根伯恩斯 飾', 1), ('童心', 1), ('年齡', 1), ('反面', 1), ('教材', 1), ('接收', 1), ('帶來', 1), ('衝擊', 1), ('元素', 1), ('陰宅', 1), ('影子', 1), ('疑點', 1), ('收攏', 1), ('抵當', 1), ('親情', 1), ('攻勢', 1), ('轉折', 1), ('橋段', 1), ('老套', 1), ('樂趣', 1), ('塞進', 1), ('靈感', 1), ('原因', 1), ('切換', 1), ('飾演', 1), ('派柏布朗', 1), ('主因', 1), ('演出', 1), ('關係', 1), ('資料', 1), ('來源', 1), ('車庫', 1), ('娛樂', 1), ('柏布朗', 1), ('挑戰', 1), ('層次', 1), ('演技', 1), ('觸動', 1), ('心弦', 1), ('情感', 1)]|0.9999986447696216|"悟到正確觀看《伏慄熊》必須得按下一個開關 | 《伏慄熊》並不可怕 | 想到巧芯熊大部分時間都被愛麗絲抱來抱去"
電影影評_2024-03-21_90|2024-03-21|【影評】《魔鬼剋星：冰天凍地》：建議你先補習這個系列，就能享受它對系列歷史的盡力致敬|電影影評|八〇年代，紐約被《魔鬼剋星》系列搞得陰風陣陣，如今，系列新作《魔鬼剋星：冰天凍地》終於把故事背景搬回紐約，讓這部作品更像是一部正宗系列續集。老班底們回歸、新班底們繼續面對家庭問題，那麼，《魔鬼剋星：冰天凍地》能夠吸引新生代觀眾嗎？它能讓老粉絲滿意嗎？史賓格一家來到紐約，繼續他們的魔鬼剋星事業。在繁忙的紐約打鬼卻不是好點子，打鬼新人組造成的破壞比鬼怪還多，這令他們被厭惡魔鬼剋星數十年的紐約市長盯上了，未成年的菲比當然被迫卸下職責。大家都要她好好享受青春年華，但她卻覺得自己被排除在外。此時，已退休的雷博士收到一顆球型上古遺物，裡頭似乎禁錮著某種強大力量，它正在影響抓鬼總部底下的鎖鬼庫，封印即將解除……而上古邪神也即將重新降臨紐約。內容目錄《魔鬼剋星》系列的架構，是一個「永劫回歸」的模式。如同《哆拉A夢》、《福星小子》或是《櫻桃小丸子》，主角群永遠保持年輕，無論他們這次遇上什麼樣的冒險，下回故事開始時一切又重新開機。按照這個邏輯，《魔鬼剋星：冰天凍地》應該就是老班底（雷、彼得與溫斯頓）與新班底（古魯柏、菲比、崔佛與凱莉）共同面對新敵人，對觀眾而言，你不需要補習八〇年代的兩部《魔鬼剋星》電影或2021年《魔鬼剋星：未來世》，一樣能看得很愉快。事實卻不是如此，如同《魔鬼剋星：未來世》，懷舊是《魔鬼剋星：冰天凍地》非常重要的元素。你需要看過《魔鬼剋星》、《魔鬼剋星2》、與《魔鬼剋星：未來世》，可能才會了解這部電影裡大量的典故。你需要了解珍妮是原本魔鬼剋星的秘書小姐，這樣才會在她穿上連身服時感到驚訝——原本只負責接電話的秘書，現在也變成剋星一員了。你也必須了解，古魯柏老師在上一集很快就被魔王控制了，這樣才會理解菲比黜臭他啥都沒做的理由。懷舊元素在本集更加發揮，元老三人組在上一集只是驚鴻一瞥，這集推動了更多劇情發展，三人組只剩下比爾墨瑞飾演的彼得，還是一個打醬油的串場角色。而丹艾克洛伊飾演的雷博士、與厄尼哈德森飾演的溫斯頓博士成為重點。對老粉絲而言，雷博士依舊是那個最熱愛超自然現象的瘋狂宅宅，這讓年邁古稀的他仍然像個大孩子，一股腦地追著怪現象跑；相對的，當年最為實際的溫斯頓，現在變成了嚴父角色，面對規模越來越大、而且越來越不受控的新家族，只能一直幫大家擦屁股。第一集裡討厭的環保局專員（由威廉阿瑟頓飾演），這一集變成了討厭的紐約市長。但如果你沒見過威廉阿瑟頓的角色，就只能把他當作類型電影裡的平板反派；但如果你看過《魔鬼剋星》，阿瑟頓飾演的華頓一出現，就會令人湧起滿滿的回憶——順帶想起他在《終極警探》裡同樣討人厭。這是《魔鬼剋星：冰天凍地》的特殊趣味，是專給老粉絲的特別服務。這是舊班底的部份，那麼新班底呢？故事重心繼續放在菲比身上，前集 12歲的她，如今已經是 15 歲的少女，踏入了青春期，卻還不是成人。青春期的掙扎是《魔鬼剋星：冰天凍地》的另一個重點，她儘管比媽媽與哥哥更早成為魔鬼剋星，卻因為年齡問題而不准繼續執行職務，讓菲比就像萬千不准看限制級電影的青少年少女一般，對整個世界生氣。有趣的是，應該跟她同年紀的「播客」卻沒有這種困擾，令她在電影裡更加孤獨。而她遇見了另一個處境相同的角色，自然不知不覺被其吸引。這是許多兒少或家庭電影的慣用主題，描述青少年急著轉大人的焦躁與不安。在性喜劇裡，青少年主角們必須經歷一次次失敗爆笑的性挫折，最後他們可能會放棄，可能會成功，但都會發現他們一路的抗爭似乎是好高騖遠，轉大人的關卡沒有想像中崇高與偉大。而如果不是性喜劇，像是《七寶奇謀》這樣的冒險電影經典裡，家庭往往會是安撫躁動青少年的最佳良藥——你需要與親生家庭/無血緣家庭一起接受冒險的淬鍊，過程中家庭會療癒你、支撐你，最終你會發現家庭的偉大。《魔鬼剋星：冰天凍地》是一樣套路，菲比對自己的家庭並不滿意，認為他們捨棄、誤解並看扁了自己，逼使菲比出外找尋另一個慰藉。這聽起來沒什麼問題，按照老公式絕不會錯，問題是，《魔鬼剋星：冰天凍地》鋪排這條公式的方式，缺乏了一點吸引力。這點可以跟《魔鬼剋星：未來世》作比較：這部電影的開場是一場死亡，這個死亡留下了一個巨大謎團……一位被認為最人畜無害、最和藹的成員，突然變得六親不認，行為乖僻，而且最後淒涼地孤身死去。為什麼？這個謎團持續地勾引觀眾，推動他們撐到電影終點。當然，這不是多困難的謎題，但重點這已經足夠勾起觀眾的好奇心。而在《魔鬼剋星：未來世》最終解謎之後，它迅速地補上了一記回憶殺，逼出觀眾的眼淚——這招真的有點下流，但確實絕對有效。但《魔鬼剋星：冰天凍地》缺乏這樣的吸引力，菲比向外找尋新慰藉的劇情，缺乏《七寶奇謀》那樣的趣味。聰明的觀眾可能很快就猜到劇情，但這不是《魔鬼剋星：未來世》，沒有那種你明知故事發展卻還是想聽完它的魅力。更重要的是，這只是劇情支線之一，《魔鬼剋星：冰天凍地》還塞進了不同劇情與更多角色，在劇情支線交互出現的過程中，這條理應是主線的菲比劇情，更加被削弱了戲劇效果。《魔鬼剋星：冰天凍地》確實很努力，找來了派頓奧斯華、詹姆士阿卡斯特與庫梅爾南賈尼等等飾演搞笑新角色，這三個新角色都非常有趣，而且都是派頓與庫梅爾熟悉的喜劇套路——派頓的快嘴碎碎念風格，與庫梅爾的有時滑溜有時耍笨風格，都製造了不少笑點。而詹姆士阿卡斯特飾演一個只關心鬼怪的科技宅，也有點當年伊貢角色的趣味。加上這次出現的幾隻有趣新鬼，可以發現，《魔鬼剋星：冰天凍地》努力地讓電影充滿笑聲，藉以讓它更符合家庭觀眾的期待。它努力地讓老粉絲滿意，塞進更多的致敬與對過去《魔鬼剋星》歷史的諧仿。但它並沒有比《魔鬼剋星：未來世》更溫馨感人，因為突如其來的回憶殺已經被上集用過了，而且缺乏一個讓觀眾持續專注的目標，觀眾很可能只是等著他們早已預料到的劇情陸續上演，難免會覺得有點拖沓。但這是不是壞事？不盡然，因為事實是《魔鬼剋星》續集真的來得太晚，有一整個世代的觀眾沒看過《魔鬼剋星》，不了解它原始那種帶點傻氣的搞笑風格。《魔鬼剋星》系列從來不是要把你嚇出心靈創傷，而是讓你看一群憨傻傢伙們嘻嘻哈哈解除世界危機，它並不複雜，它的歷史地位甚至是建構在雷根時代的「今天很好，明天會更好」的美好想像之上，抓鬼就像打電話叫披薩一樣簡單，鬼抓完就丟在不用回收的垃圾桶，那些恐怖片演的都是假的，世界多美好。所以，正確享用《魔鬼剋星：冰天凍地》的方法，是先看完前三集《魔鬼剋星》（忽略 2016 年版），然後買齊你的爆米花與可樂，放空頭腦好好享受丹艾克洛伊的老當益壯、麥肯娜葛瑞絲的少女美顏、或是庫梅爾擠眉弄眼的搞笑。《魔鬼剋星：冰天凍地》比《魔鬼剋星：未來世》更像是喜劇，這也許算是它最終極的復古致敬。|https://news.agentm.tw/276040/|https://news.agentm.tw/wp-content/uploads/未命名設計-63-390x213.png|['紐約', '魔鬼剋星', '系列', '陰風', '系列', '新作', '魔鬼', '剋星', '故事', '背景', '紐約', '作品', '正宗', '系列', '續集', '面對', '家庭', '問題', '魔鬼', '剋星', '新生代', '觀眾', '粉絲', '史賓格', '紐約', '魔鬼', '剋星', '事業', '紐約', '打鬼', '打鬼', '新人組', '破壞', '鬼怪', '魔鬼', '剋星', '紐約', '市長', '盯上', '菲比', '卸下', '職責', '青春', '年華', '排除', '雷博士', '收到', '球型', '遺物', '禁錮', '力量', '總部', '鬼庫', '封印', '解除', '紐約', '內容', '目錄', '魔鬼', '剋星', '系列', '架構', '永劫回歸', '模式', '哆拉A夢', '福星小子', '櫻桃', '主角群', '遇上', '故事', '邏輯', '魔鬼', '天凍地', '班底', '斯頓', '古魯柏', '菲比', '面對', '觀眾', '補習', '魔鬼', '剋星', '電影', '魔鬼', '剋星', '事實', '魔鬼', '剋星', '魔鬼', '剋星', '元素', '魔鬼', '剋星', '魔鬼', '剋星', '魔鬼剋星', '電影', '典故', '珍妮', '魔鬼', '剋星', '秘書', '小姐', '穿上', '電話', '秘書', '古魯柏', '老師', '魔王', '控制', '菲比', '黜臭', '理由', '元素', '元老三人', '推動', '劇情', '發展', '三人', '比爾墨瑞', '飾演', '彼得', '打醬油', '角色', '艾克洛伊', '飾演', '雷博士', '厄尼哈德森', '飾演', '溫斯頓', '博士', '重點', '粉絲', '雷博士依舊', '現象', '宅宅', '孩子', '現象', '溫斯頓', '嚴父', '角色', '面對', '規模', '家族', '環保局', '專員', '威廉阿瑟頓', '飾演', '紐約', '市長', '威廉阿瑟頓', '角色', '類型', '電影', '看過', '鬼剋星', '阿瑟頓', '飾演', '華頓', '警探', '魔鬼', '剋星', '趣味', '粉絲', '服務', '班底', '故事', '重心', '菲比', '少女', '青春期', '成人', '青春期', '掙扎', '魔鬼', '剋星', '重點', '媽媽', '哥哥', '魔鬼', '剋星', '年齡', '問題', '執行', '職務', '菲比', '限制級', '電影', '青少年', '少女', '年紀', '困擾', '電影', '遇見', '處境', '角色', '家庭', '電影', '慣用', '主題', '描述', '少年', '轉大人', '性喜劇', '青少年', '主角', '挫折', '放棄', '大人', '關卡', '喜劇', '七寶奇謀', '電影', '經典', '青少年', '良藥', '家庭', '接受', '淬鍊', '過程', '庭會', '支撐', '家庭', '魔鬼', '剋星', '套路', '菲比', '家庭', '捨棄', '看扁', '菲比', '找尋', '慰藉', '問題', '問題', '魔鬼', '剋星', '公式', '方式', '吸引力', '魔鬼', '剋星', '電影', '留下', '謎團', '人畜', '成員', '行為', '謎團', '勾引', '觀眾', '推動', '撐到', '電影', '終點', '謎題', '重點', '勾起', '觀眾', '好奇心', '魔鬼', '剋星', '補上', '逼出', '觀眾', '眼淚', '魔鬼', '剋星', '吸引力', '菲比', '找尋', '慰藉', '劇情', '寶奇謀', '趣味', '觀眾', '劇情', '魔鬼', '剋星', '故事', '發展', '聽完', '魅力', '劇情', '支線', '鬼剋星', '塞進', '劇情', '角色', '劇情支線', '過程', '主線', '菲比', '劇情', '削弱', '戲劇', '效果', '魔鬼', '剋星', '找來', '派頓奧斯華', '詹姆士阿卡斯特', '庫梅爾南賈尼', '飾演', '角色', '角色', '派頓', '庫梅爾', '喜劇', '套路', '風格', '庫梅爾', '風格', '製造', '笑點', '詹姆士阿卡斯特', '飾演', '科技宅', '伊貢', '角色', '趣味', '魔鬼', '剋星', '電影', '笑聲', '家庭', '觀眾', '粉絲', '塞進', '魔鬼', '剋星', '歷史', '魔鬼剋星', '回憶', '觀眾', '目標', '觀眾', '劇情', '壞事', '事實是', '魔鬼', '剋星', '續集', '世代', '觀眾', '魔鬼剋星', '傻氣', '魔鬼', '剋星', '系列', '心靈', '創傷', '解除', '世界', '危機', '歷史地位', '建構', '雷根', '時代', '抓鬼', '披薩', '鬼抓完', '丟在不用', '回收', '垃圾桶', '恐怖片演', '世界', '享用', '魔鬼', '剋星', '方法', '看完', '魔鬼', '剋星', '買齊你', '爆米花', '可樂', '頭腦', '丹艾克洛伊', '麥肯娜', '葛瑞絲', '少女', '美顏', '庫梅爾', '魔鬼', '剋星', '魔鬼', '剋星', '喜劇']|[('魔鬼', 31), ('剋星', 30), ('觀眾', 10), ('電影', 10), ('菲比', 9), ('角色', 8), ('紐約', 7), ('劇情', 7), ('飾演', 7), ('家庭', 6), ('系列', 5), ('魔鬼剋星', 4), ('故事', 4), ('問題', 4), ('粉絲', 4), ('面對', 3), ('重點', 3), ('趣味', 3), ('少女', 3), ('青少年', 3), ('喜劇', 3), ('庫梅爾', 3), ('續集', 2), ('打鬼', 2), ('市長', 2), ('雷博士', 2), ('解除', 2), ('班底', 2), ('古魯柏', 2), ('元素', 2), ('秘書', 2), ('推動', 2), ('發展', 2), ('溫斯頓', 2), ('現象', 2), ('威廉阿瑟頓', 2), ('鬼剋星', 2), ('青春期', 2), ('過程', 2), ('套路', 2), ('找尋', 2), ('慰藉', 2), ('吸引力', 2), ('謎團', 2), ('塞進', 2), ('詹姆士阿卡斯特', 2), ('風格', 2), ('世界', 2), ('陰風', 1), ('新作', 1), ('背景', 1), ('作品', 1), ('正宗', 1), ('新生代', 1), ('史賓格', 1), ('事業', 1), ('新人組', 1), ('破壞', 1), ('鬼怪', 1), ('盯上', 1), ('卸下', 1), ('職責', 1), ('青春', 1), ('年華', 1), ('排除', 1), ('收到', 1), ('球型', 1), ('遺物', 1), ('禁錮', 1), ('力量', 1), ('總部', 1), ('鬼庫', 1), ('封印', 1), ('內容', 1), ('目錄', 1), ('架構', 1), ('永劫回歸', 1), ('模式', 1), ('哆拉A夢', 1), ('福星小子', 1), ('櫻桃', 1), ('主角群', 1), ('遇上', 1), ('邏輯', 1), ('天凍地', 1), ('斯頓', 1), ('補習', 1), ('事實', 1), ('典故', 1), ('珍妮', 1), ('小姐', 1), ('穿上', 1), ('電話', 1), ('老師', 1), ('魔王', 1), ('控制', 1), ('黜臭', 1), ('理由', 1), ('元老三人', 1), ('三人', 1), ('比爾墨瑞', 1), ('彼得', 1), ('打醬油', 1), ('艾克洛伊', 1), ('厄尼哈德森', 1), ('博士', 1), ('雷博士依舊', 1), ('宅宅', 1), ('孩子', 1), ('嚴父', 1), ('規模', 1), ('家族', 1), ('環保局', 1), ('專員', 1), ('類型', 1), ('看過', 1), ('阿瑟頓', 1), ('華頓', 1), ('警探', 1), ('服務', 1), ('重心', 1), ('成人', 1), ('掙扎', 1), ('媽媽', 1), ('哥哥', 1), ('年齡', 1), ('執行', 1), ('職務', 1), ('限制級', 1), ('年紀', 1), ('困擾', 1), ('遇見', 1), ('處境', 1), ('慣用', 1), ('主題', 1), ('描述', 1), ('少年', 1), ('轉大人', 1), ('性喜劇', 1), ('主角', 1), ('挫折', 1), ('放棄', 1), ('大人', 1), ('關卡', 1), ('七寶奇謀', 1), ('經典', 1), ('良藥', 1), ('接受', 1), ('淬鍊', 1), ('庭會', 1), ('支撐', 1), ('捨棄', 1), ('看扁', 1), ('公式', 1), ('方式', 1), ('留下', 1), ('人畜', 1), ('成員', 1), ('行為', 1), ('勾引', 1), ('撐到', 1), ('終點', 1), ('謎題', 1), ('勾起', 1), ('好奇心', 1), ('補上', 1), ('逼出', 1), ('眼淚', 1), ('寶奇謀', 1), ('聽完', 1), ('魅力', 1), ('支線', 1), ('劇情支線', 1), ('主線', 1), ('削弱', 1), ('戲劇', 1), ('效果', 1), ('找來', 1), ('派頓奧斯華', 1), ('庫梅爾南賈尼', 1), ('派頓', 1), ('製造', 1), ('笑點', 1), ('科技宅', 1), ('伊貢', 1), ('笑聲', 1), ('歷史', 1), ('回憶', 1), ('目標', 1), ('壞事', 1), ('事實是', 1), ('世代', 1), ('傻氣', 1), ('心靈', 1), ('創傷', 1), ('危機', 1), ('歷史地位', 1), ('建構', 1), ('雷根', 1), ('時代', 1)]|1.0|"《魔鬼剋星：冰天凍地》還塞進了不同劇情與更多角色 | 《魔鬼剋星：冰天凍地》比《魔鬼剋星：未來世》更像是喜劇 | 但這不是《魔鬼剋星：未來世》"
電影影評_2024-03-20_91|2024-03-20|【影評】《逃出絕命鎮》：請君入甕式的恐怖，喬丹皮爾技驚四座的導演處女作|電影影評|相較於其他黑人導演或演員，台灣人對喬丹皮爾並不陌生——不過，多半是因為流傳甚廣的「黑人二人組」搞笑短片。其實對大部分的影迷來說，喬丹皮爾初執導筒竟然是挑戰恐怖片而非喜劇，相當令人意外，更意外的是他的確繳出了不俗的成績單。《逃出絕命鎮》以僅 4500 萬美元的成本帶來全球高達 2.5 億美元的票房，大賺 5 倍，這即使是在最容易賺錢的恐怖片類型中也不多見。不只如此，由喬丹皮爾親自撰寫的《逃出絕命鎮》劇本，更在 2021 年被美國編劇工會選為「21 世紀最佳電影劇本」榜首，顯見這部片在影迷和產業間都深受喜愛。《逃出絕命鎮》妙即妙在運用恐怖片這一類型講述種族議題——而在美國，非裔族群長期遭受壓迫和蔑視的確是數一數二恐怖的事——但編導喬丹皮爾並沒有忘記，拍電影首先得說出一個好故事，觀眾才願意吸收了解那些嚴肅的社會議題。主角克里斯（丹尼爾卡盧亞飾）跟著女友來到紐約上城區度假，那裡是一個優雅體面的白人社區，居民都彬彬有禮，一切彷彿都很自然，直到他注意到有些人的神情並不一樣⋯⋯許多恐怖片都會強調原有團體遭到外來者入侵，或是佔據原先的肉體及存在帶來的恐懼，經典如《失嬰記》、《突變第三型》都算在內，而《逃出絕命鎮》有趣的是融合這些經典的要素，翻轉傳統受害者的身份，成為一種請君入甕式的恐怖。這點也讓人想起 2 年後的《仲夏魘》，同樣都是將類型片玩出新花樣的優秀之作。克里斯被扔到了拍賣會上出售他的身體，這和百年前沒什麼不同，差別只在於當年的奴隸主想要的「身體」是勞動力（或許還有性），而現代社區裡，那些看似莊重的、遮著臉的白人想要的是「身體」本身。即使林肯廢奴多年，他們仍然處在被剝削的位置，難以逃脫。這樣的難以逃脫也延伸到了電影最後，原本的結局裡，黑人克里斯會因為將白人蘿絲勒死而被逮補；在這樣的情況下克里斯要洗刷冤屈簡直是難如登天，而喬丹皮爾也打算用這個苦澀的結局再度強調種族主義的可怕之處。不過，由於當時美國警察不當執法的議題越來越受重視，加上試映會後的回饋，他決定給本片一個比較快樂的收尾。雖然熟悉社會現況的觀眾會知道，真實世界應該比較接近原本結局的樣貌，但跟著主角壓抑了一整部片，能看到他最後平安渡劫還是鬆了一大口氣。《逃出絕命鎮》氣氛營造極佳，除了所有觀眾都會印象深刻的詭異微笑女傭，真相逐漸揭露時的窒息感，和克里斯被困在意識底部的畫面表現都相當精彩，可以看出喬丹皮爾對執導電影已經有一定掌握程度，而且對於融合不同類型也得心應手。之後他再拍攝了《我們》和《不！》，都是有別於傳統套路的作品，令人非常期待他下一次的出手！|https://news.agentm.tw/275986/|https://news.agentm.tw/wp-content/uploads/未命名設計-60-390x213.png|['黑人', '導演', '演員', '台灣人', '喬丹皮爾', '黑人', '短片', '影迷', '喬丹', '皮爾', '執導', '挑戰', '恐怖片', '喜劇', '繳出', '成績單', '絕命', '成本', '帶來', '全球', '票房', '恐怖片', '類型', '喬丹皮爾', '撰寫', '絕命鎮', '劇本', '美國', '編劇', '工會選為', '電影', '劇本', '榜首', '影迷', '產業', '絕命鎮', '運用', '恐怖片', '類型', '種族', '議題', '美國', '非裔', '族群', '壓迫', '編導', '喬丹皮爾', '電影', '故事', '觀眾', '吸收', '社會', '議題', '主角', '克里斯', '丹尼爾卡盧亞', '女友', '紐約', '上城區', '體面', '白人', '社區', '居民', '神情', '怖片', '團體', '佔據', '肉體', '帶來', '經典', '嬰記》', '絕命鎮', '融合', '經典', '要素', '翻轉', '身份', '類型片', '玩出', '花樣', '克里斯', '扔到', '拍賣會', '出售', '身體', '差別', '奴隸主', '身體', '勞動力', '社區', '白人', '身體', '林肯', '剝削', '位置', '延伸到', '電影', '結局', '黑人', '克里斯', '白人', '蘿絲勒死', '情況', '克里斯', '洗刷冤', '喬丹皮爾', '結局', '族主義', '美國', '警察', '議題', '試映會', '回饋', '社會現況', '世界', '接近', '結局', '樣貌', '主角', '壓抑', '絕命鎮', '氣氛', '營造', '觀眾', '印象深刻', '女傭', '真相逐漸', '揭露', '窒息感', '克里斯', '意識', '畫面', '表現', '喬丹皮爾', '執導', '電影', '程度', '融合', '拍攝', '套路', '作品']|[('喬丹皮爾', 5), ('克里斯', 5), ('絕命鎮', 4), ('電影', 4), ('黑人', 3), ('恐怖片', 3), ('美國', 3), ('議題', 3), ('白人', 3), ('身體', 3), ('結局', 3), ('影迷', 2), ('執導', 2), ('帶來', 2), ('類型', 2), ('劇本', 2), ('觀眾', 2), ('主角', 2), ('社區', 2), ('經典', 2), ('融合', 2), ('導演', 1), ('演員', 1), ('台灣人', 1), ('短片', 1), ('喬丹', 1), ('皮爾', 1), ('挑戰', 1), ('喜劇', 1), ('繳出', 1), ('成績單', 1), ('絕命', 1), ('成本', 1), ('全球', 1), ('票房', 1), ('撰寫', 1), ('編劇', 1), ('工會選為', 1), ('榜首', 1), ('產業', 1), ('運用', 1), ('種族', 1), ('非裔', 1), ('族群', 1), ('壓迫', 1), ('編導', 1), ('故事', 1), ('吸收', 1), ('社會', 1), ('丹尼爾卡盧亞', 1), ('女友', 1), ('紐約', 1), ('上城區', 1), ('體面', 1), ('居民', 1), ('神情', 1), ('怖片', 1), ('團體', 1), ('佔據', 1), ('肉體', 1), ('嬰記》', 1), ('要素', 1), ('翻轉', 1), ('身份', 1), ('類型片', 1), ('玩出', 1), ('花樣', 1), ('扔到', 1), ('拍賣會', 1), ('出售', 1), ('差別', 1), ('奴隸主', 1), ('勞動力', 1), ('林肯', 1), ('剝削', 1), ('位置', 1), ('延伸到', 1), ('蘿絲勒死', 1), ('情況', 1), ('洗刷冤', 1), ('族主義', 1), ('警察', 1), ('試映會', 1), ('回饋', 1), ('社會現況', 1), ('世界', 1), ('接近', 1), ('樣貌', 1), ('壓抑', 1), ('氣氛', 1), ('營造', 1), ('印象深刻', 1), ('女傭', 1), ('真相逐漸', 1), ('揭露', 1), ('窒息感', 1), ('意識', 1), ('畫面', 1), ('表現', 1), ('程度', 1), ('拍攝', 1), ('套路', 1), ('作品', 1)]|0.0|"直到他注意到有些人的神情並不一樣⋯⋯許多恐怖片都會強調原有團體遭到外來者入侵 | 台灣人對喬丹皮爾並不陌生——不過 | 這樣的難以逃脫也延伸到了電影最後"
電影影評_2024-03-20_92|2024-03-20|【影評】Netflix《少女鬥惡龍》：一部低年齡取向的童話故事，還莫名蹭了《勇者鬥惡龍》的名字|電影影評|由《怪奇物語》系列女主角米莉芭比布朗擔綱主演，近日於 Netflix 上線的奇幻冒險動作片《少女鬥惡龍》，故事敘述米莉芭比布朗飾演的女主角嫁給鄰國的一位王子，本來看似美好的婚姻卻一切都是陰謀，她只是該王國為了獻給龍的祭品之一，在被丟到龍的巢穴後，她將上演一段又漫長又無聊的故事，而且這部電影有一半的時間你都看不到龍，更糟糕的是它也只有 90 分鐘左右的片長而已。內容目錄《少女鬥惡龍》身為一部奇幻動作冒險片，片長又那麼短，理論上應該會是一部可以享受到緊湊刺激的娛樂電影，劇情什麼的顯然沒時間兼顧，但偏偏《少女鬥惡龍》硬要做很長的鋪陳，開頭先放出一小段龍的影子給你看，但接下來再看到龍出現，大概已經是將近一個小時後的事情了。然而，《少女鬥惡龍》前半段的鋪陳都非常無聊，先意思意思呈現公主與王子初識的互動，但根本沒有認真描述，隨後馬上就將女主角送入虎口（也就是龍的巢穴），而當你以為正片終於展開後才發現，真正無聊的劇情才要開始⋯⋯接下來我們要看《少女鬥惡龍》女主角上演一段很冗長、且幾乎是一個人的獨角戲，女主角要在龍的巢穴中想辦法逃出生天，但既然都已經在龍的巢穴裡了，那隻龍的出場還是神神秘秘的，偶爾露個臉噴個火後就消失，這段時間女主角就是到處逃竄，在這個洞穴裡走來走去，中間的劇情完全空洞，節奏也變得相當緩慢，令人越看越不耐煩。所以，說好的鬥惡龍到底要開始了沒？電影終於又過了好一段時間後，女主角發現了這個國家與龍之間產生恩怨的秘密，而從這裡開始《少女鬥惡龍》決定不再讓龍躲在暗處了，接下來確實有滿滿與龍正面衝突的畫面，不過也不要期望有什麼真正對決的場面。這隻龍就是會講話、會噴火，然後還喜歡跟你玩躲貓貓而已，如果你想看到女主角拿著劍砍龍的畫面，我可以直接告訴你：沒有那種東西。整體來說，《少女鬥惡龍》的定位是低年齡取向，就像是迪士尼會拍的那種童話故事，最後也是那種皆大歡喜的結局。我認為場景與特效沒有什麼問題，至少有呈現出奇幻世界的氛圍，最大的問題是一些細節處理得很隨便，甚至沒什麼邏輯，加上中間節奏太拖沓，而最後的高潮戲也無法和「鬥惡龍」這三個字匹配，成為了一部相當普通的奇幻動作冒險片。大家都知道鳥山明大師近日已離開我們，所以如果你真的想鬥惡龍，你真正該接觸的是《勇者鬥惡龍》才對，不論是動畫也好、電玩也好，而不是看這部以片名來蹭《勇者鬥惡龍》的電影，就算它只有 90 分鐘，都不值得你浪費時間。|https://news.agentm.tw/275376/|https://news.agentm.tw/wp-content/uploads/3-245-390x218.jpg|['怪奇', '物語', '系列', '主角', '米莉芭比布朗', '主演', '動作片', '少女', '鬥惡龍', '故事', '米莉芭比布朗', '飾演', '主角', '嫁給', '鄰國', '王子', '婚姻', '陰謀', '王國', '祭品', '丟到', '巢穴', '故事', '電影', '時間', '片長', '內容', '目錄', '少女', '鬥惡', '動作', '冒險片', '片長', '理論', '娛樂', '電影', '劇情', '時間', '兼顧', '少女', '放出', '影子', '事情', '少女', '鬥惡龍', '鋪陳', '公主', '王子', '描述', '女主角', '巢穴', '展開', '劇情', '少女', '鬥惡龍', '女主角', '獨角戲', '主角', '巢穴', '辦法', '巢穴裡', '臉噴個火', '時間', '女主角', '洞穴', '劇情', '節奏', '鬥惡龍', '電影', '時間', '女主角', '國家', '恩怨', '秘密', '少女', '鬥惡龍', '暗處', '正面', '衝突', '畫面', '場面', '貓貓', '女主角', '砍龍', '畫面', '東西', '整體', '少女', '鬥惡龍', '定位', '年齡', '取向', '迪士尼', '童話', '故事', '結局', '特效', '問題', '世界', '氛圍', '問題', '細節', '處理', '邏輯', '節奏', '高潮戲', '鬥惡龍', '動作冒險片', '鳥山明', '大師', '離開', '鬥惡龍', '接觸', '勇者鬥惡龍', '動畫', '片名', '勇者', '鬥惡龍', '電影', '浪費', '時間']|[('鬥惡龍', 9), ('少女', 7), ('時間', 5), ('女主角', 5), ('電影', 4), ('主角', 3), ('故事', 3), ('巢穴', 3), ('劇情', 3), ('米莉芭比布朗', 2), ('王子', 2), ('片長', 2), ('節奏', 2), ('畫面', 2), ('問題', 2), ('怪奇', 1), ('物語', 1), ('系列', 1), ('主演', 1), ('動作片', 1), ('飾演', 1), ('嫁給', 1), ('鄰國', 1), ('婚姻', 1), ('陰謀', 1), ('王國', 1), ('祭品', 1), ('丟到', 1), ('內容', 1), ('目錄', 1), ('鬥惡', 1), ('動作', 1), ('冒險片', 1), ('理論', 1), ('娛樂', 1), ('兼顧', 1), ('放出', 1), ('影子', 1), ('事情', 1), ('鋪陳', 1), ('公主', 1), ('描述', 1), ('展開', 1), ('獨角戲', 1), ('辦法', 1), ('巢穴裡', 1), ('臉噴個火', 1), ('洞穴', 1), ('國家', 1), ('恩怨', 1), ('秘密', 1), ('暗處', 1), ('正面', 1), ('衝突', 1), ('場面', 1), ('貓貓', 1), ('砍龍', 1), ('東西', 1), ('整體', 1), ('定位', 1), ('年齡', 1), ('取向', 1), ('迪士尼', 1), ('童話', 1), ('結局', 1), ('特效', 1), ('世界', 1), ('氛圍', 1), ('細節', 1), ('處理', 1), ('邏輯', 1), ('高潮戲', 1), ('動作冒險片', 1), ('鳥山明', 1), ('大師', 1), ('離開', 1), ('接觸', 1), ('勇者鬥惡龍', 1), ('動畫', 1), ('片名', 1), ('勇者', 1), ('浪費', 1)]|0.0|"真正無聊的劇情才要開始⋯⋯接下來我們要看《少女鬥惡龍》女主角上演一段很冗長、且幾乎是一個人的獨角戲 | 而不是看這部以片名來蹭《勇者鬥惡龍》的電影 | 而且這部電影有一半的時間你都看不到龍"
電影影評_2024-03-19_93|2024-03-19|【影評】《救命緝約》：每個人都在瞎忙，忙到根本沒人救得了這部片|電影影評|近日上架至 Netflix 的《救命緝約》為瑞典導演塔利克薩利赫 2022 年之作品，找來《捍衛任務》、《怒火邊界》製作團隊打造。本片為克里斯潘恩繼《神力女超人 1984》後的首部作品，也是他與班佛斯特繼《赴湯蹈火》後再度合作。此外，本片卡司還有《別闖陰陽界》基佛蘇德蘭、《TÁR塔爾》妮娜霍斯、《玩命特攻：武演行動》艾迪馬森與 Netflix《恐懼大街》三部曲吉莉安賈布斯等人主演。內容目錄克里斯潘恩在片中飾演一位被迫退役的特種部隊軍人詹姆士，一夕之間破產，不僅沒了退休金，連健保也都被取消，為了繳貸款與養家糊口的他，加入秘密軍事組織，接下一項神秘的跨國暗殺任務。然而任務卻開始出差錯，他才發現自己身陷巨大陰謀，成為各幫人馬追殺的目標。為了活命的他，不得不違背契約開始逃亡，究竟契約背後隱藏著什麼秘密？孤軍奮戰的他又該如何揪出幕後主使者，讓自己活著回家？電影《救命緝約》為主演《星際爭霸戰》系列的克里斯潘恩，繼《神力女超人 1984》後的首部作品，而在這部電影之前，他上一次擔當動作片主演的作品是 2016 年的《赴湯蹈火》，有點令人好奇此次表現會不會與《傑克萊恩︰詭影任務》一樣精彩、刺激呢？或許大家可以不用太過於期待，因為從頭到尾都很像克里斯潘恩被整，即使看得出來他很認真想要進入狀況，但就跟觀眾觀看電影時的反應很像，從頭到尾都像在皺眉頭。只單單看《救命緝約》的海報，視覺上給人的第一印象就是動作片，想必不少人都以為有著很刺激的動作場面、諜對諜的懸疑元素，但《救命緝約》尷尬的點就在於它沒有找到自己的定位。電影前半段用了很大篇幅在描繪主角被迫退役後的落寞，接著帶出了主角被迫接受不被國家需要的事實之外，還要面臨養家的壓力，以及一堆貸款與待繳帳單，點出美國軍人退役的窘境，但電影也只探究到此為止。隨後整部片調性大變，突然出現神秘任務，看似懸疑又有點刺激的氛圍下，劇本在各個轉折卻實在太突然，甚至有點莫名其妙，觀眾看了也一頭霧水，完全搞不清楚現在事態為何。只見克里斯潘恩每到一個地方就一直在逃亡，一直很狼狽躲著敵人的攻擊，正當一切都看似無望時，很莫名其妙地又帶入「主角光環」的元素，讓整部片可以說是不知道在瞎忙什麼。|https://news.agentm.tw/275878/|https://news.agentm.tw/wp-content/uploads/cover-1-2518-390x219.jpg|['瑞典', '導演', '塔利克薩利赫 2022 年', '作品', '找來', '捍衛', '任務', '邊界', '製作', '團隊', '打造', '克里斯潘恩', '神力女', '超人', '作品', '班佛斯特', '卡司', '陰陽界', '基佛蘇德蘭', '塔爾', '妮娜霍斯', '玩命', '武演', '行動', '艾迪馬森', '大街', '曲吉莉', '賈布斯', '主演', '內容', '克里斯潘恩', '飾演', '軍人', '詹姆士', '退休金', '健保', '取消', '貸款', '加入', '軍事', '組織', '接下', '暗殺', '任務', '任務', '差錯', '陰謀，', '追殺', '目標', '契約', '契約', '背後', '隱藏', '秘密', '揪出', '幕後', '主使', '電影', '主演', '星際', '爭霸戰', '系列', '克里斯潘恩', '神力女', '超人', '作品', '電影', '動作片主演', '作品', '表現', '傑克萊恩', '詭影', '任務', '克里斯潘恩', '狀況', '觀眾', '觀看', '電影', '反應', '海報', '視覺', '印象', '動作片', '動作', '場面', '諜對', '元素', '找到', '定位', '電影', '篇幅', '描繪', '主角', '帶出', '主角', '接受', '國家', '事實', '壓力', '貸款', '點出', '美國軍人', '窘境', '電影', '任務', '氛圍', '劇本', '轉折', '觀眾', '事態', '克里斯潘恩', '地方', '敵人', '主角', '光環', '元素']|[('任務', 5), ('克里斯潘恩', 5), ('電影', 5), ('作品', 4), ('主角', 3), ('神力女', 2), ('超人', 2), ('主演', 2), ('貸款', 2), ('契約', 2), ('觀眾', 2), ('元素', 2), ('瑞典', 1), ('導演', 1), ('塔利克薩利赫 2022 年', 1), ('找來', 1), ('捍衛', 1), ('邊界', 1), ('製作', 1), ('團隊', 1), ('打造', 1), ('班佛斯特', 1), ('卡司', 1), ('陰陽界', 1), ('基佛蘇德蘭', 1), ('塔爾', 1), ('妮娜霍斯', 1), ('玩命', 1), ('武演', 1), ('行動', 1), ('艾迪馬森', 1), ('大街', 1), ('曲吉莉', 1), ('賈布斯', 1), ('內容', 1), ('飾演', 1), ('軍人', 1), ('詹姆士', 1), ('退休金', 1), ('健保', 1), ('取消', 1), ('加入', 1), ('軍事', 1), ('組織', 1), ('接下', 1), ('暗殺', 1), ('差錯', 1), ('陰謀，', 1), ('追殺', 1), ('目標', 1), ('背後', 1), ('隱藏', 1), ('秘密', 1), ('揪出', 1), ('幕後', 1), ('主使', 1), ('星際', 1), ('爭霸戰', 1), ('系列', 1), ('動作片主演', 1), ('表現', 1), ('傑克萊恩', 1), ('詭影', 1), ('狀況', 1), ('觀看', 1), ('反應', 1), ('海報', 1), ('視覺', 1), ('印象', 1), ('動作片', 1), ('動作', 1), ('場面', 1), ('諜對', 1), ('找到', 1), ('定位', 1), ('篇幅', 1), ('描繪', 1), ('帶出', 1), ('接受', 1), ('國家', 1), ('事實', 1), ('壓力', 1), ('點出', 1), ('美國軍人', 1), ('窘境', 1), ('氛圍', 1), ('劇本', 1), ('轉折', 1), ('事態', 1), ('地方', 1), ('敵人', 1), ('光環', 1)]|0.9999999999999328|"因為從頭到尾都很像克里斯潘恩被整 | 電影《救命緝約》為主演《星際爭霸戰》系列的克里斯潘恩 | 本片為克里斯潘恩繼《神力女超人 1984》後的首部作品"
電影影評_2024-03-19_94|2024-03-19|【影評】《極限長征》：真實故事改編，馬克華柏格與狗狗展開的一段動人冒險故事|電影影評|由馬克華柏格主演，改編自真實故事的《極限長征》，可說是馬克久違的男主角院線片，近來偏好在串流片拍喜劇的他，這次終於有機會在院線看到他。這次馬克化身為探險越野運動員麥可，描述一段自我夢想實現，以及一段與狗狗展開的意外動人冒險故事。《極限長征》或許格局不大，有些地方也不夠好，但是它很好看！內容目錄首先，《極限長征》的節奏非常快，從開頭一小段先帶出主角參與比賽鎩羽而歸，生涯從未贏得比賽的他，帶著失意的心情回歸自己平凡的生活，過了一段時間，他還是無法忘懷自己的奪冠夢，決定再參加最後一次比賽，並開始招募團隊成員，前往多明尼加共和國參加世界冠軍賽。直到比賽開始前，《極限長征》大概才經過 30 分鐘，甚至連團隊訓練的過程都沒有。電影前面節奏之快這點不免令人擔憂，會不會整部電影拍得很隨便？但實際看完後更多的是可惜，其實比賽開始後是非常好看的，比賽內容囊括慢跑、攀岩、爬山、騎車、划船等等，還是一項長達 700 公里的賽事，對於一般人來說，簡直就是在看不可能的任務。沒想到，片中有一段滑繩索的橋段還真的拍得像《不可能的任務》般，臨場感十足，令人看得狂冒冷汗，那可能是連阿湯哥都不敢玩的特技！不得不說拍得非常刺激好玩。那麼《極限長征》可惜的地方在哪？那就是這個比賽實在太有趣，或至少說，電影把它拍得很有趣，但是節奏之快卻犧牲到了這些比賽的過程長度，明明是長達 700 公里的賽事，卻跳過了好多時間軸，有許多項目都是蜻蜓點水般的呈現。不過到底為什麼節奏要這麼快？因為《極限長征》真正的主題是狗狗，它的英文片名「亞瑟王」(Arthur the King)，就是以狗狗的名字命名的，電影也在最後預留了一段專屬於狗狗的劇情線，會壓縮到比賽過程的篇幅也情有可原。不過在狗狗劇情線的部分，《極限長征》並沒有處理得很完美，在主角群與狗狗相遇之前，電影就先不時穿插一些狗狗在街上流浪的片段，但這些片段有些突兀，甚至意義不明，把這些片段刪除對整體的情感培養是沒有任何影響的。而說到情感培養，這隻狗狗在比賽過程中和主角群相識，和他們一起共患難，儘管片段不多，但《極限長征》還是能夠讓你體會到狗狗與他們的革命情感，尤其是中間狗狗還救了他們一命，可是這樣子的情感到了比賽結束後，又突然有種脫節感。我的意思是，最後狗狗因為受傷而疲憊倒下，但最後完全只有馬克一個人在照顧牠和關心牠，這種時候其他成員難道不必在場嗎？這雖然不是什麼大問題，但這種船過水無痕的脫節感，我認為還是多少影響了前面狗狗與團隊間建立起的革命情感。但整體來說當然無傷大雅，《極限長征》是真實故事改編，不論是對於失意的主角也好、岌岌可危的狗狗也好，最後都迎來了完美的快樂結局。《極限長征》是勵志片，但並非典型的說教或是主角失意後重新振作的勵志片，其重點始終放在狗狗與主角的情誼上，是一部非常優秀的小品，只要你喜歡狗狗必看，若只想找一部娛樂片放鬆一下，那也非常值得一看。最後，我想特別提及一下劉思慕的表現，本來看預告片以為他只是來插花的，沒想到卻是貫穿整片的要角，他這次演得相當棒，起初我認為他演技真的不太行，但後來看了《芭比》再到這部《極限長征》後，除了是他有進步以外，我認為劉思慕真的更適合演這種輕鬆幽默、很日常的角色。角色類型對了，整個感覺都來了，他在片中大喊「我們的一份子！」前去救援狗狗的那幕，是我看過最帥的劉思慕啊！|https://news.agentm.tw/275854/|https://news.agentm.tw/wp-content/uploads/cover-1-2517-390x219.jpg|['馬克華', '柏格', '主演', '改編', '故事', '極限', '馬克', '主角', '院線片', '串流片', '喜劇', '機會', '院線', '馬克化', '運動員', '麥可', '描述', '夢想', '實現', '狗狗', '展開', '故事', '極限', '長征', '格局', '地方', '內容', '目錄', '極限', '節奏', '帶出', '主角', '參與', '比賽', '生涯', '心情', '生活', '時間', '參加', '比賽', '招募', '團隊', '成員', '多明尼加', '共和國', '參加', '世界', '冠軍賽', '比賽', '團隊', '訓練', '過程', '電影', '節奏', '電影', '看完', '比賽', '比賽', '內容', '攀岩', '賽事', '一般', '任務', '繩索', '橋段', '拍得像', '任務', '看得', '狂冒冷汗', '阿湯哥', '特技', '極限', '地方', '比賽實', '電影', '節奏', '比賽', '過程', '長度', '賽事', '時間', '項目', '點水', '節奏', '極限', '長征', '主題', '狗狗', '英文', '片名', '亞瑟王', '狗狗', '名字', '電影', '預留', '狗狗', '劇情線', '壓縮到', '比賽', '過程', '篇幅', '狗狗', '劇情線', '極限', '處理', '主角', '狗狗', '電影', '狗狗', '片段', '片段', '意義', '片段', '刪除', '整體', '情感', '培養', '影響', '情感', '培養', '狗狗', '比賽', '過程', '主角群', '片段', '極限', '狗狗', '情感', '狗狗', '情感到', '比賽', '脫節感', '意思', '狗狗', '馬克', '照顧', '時候', '成員', '問題', '船過水無痕', '脫節感', '狗狗', '團隊', '建立起', '情感', '整體', '極限', '長征', '故事', '改編', '主角', '狗狗', '迎來', '結局', '極限', '長征', '勵志片', '主角', '勵志片', '重點', '狗狗', '主角', '情誼', '小品', '狗狗', '娛樂片', '劉思慕', '表現', '預告片', '貫穿', '要角', '演技', '芭比', '極限', '劉思慕', '角色', '角色', '類型', '感覺', '救援', '狗狗', '劉思慕']|[('狗狗', 16), ('極限', 10), ('比賽', 9), ('主角', 6), ('電影', 5), ('長征', 4), ('節奏', 4), ('過程', 4), ('片段', 4), ('情感', 4), ('故事', 3), ('團隊', 3), ('劉思慕', 3), ('改編', 2), ('馬克', 2), ('地方', 2), ('內容', 2), ('時間', 2), ('參加', 2), ('成員', 2), ('賽事', 2), ('任務', 2), ('劇情線', 2), ('整體', 2), ('培養', 2), ('脫節感', 2), ('勵志片', 2), ('角色', 2), ('馬克華', 1), ('柏格', 1), ('主演', 1), ('院線片', 1), ('串流片', 1), ('喜劇', 1), ('機會', 1), ('院線', 1), ('馬克化', 1), ('運動員', 1), ('麥可', 1), ('描述', 1), ('夢想', 1), ('實現', 1), ('展開', 1), ('格局', 1), ('目錄', 1), ('帶出', 1), ('參與', 1), ('生涯', 1), ('心情', 1), ('生活', 1), ('招募', 1), ('多明尼加', 1), ('共和國', 1), ('世界', 1), ('冠軍賽', 1), ('訓練', 1), ('看完', 1), ('攀岩', 1), ('一般', 1), ('繩索', 1), ('橋段', 1), ('拍得像', 1), ('看得', 1), ('狂冒冷汗', 1), ('阿湯哥', 1), ('特技', 1), ('比賽實', 1), ('長度', 1), ('項目', 1), ('點水', 1), ('主題', 1), ('英文', 1), ('片名', 1), ('亞瑟王', 1), ('名字', 1), ('預留', 1), ('壓縮到', 1), ('篇幅', 1), ('處理', 1), ('意義', 1), ('刪除', 1), ('影響', 1), ('主角群', 1), ('情感到', 1), ('意思', 1), ('照顧', 1), ('時候', 1), ('問題', 1), ('船過水無痕', 1), ('建立起', 1), ('迎來', 1), ('結局', 1), ('重點', 1), ('情誼', 1), ('小品', 1), ('娛樂片', 1), ('表現', 1), ('預告片', 1), ('貫穿', 1), ('要角', 1), ('演技', 1), ('芭比', 1), ('類型', 1), ('感覺', 1), ('救援', 1)]|0.9999963606420414|"因為《極限長征》真正的主題是狗狗 | 但《極限長征》還是能夠讓你體會到狗狗與他們的革命情感 | 不過在狗狗劇情線的部分"
電影影評_2024-03-18_95|2024-03-18|【影評】《雷鬼之父：音樂無國界》：比起音樂傳記片，更像是描述什麼使徒故事的宗教電影|電影影評|改編自知名歌手巴布馬利生平故事的《雷鬼之父：音樂無國界》，是一部有點奇妙的電影，它看起來是部音樂傳記片，也確實具有不少同類電影的特質，讓我們可以看到巴布馬利在演唱會上高歌的橋段，也能看到他與樂團夥伴一同相互激盪，寫出代表歌曲的過程。內容目錄但微妙的是，比起一般同類電影，《雷鬼之父：音樂無國界》卻又沒那麼強調這些段落的重要性，以及那種暢聽時代金曲的娛樂效果，就連出現的頻率也確實較少，最後則讓這部電影比起音樂來說，似乎更集中在傳記部分，也就是關於巴布馬利這個人，而非他的歌曲。然而，或許是因為巴布馬利的孩子們本身參與了《雷鬼之父：音樂無國界》的製作，所以在這部片中，觀眾可以明顯感受到劇情大多集中在巴布馬利的優點，至於他一些比較有問題，甚至是顯著缺點之處，則幾乎全被模糊以對。說真的，其實《雷鬼之父：音樂無國界》並未真的完全跳過那些情節，只是極盡淡化的程度卻也到了令人咋舌的地步。舉例來說，電影前面根本沒提到巴布馬利與他妻子其實均有外遇的情節，但在電影後半段中，他們兩人則突然開始大吵起這件事，最後則不免讓觀眾有些莫名其妙，覺得像是中間跳過了不少情節。而這樣的情況，在《雷鬼之父：音樂無國界》中不時可見，最後也導致本片幾乎可說是一部角色之間並沒有真正衝突的電影，就算他們確實有所爭執，但在電影不斷淡化主角問題的同時，也讓那些衝突總是來得莫名，就連結束也都是憑藉外力導致，並未帶來角色變化的足夠說服力，就這麼不斷強調巴布馬利的好，彷彿他天生的優點，便能消弭一切問題似的。也因為如此，比起音樂傳記片而言，《雷鬼之父：音樂無國界》給人的感覺，甚至更像一部宗教電影，與其說是在描述一名音樂巨星的故事，更接近於使徒傳奇之類的東西，不像其它同類電影會詳細描述主角努力成名的經歷，而是讓他一開始便是巨星，並懷抱超越一般人的大愛，直到後面才透過回溯方式，稍稍帶過他的成名過程。而接下來《雷鬼之父：音樂無國界》強調的情節，也就像是某些宗教電影的架構，讓巴布馬利先是因為某些陰謀而被迫遠離家鄉，在國外追逐自己音樂夢想的同時，也把追求家鄉和平的志願給暫時拋開，一直到最後，才又因為某些事件找回了原本的信仰，使其再度回到散播大愛，尋求和平的正途。也因為如此，在看《雷鬼之父：音樂無國界》的過程中，你會覺得比起人性而言，這部電影似乎更想塑造及著重巴布馬利可能擁有的神性，以充滿信仰的方式，來描述這名音樂巨星最為關鍵的數年人生，藉此強調出他的不凡之處。而這樣的狀況，再加上幾乎完全迴避真正衝突的作法，最後也使《雷鬼之父：音樂無國界》雖然並不難看，卻也缺乏足夠的高低起伏。對於十分喜歡巴布馬利的人而言，或許還能看得開心，但在對巴布馬利不熟的觀眾眼裡，則八成會覺得平平無奇，找不到太多亮點可言。純粹獻給樂迷，也獻給精神上的信徒。《雷鬼之父：音樂無國界》，大概就是這樣一部披著音樂傳記的皮，但骨子裡卻是一部宗教片般的電影吧。|https://news.agentm.tw/275820/|https://news.agentm.tw/wp-content/uploads/cover-1-2515-390x219.jpg|['改編', '歌手', '巴布馬利', '生平', '故事', '雷鬼', '音樂', '國界', '電影', '音樂', '傳記片', '電影', '特質', '布馬利', '演唱會', '高歌', '橋段', '樂團', '夥伴', '寫出', '代表', '歌曲', '過程', '內容', '目錄', '電影', '雷鬼', '音樂', '段落', '重要性', '時代', '金曲', '娛樂', '效果', '頻率', '電影', '音樂', '集中', '巴布馬利', '歌曲', '巴布馬利', '孩子', '參與', '雷鬼', '音樂', '製作', '觀眾', '劇情', '集中', '巴布馬利', '優點', '問題', '缺點', '雷鬼', '音樂', '情節', '程度', '地步', '電影', '巴布馬利', '妻子', '外遇', '情節', '電影', '吵起', '觀眾', '情節', '情況', '雷鬼', '音樂', '角色', '衝突', '電影', '爭執', '電影', '主角', '問題', '衝突', '外力', '帶來', '角色', '變化', '說服力', '巴布馬利', '優點', '消弭', '問題', '音樂', '傳記片', '雷鬼', '音樂', '感覺', '宗教', '電影', '描述', '音樂', '巨星', '故事', '接近於', '傳奇', '東西', '電影', '描述', '主角', '巨星', '懷抱', '超越', '一般', '方式', '過程', '雷鬼', '國界', '情節', '宗教', '電影', '架構', '巴布馬利', '陰謀', '家鄉', '國外', '追逐', '音樂', '夢想', '追求', '家鄉', '志願', '拋開', '事件', '找回', '信仰', '散播', '尋求', '正途', '雷鬼', '音樂', '國界', '過程', '人性', '電影', '塑造', '巴布馬利', '神性', '方式', '描述', '音樂', '巨星', '人生', '狀況', '迴避', '衝突', '作法', '雷鬼', '音樂', '國界', '巴布馬利', '布馬利', '觀眾', '找不到', '亮點', '樂迷', '精神', '信徒', '雷鬼', '音樂', '國界', '披著', '音樂', '傳記', '骨子裡', '宗教片', '電影']|[('音樂', 16), ('電影', 13), ('雷鬼', 10), ('巴布馬利', 9), ('國界', 5), ('情節', 4), ('過程', 3), ('觀眾', 3), ('問題', 3), ('衝突', 3), ('描述', 3), ('巨星', 3), ('故事', 2), ('傳記片', 2), ('布馬利', 2), ('歌曲', 2), ('集中', 2), ('優點', 2), ('角色', 2), ('主角', 2), ('宗教', 2), ('方式', 2), ('家鄉', 2), ('改編', 1), ('歌手', 1), ('生平', 1), ('特質', 1), ('演唱會', 1), ('高歌', 1), ('橋段', 1), ('樂團', 1), ('夥伴', 1), ('寫出', 1), ('代表', 1), ('內容', 1), ('目錄', 1), ('段落', 1), ('重要性', 1), ('時代', 1), ('金曲', 1), ('娛樂', 1), ('效果', 1), ('頻率', 1), ('孩子', 1), ('參與', 1), ('製作', 1), ('劇情', 1), ('缺點', 1), ('程度', 1), ('地步', 1), ('妻子', 1), ('外遇', 1), ('吵起', 1), ('情況', 1), ('爭執', 1), ('外力', 1), ('帶來', 1), ('變化', 1), ('說服力', 1), ('消弭', 1), ('感覺', 1), ('接近於', 1), ('傳奇', 1), ('東西', 1), ('懷抱', 1), ('超越', 1), ('一般', 1), ('架構', 1), ('陰謀', 1), ('國外', 1), ('追逐', 1), ('夢想', 1), ('追求', 1), ('志願', 1), ('拋開', 1), ('事件', 1), ('找回', 1), ('信仰', 1), ('散播', 1), ('尋求', 1), ('正途', 1), ('人性', 1), ('塑造', 1), ('神性', 1), ('人生', 1), ('狀況', 1), ('迴避', 1), ('作法', 1), ('找不到', 1), ('亮點', 1), ('樂迷', 1), ('精神', 1), ('信徒', 1), ('披著', 1), ('傳記', 1), ('骨子裡', 1), ('宗教片', 1)]|0.9996753814589168|"最後也使《雷鬼之父：音樂無國界》雖然並不難看 | 最後則讓這部電影比起音樂來說 | 在《雷鬼之父：音樂無國界》中不時可見"
電影影評_2024-03-16_96|2024-03-16|【影評】《法庭遊戲》：如何舉證「冤罪」與「無罪」？推理不多，氛圍比劇情重要|電影影評|提到「法庭」，CAPCOM 2001 年的法庭辯論冒險遊戲《逆轉裁判》可謂紅遍大街小巷，系列作出不停，還有動漫、真人影劇、舞台劇等改編作，對日本各界作品有或多或少的影響；而日本對於「學生」（常為國、高中生）這個擁有無限發展空間的族群，有說不清是愛還是恨的迷戀，總愛將他們放入各種題材考驗人性。日本小說家宮部美幸 2002 年開始刊載、2012 年出版的《所羅門的偽證》便是將審判與校園結合的經典推理小說。因此，雖然各國都有律政影劇，個人覺得日本更是情有獨鍾，尤其是非正規的開庭私判，就我所知的遊戲《槍彈辯駁系列》、《愛莉絲的精神審判》等。《法庭遊戲》改編日本小說家五十嵐律人的同名小說，則是結合校園開庭私判與社會正規律政的法庭懸疑電影。光聽就覺得需要長篇大論的題材，真有辦法靠一部電影就能演完嗎？內容目錄法律系學生久我清義（永瀨廉 飾）與織本美鈴（杉咲花 飾），收到不明信件告發他們隱藏的「罪行」，清義尋求系上的天才──結城馨（北村匠海 飾）開庭「無辜遊戲」抓出犯人，卻發現背後另有指使者。至此，陸續發生跟蹤、破壞等事件，直到兩人步入社會，某日收到結城馨的通知，將舉行最後一次「無辜遊戲」……圍繞三人的真相、不斷翻轉的證據，幕後凶手究竟是誰？前面提到《逆轉裁判》、《所羅門的偽證》，你可能也看過《王牌大律師》或是《99.9 不可能的翻案》，無論是開庭喊「異議あり！」（我有異議！），還是一群學生煞有其事的相互指控和辯駁，《法庭遊戲》都有，但是不多。《法庭遊戲》乍看是本格推理電影，有死者、有嫌犯、有第一目擊證人還兼律師，不過整體而言，推理、搜證、辯護等要素並不著重，疑點簡單就能看穿，真相也不是由清義推論，而是直接公布──在庭上公開、用回憶解答。與其說推理片，是部敘述故事時晚點給答案的劇情片。《法庭遊戲》有趣的不在追尋真相的過程，而是對「冤罪」和「無罪」的論點。史上第一位畢業前便通過司法考試的資優生結城馨，在課堂上回答教授的內容大致如下：教授：「冤罪和無罪的差別是什麼？」結城馨：「冤罪只有老天才知道。即使被判死刑，冤罪的事實也不會被推翻，其中也包含判罰過重的狀況。」教授：「那無罪呢？」結城馨：「只是檢察官舉證不足的結果。」同學們笑了，結城馨維持一臉撲克。「冤罪」和「無罪」將過去、現在與未來串連起來，對應到後半劇情一直到結局，才會顯現這段對話的含意，以及結城馨當下抱持的心情。《法庭遊戲》說不上本格推理，但無疑是部本格日本電影。比起高潮迭起的轉折，更多是傾聽內心聲音般的靜謐氛圍，猶如山林中的一池湖水，即便風兒颳過引起樹林沙沙、湖面漣渏，一切還是安靜的……好啦，一時不知怎麼說明，形容得很假掰，如果你常看日本電影應該懂我意思；如果你嫌日本電影沉悶緩慢，應該更能想像那種風格。在慢步調地推動劇情之下，片中許多行動缺少合理的解釋，例如在當年的「案件」中，結城馨為何沒說出親眼見到的實情？為何幕後黑手要接近清義成為好友？有很多方式可以逼美玲在眾人面前說出真相，一定要透過「無辜遊戲」的理由是什麼？少了說明多了裝模作樣。也許這些得從原作才能知曉。壓迎的節奏氛圍，讓飾演久我清義和結城馨的角色發揮實在有限，唯獨飾演織本美鈴的杉咲花能從對清義的偏心裡詮飾出一些細節變化。全片最大的情緒波動也在美鈴身上，不同形象的反差之間做到唯一將人設立體化的目的。拋去個人對杉咲花的欣賞，美玲本身仍然是本作最有故事性、疑點最多、真正瞞住實情的人，也是《法庭遊戲》少有能引起波瀾的看點。|https://news.agentm.tw/275619/|https://news.agentm.tw/wp-content/uploads/cover-1-2509-390x219.jpg|['法庭', '法庭', '遊戲', '裁判', '大街小巷', '系列', '作出', '真人影劇', '舞台劇', '改編作', '日本', '各界', '作品', '影響', '日本', '學生', '高中生', '發展', '空間', '族群', '放入', '題材', '考驗', '人性', '日本', '小說', '宮部美幸', '刊載', '出版', '所羅門', '偽證', '審判', '校園', '經典', '推理', '小說', '政影劇', '日本', '遊戲', '彈辯駁', '系列', '愛莉絲', '精神', '審判', '法庭', '遊戲', '改編', '小說家', '嵐律人', '小說', '校園', '社會', '律政', '法庭', '電影', '題材', '辦法', '電影', '內容', '目錄', '法律系', '學生', '永瀨廉 飾', '織本美鈴', '杉咲花 飾', '收到', '告發', '隱藏', '罪行', '清義尋求', '天才', '結城馨', '北村匠海 飾', '遊戲', '抓出', '犯人', '背後', '指使', '跟蹤', '破壞', '事件', '社會', '收到', '結城馨', '通知', '舉行', '遊戲', '圍繞', '真相', '凶手', '裁判', '所羅門', '偽證', '王牌', '律師', '異議', '異議', '學生', '指控', '法庭', '遊戲', '法庭', '遊戲', '乍看', '本格', '推理', '電影', '嫌犯', '目擊證人', '律師', '整體', '推理', '搜證', '要素', '疑點', '真相', '清義', '解答', '推理片', '故事', '答案', '劇情片', '法庭', '遊戲', '真相', '過程', '論點', '通過', '法考試', '優生', '結城馨', '課堂上', '教授', '內容', '教授', '冤罪', '差別', '冤罪', '老天', '死刑', '冤罪', '事實', '推翻', '狀況', '教授', '結城馨', '檢察', '結果', '同學', '結城馨', '撲克', '冤罪', '對應到', '劇情一', '結局', '含意', '結城馨', '心情', '法庭遊戲', '本格推理', '日本', '電影', '轉折', '傾聽', '內心', '聲音', '氛圍', '山林', '湖水', '風兒', '引起', '樹林', '沙沙', '湖面', '漣渏', '……', '日本', '電影', '意思', '日本', '電影', '風格', '推動', '劇情', '行動', '解釋', '案件', '結城馨', '實情', '幕後', '黑手', '接近', '清義', '好友', '方式', '美玲', '眾人面', '真相', '遊戲', '理由', '模作樣', '原作', '壓迎', '節奏', '氛圍', '角色', '杉咲花', '心裡', '詮飾出', '細節', '變化', '情緒', '美鈴', '形象', '設立體化', '目的', '拋去', '杉咲花', '美玲', '本作', '故事性', '疑點', '瞞住', '實情', '法庭', '遊戲', '引起', '波瀾']|[('遊戲', 10), ('法庭', 8), ('日本', 7), ('結城馨', 7), ('電影', 6), ('真相', 4), ('冤罪', 4), ('學生', 3), ('小說', 3), ('推理', 3), ('教授', 3), ('裁判', 2), ('系列', 2), ('題材', 2), ('所羅門', 2), ('偽證', 2), ('審判', 2), ('校園', 2), ('社會', 2), ('內容', 2), ('收到', 2), ('律師', 2), ('異議', 2), ('疑點', 2), ('清義', 2), ('氛圍', 2), ('引起', 2), ('實情', 2), ('美玲', 2), ('杉咲花', 2), ('大街小巷', 1), ('作出', 1), ('真人影劇', 1), ('舞台劇', 1), ('改編作', 1), ('各界', 1), ('作品', 1), ('影響', 1), ('高中生', 1), ('發展', 1), ('空間', 1), ('族群', 1), ('放入', 1), ('考驗', 1), ('人性', 1), ('宮部美幸', 1), ('刊載', 1), ('出版', 1), ('經典', 1), ('政影劇', 1), ('彈辯駁', 1), ('愛莉絲', 1), ('精神', 1), ('改編', 1), ('小說家', 1), ('嵐律人', 1), ('律政', 1), ('辦法', 1), ('目錄', 1), ('法律系', 1), ('永瀨廉 飾', 1), ('織本美鈴', 1), ('杉咲花 飾', 1), ('告發', 1), ('隱藏', 1), ('罪行', 1), ('清義尋求', 1), ('天才', 1), ('北村匠海 飾', 1), ('抓出', 1), ('犯人', 1), ('背後', 1), ('指使', 1), ('跟蹤', 1), ('破壞', 1), ('事件', 1), ('通知', 1), ('舉行', 1), ('圍繞', 1), ('凶手', 1), ('王牌', 1), ('指控', 1), ('乍看', 1), ('本格', 1), ('嫌犯', 1), ('目擊證人', 1), ('整體', 1), ('搜證', 1), ('要素', 1), ('解答', 1), ('推理片', 1), ('故事', 1), ('答案', 1), ('劇情片', 1), ('過程', 1), ('論點', 1), ('通過', 1), ('法考試', 1), ('優生', 1), ('課堂上', 1), ('差別', 1), ('老天', 1), ('死刑', 1), ('事實', 1), ('推翻', 1), ('狀況', 1), ('檢察', 1), ('結果', 1), ('同學', 1), ('撲克', 1), ('對應到', 1), ('劇情一', 1), ('結局', 1), ('含意', 1), ('心情', 1), ('法庭遊戲', 1), ('本格推理', 1), ('轉折', 1), ('傾聽', 1), ('內心', 1), ('聲音', 1), ('山林', 1), ('湖水', 1), ('風兒', 1), ('樹林', 1), ('沙沙', 1), ('湖面', 1), ('漣渏', 1), ('……', 1), ('意思', 1), ('風格', 1), ('推動', 1), ('劇情', 1), ('行動', 1), ('解釋', 1), ('案件', 1), ('幕後', 1), ('黑手', 1), ('接近', 1), ('好友', 1), ('方式', 1), ('眾人面', 1), ('理由', 1), ('模作樣', 1), ('原作', 1), ('壓迎', 1), ('節奏', 1), ('角色', 1), ('心裡', 1), ('詮飾出', 1), ('細節', 1), ('變化', 1), ('情緒', 1), ('美鈴', 1), ('形象', 1), ('設立體化', 1), ('目的', 1), ('拋去', 1), ('本作', 1), ('故事性', 1), ('瞞住', 1), ('波瀾', 1)]|5.184741524999481e-13|"《法庭遊戲》說不上本格推理 | 《法庭遊戲》乍看是本格推理電影 | 清義尋求系上的天才──結城馨（北村匠海 飾）開庭「無辜遊戲」抓出犯人"
電影影評_2024-03-15_97|2024-03-15|Netflix 紀錄片《那夜，金曲不朽》: 音樂史上最不可能的任務之一，〈四海一家〉背後的奇蹟一夜|電影影評|做一首歌，不是那麼容易的事。做一首傳世永恆的金曲，邀請當代最紅的歌手，大家聚在一起製作一首歌，更是千載難逢……而如果我們把難度再提昇一點，在十個小時內要讓大家錄完這首歌，那似乎是天方夜譚。《那夜，金曲不朽》(The Greatest Night in Pop) 紀錄了這驚人的十小時，麥可傑克森、巴布狄倫、布魯斯史普林斯汀等一流大咖共聚一堂，他們要在時限內搞定這首〈四海一家〉(We Are the World)，《那夜，金曲不朽》展現這神奇一夜的混亂、與風華絕代的八〇年代美國音樂界風景。內容目錄《那夜，金曲不朽》。〈四海一家〉是不是史上最偉大的歌曲？見仁見智，但從很多角度看來，它都超越了「偉大」這個詞，成為獨一無二的存在。其中一個原因，就是這樣的組合不曾再出現在歷史上，而類似的群星大合唱歌曲，也很難像〈四海一家〉這麼成功。〈四海一家〉賣出超過兩千萬張；它被許多國家地區的歌手翻唱；它有當時最紅的非裔美籍歌手參加演唱，而不像其他例子是由全白人歌手參加。而最重要的是，八〇年代美國音樂界真正是眾星雲集，這個美國音樂史上最驕傲的時期，讓〈四海一家〉更加鋒頭無兩。《那夜，金曲不朽》。但巨星在一起製作音樂，明顯會大量發生各種瑜亮情結。例如：麥可傑克森當時與王子 (Prince) 方方面面爭高下，他們在當年的全美音樂獎拼得火爆激烈（王子是贏者全拿），他們還會願意肩並肩一起合唱嗎？但王子卻覺得〈四海一家〉「糟透了」(horrible)，他稱呼這群明星「他們都是狗娘養的」。而當製作人萊諾李奇在電話上懇求他，大家都在等他到場時，王子還說「可以讓我自己在別的房間彈吉他獨奏嗎？」《那夜，金曲不朽》站在麥可傑克森旁的巴布狄倫一直很尷尬。王子是個特例，王子永遠都是特例，但他不是唯一的麻煩。《那夜，金曲不朽》要聊這首歌〈四海一家〉，重點卻不是放在樂律起伏或歌手如何詮釋它，而是從製作契機、籌備過程到錄音過程的所有幕後故事，而距離〈四海一家〉完成的每一步都是麻煩。就拿「選角」而言，該選擇邀請辛蒂露波還是瑪丹娜？這會是歌迷可以爭吵一百年的樂壇公案。該如何讓所有檔期滿滿的巨星們，在某一個時間點一起進錄音室錄音？這是比《倉庫番》還困難的排列組合問題。《那夜，金曲不朽》。所以，即便你壓根沒聽過〈四海一家〉，也不妨礙你欣賞《那夜，金曲不朽》。因為這些〈四海一家〉的幕後麻煩已經夠高潮迭起，充滿各種類型電影裡常見的奸險危難──而且這些都是真實發生的狀況。時間是最大的反派，壓迫著萊諾李奇與麥可傑克森在一週裡寫好〈四海一家〉，趕在下週全美音樂獎前完成；而萊諾卻正是下週直播的全美音樂獎典禮主持人，他還要進行主持準備……然後在巨星雲集的典禮結束後深夜，領軍這群隔天就要飛向各地的巨星，在錄音室搞定〈四海一家〉。然後正在麥可傑克森家揮汗寫歌的萊諾，看到麥可養的大蛇出現在唱片櫃上。萊諾嚇得當場落跑，他說「我看過這種恐怖片，黑人的下場通常不是太好。」《那夜，金曲不朽》萊諾李奇。《那夜，金曲不朽》有各種壓力造成的危機驚悚，而在極限狀態下的人類會搞出各式各樣的笑點。這部紀錄片是充滿娛樂效果的，它有時像《瞞天過海》，有時像《螢光幕後》，萊諾撞大蛇當然像是《飛機上有蛇》，有些時候甚至像是《冰與火之歌：權力遊戲》──去掉砍頭與露點的部份。像是如果你第一個就邀請天皇巨星史蒂夫汪達 (Stevie Wonder) 加入計畫，但他卻已讀不回；而當大家已經寫完詞曲，他卻又突然出現，還以為自己可以一起寫歌……那怎麼辦？你要如何對汪達說不？問他為何已讀不回？巨星之所以成為巨星，是因為他們創出了純屬個人的風格，所以巨星會「王不見王」是很正常的一件事，因為我已經窮盡一生跟別人不同調，又為什麼要在此時與另一個巨星琴瑟和鳴？那麼，為什麼〈四海一家〉會成功誕生？《那夜，金曲不朽》揭露了部份原因：因為八〇年代美國音樂界是一個如此緊密的圈圈。像是，萊諾李奇與麥可傑克森，原本分別是海軍准將合唱團 (The Commodores) 與傑克森五人組 (The Jackson 5) 的主唱，這兩個樂團都屬摩城唱片 (Motown Records) 旗下，他們原本於公於私就是好友，現在一起創作音樂是合情合理。萊諾李奇與麥可傑克森。《那夜，金曲不朽》甚至可以在各種管理學課堂上放映，或是所有活動策展人都應該看，因為舉辦任何大型活動都會遇上〈四海一家〉遇過的問題，而管理這群大明星更不能只需要運氣，還需要一套哲學、很多隨機應變、與願意扛起責任的肩膀。《那夜，金曲不朽》。錄製〈四海一家〉的錄音室門上貼著一張告示：「把自負留在門外。」它要求巨星們放下成見攜手合作。但這怎麼可能，自負永遠不會離開。當然《那夜，金曲不朽》有很多勾心鬥角的小趣事，但更有趣的是，其實很多我們以為遙不可及的巨星，只是用自負來掩蓋他們的不安。有創意做出一張張金曲的巨星，必然是情感敏銳之人，甚至是社恐之人。而他們在錄音室的反應，像是「第一天上幼兒園」一樣焦慮又害羞：辛蒂露波狂抽菸、巴布狄倫雙手緊握不跟人交談。但他們都為了拯救非洲貧窮而來，這讓他們最終達到一心同體的境界。《那夜，金曲不朽》「工人皇帝」布魯斯史普林斯汀。跨越這些製作過程的困難很不容易，但更不容易的是，所有人都為了同一個目標而努力。這張單曲沒有為這些巨星的事業帶來太多幫助，有些人後來很快就消失在公眾視野。但在那個晚上，他們都相信自己最終將被放在一張七吋黑膠或是一捲錄音帶上的努力，能夠讓另一個大陸上的人民過得更好。有些巨星能有獨唱橋段，有些沒有，但當 47 位歌神歌后一起合唱「We are the world」時，這群星光都匯聚成一道更強的光線，如同歌詞「We are the ones who make a brighter day」寫得那樣。《那夜，金曲不朽》已上架 Netflix。|https://news.agentm.tw/275739/|https://news.agentm.tw/wp-content/uploads/The_Greatest_Night_In_Pop_A2021_2_4_462-390x220.jpeg|['金曲', '邀請', '歌手', '製作', '難度', '提昇', '小時', '天方夜譚', '金曲不朽', '紀錄', '小時', '麥可傑克森', '巴布狄倫', '布魯斯史普林斯汀', '時限', '搞定', '四海', '金曲', '展現', '風華絕代', '美國', '音樂界', '風景', '內容', '目錄', '金曲不朽', '四海', '史上', '歌曲', '角度', '超越', '原因', '組合', '歷史', '群星大合唱', '歌曲', '四海', '四海', '國家', '地區', '歌手', '翻唱', '美籍', '歌手', '參加', '演唱', '例子', '歌手', '參加', '美國', '音樂界', '星雲集', '美國', '音樂', '時期', '四海一家', '鋒頭無兩', '巨星', '製作', '音樂', '情結', '麥可傑克森', '王子', '爭高', '全美', '音樂獎', '王子', '合唱', '王子', '四海', '明星', '狗娘養', '製作人', '萊諾李奇', '電話', '王子', '房間', '吉他', '獨奏', '金曲不朽', '麥可傑克森', '巴布狄倫', '王子', '特例', '王子', '特例', '麻煩', '金曲', '四海', '重點', '樂律起伏', '歌手', '詮釋', '契機', '過程', '幕後', '故事', '四海一家', '完成', '麻煩', '選角', '選擇', '邀請', '辛蒂露波', '瑪丹娜', '歌迷', '樂壇', '公案', '檔期滿滿', '巨星', '錄音室', '倉庫番', '排列', '組合', '問題', '金曲不朽》', '四海一家', '妨礙', '金曲不朽', '四海一家', '麻煩', '類型', '電影', '危難', '狀況', '反派', '壓迫', '萊諾李奇', '麥可傑克森', '寫好', '四海', '全美', '音樂獎', '完成', '萊諾', '全美', '音樂獎', '典禮', '主持人', '進行', '主持', '準備', '巨星', '典禮', '巨星', '錄音室', '搞定', '四海', '麥可傑克森', '寫歌', '萊諾', '麥可養', '唱片櫃', '萊諾', '恐怖片', '黑人', '金曲', '萊諾李奇', '金曲不朽', '壓力', '危機', '極限', '狀態', '人類', '搞出', '笑點', '紀錄片', '娛樂', '效果', '光幕', '萊諾撞', '飛機', '時候', '權力', '遊戲', '砍頭', '露點', '天皇', '巨星', '史蒂夫汪達 ', '計畫', '寫完', '詞曲', '寫歌', '汪達', '巨星', '巨星', '創出', '風格', '巨星', '王不', '巨星', '琴瑟和鳴？', '四海一家', '金曲不朽', '揭露', '原因', '美國', '音樂界', '圈圈', '萊諾李奇', '麥可傑克森', '海軍', '合唱團', '傑克森', '五人組', '主唱', '樂團', '摩城', '唱片', '旗下', '私就', '好友', '創作', '音樂', '萊諾李奇', '麥可傑克森', '金曲', '管理學', '課堂', '放映', '活動', '策展人', '舉辦', '活動', '遇上', '四海一家', '問題', '管理', '明星', '運氣', '哲學', '責任', '肩膀', '金曲不朽', '錄製', '四海', '錄音室', '告示', '門外', '巨星', '放下', '成見', '離開', '金曲不朽', '勾心鬥角', '趣事', '巨星', '掩蓋', '創意', '做出', '金曲', '巨星', '情感', '社恐', '錄音室', '反應', '兒園', '辛蒂露', '巴布狄倫', '雙手', '緊握', '拯救', '非洲', '境界', '金曲', '工人', '皇帝', '布魯斯史', '普林', '斯汀', '製作', '過程', '困難', '所有', '目標', '單曲', '巨星', '事業', '帶來', '幫助', '公眾', '視野', '黑膠', '錄音帶', '大陸', '人民', '巨星', '獨唱', '橋段', '神歌后', '合唱', '星光', '光線', '歌詞', '金曲不朽》']|[('巨星', 14), ('四海', 9), ('金曲不朽', 8), ('金曲', 7), ('麥可傑克森', 7), ('四海一家', 6), ('王子', 6), ('歌手', 5), ('萊諾李奇', 5), ('美國', 4), ('錄音室', 4), ('製作', 3), ('巴布狄倫', 3), ('音樂界', 3), ('音樂', 3), ('全美', 3), ('音樂獎', 3), ('麻煩', 3), ('萊諾', 3), ('邀請', 2), ('小時', 2), ('搞定', 2), ('歌曲', 2), ('原因', 2), ('組合', 2), ('參加', 2), ('合唱', 2), ('明星', 2), ('特例', 2), ('過程', 2), ('完成', 2), ('問題', 2), ('金曲不朽》', 2), ('典禮', 2), ('寫歌', 2), ('活動', 2), ('難度', 1), ('提昇', 1), ('天方夜譚', 1), ('紀錄', 1), ('布魯斯史普林斯汀', 1), ('時限', 1), ('展現', 1), ('風華絕代', 1), ('風景', 1), ('內容', 1), ('目錄', 1), ('史上', 1), ('角度', 1), ('超越', 1), ('歷史', 1), ('群星大合唱', 1), ('國家', 1), ('地區', 1), ('翻唱', 1), ('美籍', 1), ('演唱', 1), ('例子', 1), ('星雲集', 1), ('時期', 1), ('鋒頭無兩', 1), ('情結', 1), ('爭高', 1), ('狗娘養', 1), ('製作人', 1), ('電話', 1), ('房間', 1), ('吉他', 1), ('獨奏', 1), ('重點', 1), ('樂律起伏', 1), ('詮釋', 1), ('契機', 1), ('幕後', 1), ('故事', 1), ('選角', 1), ('選擇', 1), ('辛蒂露波', 1), ('瑪丹娜', 1), ('歌迷', 1), ('樂壇', 1), ('公案', 1), ('檔期滿滿', 1), ('倉庫番', 1), ('排列', 1), ('妨礙', 1), ('類型', 1), ('電影', 1), ('危難', 1), ('狀況', 1), ('反派', 1), ('壓迫', 1), ('寫好', 1), ('主持人', 1), ('進行', 1), ('主持', 1), ('準備', 1), ('麥可養', 1), ('唱片櫃', 1), ('恐怖片', 1), ('黑人', 1), ('壓力', 1), ('危機', 1), ('極限', 1), ('狀態', 1), ('人類', 1), ('搞出', 1), ('笑點', 1), ('紀錄片', 1), ('娛樂', 1), ('效果', 1), ('光幕', 1), ('萊諾撞', 1), ('飛機', 1), ('時候', 1), ('權力', 1), ('遊戲', 1), ('砍頭', 1), ('露點', 1), ('天皇', 1), ('史蒂夫汪達 ', 1), ('計畫', 1), ('寫完', 1), ('詞曲', 1), ('汪達', 1), ('創出', 1), ('風格', 1), ('王不', 1), ('琴瑟和鳴？', 1), ('揭露', 1), ('圈圈', 1), ('海軍', 1), ('合唱團', 1), ('傑克森', 1), ('五人組', 1), ('主唱', 1), ('樂團', 1), ('摩城', 1), ('唱片', 1), ('旗下', 1), ('私就', 1), ('好友', 1), ('創作', 1), ('管理學', 1), ('課堂', 1), ('放映', 1), ('策展人', 1), ('舉辦', 1), ('遇上', 1), ('管理', 1), ('運氣', 1), ('哲學', 1), ('責任', 1), ('肩膀', 1), ('錄製', 1), ('告示', 1), ('門外', 1), ('放下', 1), ('成見', 1), ('離開', 1), ('勾心鬥角', 1), ('趣事', 1), ('掩蓋', 1), ('創意', 1), ('做出', 1), ('情感', 1), ('社恐', 1), ('反應', 1), ('兒園', 1), ('辛蒂露', 1), ('雙手', 1), ('緊握', 1), ('拯救', 1), ('非洲', 1), ('境界', 1), ('工人', 1), ('皇帝', 1), ('布魯斯史', 1), ('普林', 1), ('斯汀', 1), ('困難', 1), ('所有', 1), ('目標', 1), ('單曲', 1), ('事業', 1), ('帶來', 1), ('幫助', 1), ('公眾', 1), ('視野', 1), ('黑膠', 1), ('錄音帶', 1), ('大陸', 1), ('人民', 1), ('獨唱', 1), ('橋段', 1), ('神歌后', 1), ('星光', 1), ('光線', 1), ('歌詞', 1)]|1.5719747159526065e-07|"金曲不朽》要聊這首歌〈四海一家〉 | 〈四海一家〉是不是史上最偉大的歌曲 | 在十個小時內要讓大家錄完這首歌"
電影專題/電影背後_2024-03-22_98|2024-03-22|【劇情放大鏡】《青春18×2通往有你的旅程》：電影有哪些日本人憧憬的台灣文化？又有多少台灣人嚮往的日本風情？|電影專題|近期最夯的台日合作愛情電影《青春 18×2 通往有你的旅程》（本文簡稱：《青春18×2》）由許光漢及清原果耶主演，引發一波觀影熱潮，而在主角兩人相處的過程中，其實蘊藏著不同的台日文化視角，以下就來看看筆者的分析！※以下有雷※內容目錄18 年前南台灣的夏天，剛考完大學的 Jimmy 在打工的地方遇見來自日本的背包客 Ami。丟了錢包的 Ami 為了籌措旅費前來應徵打工，Jimmy 則被老闆指派照顧 Ami，帶她騎機車夜遊、逛夜市、看電影。朝夕相處下，一段若有似無的曖昧萌芽，然而 Ami 卻突然要回日本。離開前，兩人約好「來日本一定要來看我」。18 年後，Jimmy 偶然翻到當年 Ami 寄來的明信片。過往回憶湧上心頭，Jimmy 決定去趟日本。究竟兩人能否在 Ami 的故鄉重逢呢？台灣的拍攝地集中在南台灣，日本的拍攝地則是集中在關東一帶。江之島電鐵（圖片取自江之電官 X）位在鎌倉的江之島電鐵因為《灌籃高手》成為熱門的觀光景點。江之島電鐵是從神奈川的藤澤站經過江之島，沿著海邊一路延伸到鎌倉站，暱稱「江之電」。沿途的海景是江之電的最大特色。另外，腰越站到江之島站的區段是在市街行走，讓江之電常被誤會是路面電車。松本城（筆者攝）Jimmy在長野遇見一位在日開餐廳的台灣人（張孝全 飾），兩人一起散步的地方是日本現存 12 座天守之一的國寶「松本城」。白天黑色外牆襯著遠方阿爾卑斯山的壯麗，或是入夜打燈後倒映在護城河上的雙城，吸引世界各國的觀光客前來欣賞。飯山線（圖片取自官方臉書）單獨旅行的 Jimmy 在飯山線的電車上遇到開朗的小男生幸次。飯山線連結長野縣長野市的豐後站和新潟縣長岡市的越後川口站，沿途經過多處豪雪地區、溫泉地、滑雪場。由於這條線路是在山間行走，夏日大雨會有土石災害、冬日大雪會有雪崩等的可能性。其中的森宮野原站，曾在 1945 年 2 月創下 7 公尺 85 公分的積雪紀錄。只見線（筆者攝）只見線連接福島會津地區與新潟的魚沼地區。從奧會津至新潟沿途都是豪雪地帶，人煙稀少，車窗外幾乎都是壯闊的自然美景。只見線一年四季各有特色，以秋天滿山火紅的楓葉與冬天靜謐的雪景最為人知。橫跨只見川的第一只見川橋梁，在天時地利下可拍出完美倒影，是不少攝影玩家必去之地。新潟津南雪祭（圖片取自官方臉書）新潟的津南雪祭至今已有近半世紀的歷史，最初是基於鄉土愛而生的冬日祭典。2012 年為了東日本大震災的鎮魂祈願，加入天燈儀式。在寂靜的雪地裡施放天燈，充滿幻想氛圍的美景現在已成祭典裡最受歡迎的活動。隅田川（圖片取自官方臉書）Jimmy 走訪的櫻花河岸是位在東京都淺草旁的隅田川。據說在江戶幕府第四代將軍德川家綱的命令下，隅田川旁開始種植櫻花，1717 年第八代將軍德川吉宗加種 100 株。現在，河川兩岸一側有 300 株、一側有 600 株櫻花，從淺草站起延綿約 1 公里，是東京極具人氣的賞櫻景點。|https://news.agentm.tw/276060/|https://news.agentm.tw/wp-content/uploads/未命名設計-64-390x213.png|['台日', '愛情', '電影', '青春', '旅程', '本文', '青春', '許光漢', '主演', '引發', '熱潮', '主角', '過程', '台日', '文化', '視角', '看看', '分析', '內容', '目錄', '台灣', '考完', '大學', '地方', '遇見', '日本', '背包客', '籌措', '旅費', '應徵', '老闆', '照顧', '機車', '夜市', '日本', '離開', '日本', '翻到', '明信片', '心頭', '日本', '故鄉重逢呢', '台灣', '拍攝地', '台灣', '日本', '拍攝地', '集中', '關東', '江之島電鐵', '圖片', '電官', '鎌倉', '江之島電鐵', '高手', '景點', '島電鐵', '神奈川', '藤澤站經', '江之', '海邊', '延伸', '鎌倉站', '江之電', '沿途', '景是', '江之電', '特色', '腰越站', '江之', '島站', '區段是', '江之電', '路面電車', '長野', '遇見', '餐廳', '台灣人', '張孝全', '地方', '日本', '現存', '天守', '國寶', '松本城', '黑色', '遠方', '阿爾卑斯山', '護城河', '雙城', '世界', '觀光客', '飯山線', '圖片', '官方', '臉書', '飯山線', '電車', '遇到', '男生', '幸次', '飯山線', '連結', '長野縣', '長野市', '豐後站', '新潟縣', '岡市的', '越後', '川口站', '沿途', '豪雪', '地區', '溫泉地', '滑雪場', '線路', '大雨', '土石', '災害', '可能性', '森宮野', '原站', '創下', '積雪紀錄', '福島', '會津', '地區', '新潟', '魚沼', '地區', '奧會津', '新潟', '沿途', '豪雪', '地帶', '車窗', '自然', '美景', '特色', '火紅', '楓葉', '人知', '天時地利下', '拍出', '攝影', '玩家必去之地', '新潟', '津南', '雪祭', '圖片', '官方', '臉書', '新潟', '雪祭', '世紀', '歷史', '鄉土愛', '東日本', '震災', '鎮魂祈願', '加入', '天燈', '儀式', '雪地', '施放', '天燈', '氛圍', '美景', '祭典', '活動', '隅田川', '圖片', '官方', '臉書', '櫻花', '河岸', '東京都', '隅田川', '江戶幕府第四', '將軍', '德川家綱', '命令', '隅田川', '種植', '櫻花', '將軍', '德川吉宗', '加種', '河川', '兩岸', ' 300 ', '櫻花', '延綿', '東京', '人氣', '賞櫻', '景點']|[('日本', 6), ('圖片', 4), ('新潟', 4), ('台灣', 3), ('江之電', 3), ('沿途', 3), ('飯山線', 3), ('官方', 3), ('臉書', 3), ('地區', 3), ('隅田川', 3), ('櫻花', 3), ('台日', 2), ('青春', 2), ('地方', 2), ('遇見', 2), ('拍攝地', 2), ('江之島電鐵', 2), ('景點', 2), ('江之', 2), ('特色', 2), ('豪雪', 2), ('美景', 2), ('雪祭', 2), ('天燈', 2), ('將軍', 2), ('愛情', 1), ('電影', 1), ('旅程', 1), ('本文', 1), ('許光漢', 1), ('主演', 1), ('引發', 1), ('熱潮', 1), ('主角', 1), ('過程', 1), ('文化', 1), ('視角', 1), ('看看', 1), ('分析', 1), ('內容', 1), ('目錄', 1), ('考完', 1), ('大學', 1), ('背包客', 1), ('籌措', 1), ('旅費', 1), ('應徵', 1), ('老闆', 1), ('照顧', 1), ('機車', 1), ('夜市', 1), ('離開', 1), ('翻到', 1), ('明信片', 1), ('心頭', 1), ('故鄉重逢呢', 1), ('集中', 1), ('關東', 1), ('電官', 1), ('鎌倉', 1), ('高手', 1), ('島電鐵', 1), ('神奈川', 1), ('藤澤站經', 1), ('海邊', 1), ('延伸', 1), ('鎌倉站', 1), ('景是', 1), ('腰越站', 1), ('島站', 1), ('區段是', 1), ('路面電車', 1), ('長野', 1), ('餐廳', 1), ('台灣人', 1), ('張孝全', 1), ('現存', 1), ('天守', 1), ('國寶', 1), ('松本城', 1), ('黑色', 1), ('遠方', 1), ('阿爾卑斯山', 1), ('護城河', 1), ('雙城', 1), ('世界', 1), ('觀光客', 1), ('電車', 1), ('遇到', 1), ('男生', 1), ('幸次', 1), ('連結', 1), ('長野縣', 1), ('長野市', 1), ('豐後站', 1), ('新潟縣', 1), ('岡市的', 1), ('越後', 1), ('川口站', 1), ('溫泉地', 1), ('滑雪場', 1), ('線路', 1), ('大雨', 1), ('土石', 1), ('災害', 1), ('可能性', 1), ('森宮野', 1), ('原站', 1), ('創下', 1), ('積雪紀錄', 1), ('福島', 1), ('會津', 1), ('魚沼', 1), ('奧會津', 1), ('地帶', 1), ('車窗', 1), ('自然', 1), ('火紅', 1), ('楓葉', 1), ('人知', 1), ('天時地利下', 1), ('拍出', 1), ('攝影', 1), ('玩家必去之地', 1), ('津南', 1), ('世紀', 1), ('歷史', 1), ('鄉土愛', 1), ('東日本', 1), ('震災', 1), ('鎮魂祈願', 1), ('加入', 1), ('儀式', 1), ('雪地', 1), ('施放', 1), ('氛圍', 1), ('祭典', 1), ('活動', 1), ('河岸', 1), ('東京都', 1), ('江戶幕府第四', 1), ('德川家綱', 1), ('命令', 1), ('種植', 1), ('德川吉宗', 1), ('加種', 1), ('河川', 1), ('兩岸', 1), (' 300 ', 1), ('延綿', 1), ('東京', 1), ('人氣', 1), ('賞櫻', 1)]|1.0|"兩人約好「來日本一定要來看我」 | 只見線（筆者攝）只見線連接福島會津地區與新潟的魚沼地區 | 江之島電鐵（圖片取自江之電官 X）位在鎌倉的江之島電鐵因為《灌籃高手》成為熱門的觀光景點"
電影專題/電影背後_2024-03-06_99|2024-03-06|《我的完美日常》電影聖地巡禮：平山打掃過的東京廁所、圍繞平山生活的神社錢湯以及懷舊地下街！|電影專題|3/8 起正式在台灣上映的電影《我的完美日常》，打掃東京澀谷區公廁的本片主角：清潔員平山（役所廣司 飾），過著寧靜淡泊的日子──幾乎在一樣時間清醒，重複著例行公事，開著小車子橫跨到東京的另一頭工作，結束後又開車回家洗澡、吃飯、閱讀、睡覺。每天生活看起來都一樣，但對他來說每天都是嶄新的一天，有些小意外發生，讓每一天都有些不同，甚至撼動了他的過去。這部電影結合了「THE TOKYO TOILET」企劃，片中登場的多座廁所是僅次於平山先生的要角，也是聖地巡禮不可錯過的景點。內容目錄THE TOKYO TOILET 企劃自 2018 年起由日本財團負責推動，2023 年將事務移交給澀谷區維護。（圖片來源：THE TOKYO TOILET X）日本有句格言：「神明寄宿在細節裡（神は細部に宿る）。」日本財團常務笹川順平先生認為廁所反映出社會與企業的存在方式。為了破除日本一般社會大眾對公廁「陰暗」、「髒臭」等負面印象，笹川先生邀請 16 位世界級的建築師，聯手在東京澀谷區打造公廁新氣象。希望能藉由重視多元性、大家都能舒服使用的公共廁所，創造新的日本文化。特意選在文化、藝術發信地「澀谷」進行這場社會性的實驗，是因為這裡不只是潮流尖端，還有不少坡道地形，加上交通繁雜，要設計出「誰都能方便使用的公廁」是極具挑戰性的任務，也更加凸顯挑選澀谷區實驗之意義重大。這個企劃對建築師提出三個要求：企劃團隊在 2020 年 8 月先推出 7 座話題性的廁所，2021 年又接續完成 10 座，目前澀谷區內共有 17 座造型公廁。清潔人員穿著的制服也邀請受年輕人歡迎的時裝設計師 NIGO®️ 監修，穿上具有設計感的制服，清潔的動力也自然會增加吧。筆者也趁走訪東京時，拍攝了幾座《我的完美日常》片中主角平山清掃過的公廁：– –位在代代木八幡宮前的公廁，設計者為伊東豐雄。片中多次出現的公廁，圓型頂蓋的蘑菇造型，如其名「Three Mushrooms」。平山在這裡打掃時發現塞在角落的紙條，不經意的玩心、最後也都沒揭曉對方是誰，如此樸實微小的美好，成了兩個陌生人生活裡的小小火花。電影裡的場景是日正當中，傍晚圓頂下方會點燈，除了明亮安全外，原本可愛的蘑菇造型也多了些不同感覺。代代木公園附近的深町小公園內的透明公廁，設計者為坂茂。這間透明廁所在 2020 年公開亮相時成為媒體話題。平時光線充足、無人使用時，玻璃會是透明可視，一旦有人進入上鎖使用，四周就會變成不透明的牆壁。平山在這間廁所遇到不知如何使用的外國女性，也在這場景遇到清潔的同事（柄本時生 飾）與其女友；冬日的低溫會影響玻璃變不透明的時間，安全起見，目前冬日常時維持不透明。門鎖上也再三強調需「上鎖使用」，如需使用，請大家切記一定要上鎖。以時代劇裡的行燈為靈感的 ANDON（行燈）公廁，設計者為坂倉竹之助。這座公廁的乳白色外牆，在入夜點燈後會呈現宛如和紙燈籠的色澤，公廁四周的樹叢倒影在外牆上自然成畫。電影裡，清掃中的同事就是在這裡遇見兒時玩伴。澀谷站外的神宮通大道旁小公園的廁所，設計者為安藤忠雄。以「躲雨處（あまやどり）」為靈感的公廁，大屋簷為其特色，可以躲雨也可以躲太陽稍作休息。過去這裡的公廁常遭人塗鴉，降低使用意願，考量可長久使用且不易被塗鴉，採用鋁製格柵的設計，還能兼具通風特性。入夜點燈後，光線也能自然透入，使用起來更加安心。《我的完美日常》裡，平山帶上外甥女到這裡進行清掃工作。七號街道公園廁所，標榜無接觸，設計者為佐藤カズー。這間公廁標榜從開門到洗手皆可以聲控，完全沒有任何接觸，連手都用不到，在後疫情時代尤其重要。外觀像是顆圓球，入夜後底部打燈像是顆浮球，非常有趣。片中，平山工作到日落的最後一間廁所就是這間號稱「世界第一乾淨的公廁」。– –THE TOKYO TOILET 企劃還有其他獨具特色的廁所出現在片中，觀影後也不妨到官網按圖索驥巡禮一下吧。筆者在尋訪這幾間公廁時，有特別入內看一下環境，真的都維持得蠻乾淨的，讓人一掃公廁的髒亂印象。關於這 17 座特色公廁的地點可參考官方網站。平山的生活圈聖地巡禮地圖（作者製表）。平山就住在這間可以望見晴空塔的公寓。每天，平山就從一樓最左邊的門走出上工。公寓位在江東天祖神社西側，此為區一般住宅區，請勿打擾居民。江東天祖神社地址：東京都江東区亀戸 3-38-35。每天清晨神社外的掃地聲，是平山的鬧鐘。這一帶過去屬東京灣內，座落許多小島，江東天祖神社便是這其中一座「柳島」的總鎮守。卻也因這地形屢遭洪水侵襲，文獻流失，建物毀損，一直到昭和二年才以鋼筋水泥建造，是日本第一座鋼筋骨架的社殿。在東京大空襲期間成為當地的一方明燈，守護數百條性命。電氣湯地址：東京都墨田区京島 3-10-10。錢湯在東京都內迅速消失，創立超過百年的電氣湯目前由第四代繼承家業。創立當時是電力加熱，而非普通柴燒，所以名為「電氣湯」，不過現在已改用瓦斯加熱。平山下班後會換上便服，騎著腳踏車到這裡洗個澡、泡個湯。洗完澡的平山接著悠哉騎著腳踏車，跨過櫻橋去吃晚餐。櫻橋是隅田川上唯一一座人行步道橋，整體為 X 交叉設計，極具特色。淺草地下街裡的懷舊炒麵。位在淺草站旁的淺草地下街，是日本歷史最悠久的地下街。這裡聚集古書店、拉麵店、炒麵店，觀光客人來人往，卻依然保留著最在地的下町風情。平山一人享受著一份炒麵，或許也是品嚐著這樣復古的人情味吧。居酒屋「紅の灯 ノヴ」地址：東京都台東区浅草 4-16-4 トドロキマンション 1F平山休假時會去的居酒屋。但其實是間隱身巷弄的法式料理的小酒館，筆者走訪時還以為走錯地方呢。投幣洗衣店「コインランドリー さくらゆ」地址：東京都墨田区業平 4-6-5。平山假日會去的自助洗衣店。一旁也有錢湯。二手書店「地球堂」地址：東京都台東区浅草 1-39-9。平山休假時會去的二手書店，位在淺草的傳法院通上。筆者造訪時明明仍在營業時間卻拉上鐵門，祝福大家好運能遇上開門營業，體驗一下平山在書堆裡淘寶的氣氛。這部片中滿是「東京」這座城市的呼吸，記錄城市的日夜，熱鬧的、安靜的每一幕，甚至著眼於不起眼的角落。前半幾乎沒有台詞，就是看著平山重複著一樣卻又有點不一樣的每一天。幾乎不與人交談的平山，看似孤僻卻又依賴著錢湯、自助洗衣等這種會與人交流的公共空間，形成的對比讓我一度困惑。直到後半的這兩句台詞出現：「有許多世界，看似相連卻無法連通。」「現在是現在、下次是下次。」這才領悟到平山並非只是享受孤獨，而是享受著「一期一會」的瞬間。每個人雖自成一個世界，卻又會在日常擦肩交錯，就像平山和陌生人透過廁所裡的井字遊戲相連。這交會的瞬間讓彼此生命更添豐富，卻也沒進一步激起更大的火花；平山的過去也依然成謎，但隨著平山踏實穩健的面對每一天，這些似乎都不如神社的「木漏れ日」來的重要。畢竟，這稍縱即逝的光影，才是最珍貴的一期一會。《我的完美日常》電影海報即可發現「木漏れ日」：透過樹叢枝葉灑落的光影。看完《我的完美日常》，是否也想體驗平山樸實的日常呢？跟著聖地巡禮路線，以平山的生活視角，在下町感受東京這座城市的日常吧！|https://news.agentm.tw/275021/|https://news.agentm.tw/wp-content/uploads/《我的完美日常》聖地巡禮：平山打掃過的東京公廁、圍繞平山生活的神社錢湯以及懷舊地下街……跟著電影旅行去！-390x219.jpg|['台灣', '電影', '打掃', '東京', '澀谷區', '公廁', '主角', '清潔員', '平山', '役所', '廣司', ' 飾', '日子', '時間', '重複著', '公事', '車子', '東京', '工作', '閱讀', '生活', '意外', '撼動', '電影', '企劃', '平山', '先生', '要角', '聖地巡禮', '景點', '內容', '企劃', '日本', '財團', '推動', '事務', '澀谷區', '維護', '圖片', '來源', '日本', '細節', '宿る', '日本', '財團', '笹川順平', '先生', '廁所', '社會', '企業', '方式', '破除', '日本', '社會', '公廁', '負面', '印象', '笹川', '先生', '邀請', '世界級', '建築師', '東京', '澀谷區', '打造公廁新氣象', '多元性', '使用', '創造新', '日本', '文化', '文化', '藝術', '澀谷', '進行', '社會性', '實驗', '潮流', '地形', '交通', '設計出', '使用', '公廁', '挑戰性', '任務', '澀谷區', '實驗', '意義', '企劃', '建築師', '提出', '要求', '企劃', '團隊', '推出', '話題性', '廁所', '完成', '澀谷區', '造型', '公廁', '人員', '穿著', '制服', '邀請', '年輕人', '時裝', '設計師', '監修', '穿上', '設計感', '制服', '動力', '東京', '拍攝', '主角', '平山', '清掃', '公廁', '代代木八幡宮', '公廁', '設計', '伊東豐雄', '公廁', '圓型', '蘑菇', '造型', '平山', '打掃', '紙條', '陌生', '生活', '電影', '場景', '圓頂下方會', '蘑菇', '造型', '感覺', '代代木公園', '附近', '公廁', '設計', '媒體', '話題', '光線', '使用', '使用', '牆壁', '平山', '廁所', '遇到', '使用', '外國', '女性', '遇到', '同事', '女友', '低溫', '影響', '玻璃', '時間', '門鎖', '使用', '使用', '時代', '行燈', '靈感', '行燈', '公廁', '設計', '坂倉竹', '公廁', '乳白色', '燈籠', '色澤', '公廁', '樹叢', '倒影', '電影', '清掃', '同事', '遇見', '玩伴', '澀谷站', '神宮通', '大道', '公園', '廁所', '設計', '安藤忠雄', '靈感', '公廁', '屋簷', '特色', '太陽', '公廁', '意願', '使用', '採用', '設計', '特性', '光線', '透入', '使用起來', '平山', '帶上', '外甥女', '進行', '七號', '街道', '公園', '廁所', '接觸', '設計', '佐藤カズー', '公廁', '接觸', '疫情', '時代', '外觀', '圓球', '浮球', '平山工作到', '世界', '公廁', '企劃', '特色', '廁所', '現在', '官網', '尋訪', '公廁', '環境', '掃公廁', '印象', '特色', '公廁', '地點', '參考', '官方', '網站', '平山', '生活圈', '聖地', '地圖', '作者', '製表', '平山', '公寓', '平山', '上工', '公寓', '江東', '天祖神社', '住宅區', '打擾', '居民', '江東天祖', '神社', '地址', '京都', '江東区', '亀戸', '神社', '掃地聲', '平山', '鬧鐘', '東京灣', '小島', '天祖', '神社', '柳島', '地形', '洪水', '侵襲', '文獻', '建物', '毀損', '鋼筋', '水泥', '建造', '日本', '鋼筋', '骨架', '社殿', '東京大', '空襲', '期間', '當地', '守護', '性命', '電氣湯', '地址', '東京都', '墨田区京島', '東京都內', '創立', '電氣湯', '繼承', '家業', '創立', '電力', '電氣湯', '改用', '斯加熱', '平山', '換上', '便服', '騎著', '腳踏車', '洗完', '平山', '腳踏車', '跨過', '櫻橋', '晚餐', '櫻橋', '隅田川', '步道橋', '整體', '設計', '特色', '淺草', '地下', '炒麵', '日本', '歷史', '地下街', '古書店', '拉麵店', '炒麵店', '人來', '人往', '保留', '風情', '平山', '炒麵', '品嚐', '人情味', '地址', '東京都', '台東', '草 4-16-4 トド', '平山', '居酒屋', '料理', '酒館', '地方', '洗衣店', '地址', '東京都', '墨田', '平山', '洗衣店', '地球堂', '地址', '東京都', '台東区', '草 1-39-9', '平山', '淺草', '法院', '時間', '拉上', '鐵門', '祝福', '好運', '體驗', '氣氛', '東京', '城市', '城市', '著眼於', '角落', '台詞', '平山重複', '錢湯', '空間', '對比', '台詞', '世界', '連通', '世界', '平山', '陌生人', '廁所', '井字', '遊戲', '生命', '激起', '火花', '平山', '平山', '面對', '神社', '木漏れ日', '光影', '電影', '海報', '光影', '看完', '體驗', '聖地', '路線', '平山', '生活', '視角', '東京', '城市']|[('平山', 20), ('公廁', 17), ('使用', 8), ('日本', 7), ('廁所', 7), ('設計', 7), ('東京', 6), ('電影', 5), ('澀谷區', 5), ('企劃', 5), ('地址', 5), ('特色', 4), ('神社', 4), ('東京都', 4), ('時間', 3), ('生活', 3), ('先生', 3), ('造型', 3), ('世界', 3), ('電氣湯', 3), ('城市', 3), ('打掃', 2), ('主角', 2), ('財團', 2), ('社會', 2), ('印象', 2), ('邀請', 2), ('建築師', 2), ('文化', 2), ('進行', 2), ('實驗', 2), ('地形', 2), ('制服', 2), ('清掃', 2), ('蘑菇', 2), ('光線', 2), ('遇到', 2), ('同事', 2), ('時代', 2), ('行燈', 2), ('靈感', 2), ('公園', 2), ('接觸', 2), ('聖地', 2), ('公寓', 2), ('鋼筋', 2), ('創立', 2), ('腳踏車', 2), ('櫻橋', 2), ('淺草', 2), ('炒麵', 2), ('洗衣店', 2), ('體驗', 2), ('台詞', 2), ('光影', 2), ('台灣', 1), ('清潔員', 1), ('役所', 1), ('廣司', 1), (' 飾', 1), ('日子', 1), ('重複著', 1), ('公事', 1), ('車子', 1), ('工作', 1), ('閱讀', 1), ('意外', 1), ('撼動', 1), ('要角', 1), ('聖地巡禮', 1), ('景點', 1), ('內容', 1), ('推動', 1), ('事務', 1), ('維護', 1), ('圖片', 1), ('來源', 1), ('細節', 1), ('宿る', 1), ('笹川順平', 1), ('企業', 1), ('方式', 1), ('破除', 1), ('負面', 1), ('笹川', 1), ('世界級', 1), ('打造公廁新氣象', 1), ('多元性', 1), ('創造新', 1), ('藝術', 1), ('澀谷', 1), ('社會性', 1), ('潮流', 1), ('交通', 1), ('設計出', 1), ('挑戰性', 1), ('任務', 1), ('意義', 1), ('提出', 1), ('要求', 1), ('團隊', 1), ('推出', 1), ('話題性', 1), ('完成', 1), ('人員', 1), ('穿著', 1), ('年輕人', 1), ('時裝', 1), ('設計師', 1), ('監修', 1), ('穿上', 1), ('設計感', 1), ('動力', 1), ('拍攝', 1), ('代代木八幡宮', 1), ('伊東豐雄', 1), ('圓型', 1), ('紙條', 1), ('陌生', 1), ('場景', 1), ('圓頂下方會', 1), ('感覺', 1), ('代代木公園', 1), ('附近', 1), ('媒體', 1), ('話題', 1), ('牆壁', 1), ('外國', 1), ('女性', 1), ('女友', 1), ('低溫', 1), ('影響', 1), ('玻璃', 1), ('門鎖', 1), ('坂倉竹', 1), ('乳白色', 1), ('燈籠', 1), ('色澤', 1), ('樹叢', 1), ('倒影', 1), ('遇見', 1), ('玩伴', 1), ('澀谷站', 1), ('神宮通', 1), ('大道', 1), ('安藤忠雄', 1), ('屋簷', 1), ('太陽', 1), ('意願', 1), ('採用', 1), ('特性', 1), ('透入', 1), ('使用起來', 1), ('帶上', 1), ('外甥女', 1), ('七號', 1), ('街道', 1), ('佐藤カズー', 1), ('疫情', 1), ('外觀', 1), ('圓球', 1), ('浮球', 1), ('平山工作到', 1), ('現在', 1), ('官網', 1), ('尋訪', 1), ('環境', 1), ('掃公廁', 1), ('地點', 1), ('參考', 1), ('官方', 1), ('網站', 1), ('生活圈', 1), ('地圖', 1), ('作者', 1), ('製表', 1), ('上工', 1), ('江東', 1), ('天祖神社', 1), ('住宅區', 1), ('打擾', 1), ('居民', 1), ('江東天祖', 1), ('京都', 1), ('江東区', 1), ('亀戸', 1), ('掃地聲', 1), ('鬧鐘', 1), ('東京灣', 1), ('小島', 1), ('天祖', 1), ('柳島', 1), ('洪水', 1), ('侵襲', 1), ('文獻', 1), ('建物', 1), ('毀損', 1), ('水泥', 1), ('建造', 1), ('骨架', 1)]|0.0|"平山工作到日落的最後一間廁所就是這間號稱「世界第一乾淨的公廁」 | 這間透明廁所在 2020 年公開亮相時成為媒體話題 | 筆者在尋訪這幾間公廁時"
電影專題/電影背後_2024-01-09_100|2024-01-09|26 年後還是看不懂《魔法公主》? 讓宮﨑駿與生物學家回答你「阿席達卡一族」「邪魔神」等 7 大問題|電影專題|《魔法公主》被視為宮﨑駿退休作的最主要原因之一，並非因為他本人的退休宣言，而是因為這部電影塞進了大量的資訊，遠比他過去的電影更加深奧。《魔法公主》並非詰屈聱牙，但確實放進了宮﨑駿長達十數年研究的心血，他本人謙稱這些研究不過是「道樂」（日文隨意玩樂之意），但事實並非如此。這篇文章將由他本人、與青山學院大學生物教授福岡伸一，回答這些可能困擾你 26 年的《魔法公主》劇情設定與問題。《魔法公主》。內容目錄做為《魔法公主》的主角，阿席達卡有點太過「顯眼」了：他頸上帶著黑曜石打造的玉刀吊飾、身上帶著紅漆碗、口袋掏出的是砂金。當他走進陌生村子，立刻有人想搶奪他身上的財物。這也得怪阿席達卡不懂「財不露白」的道理，但他的外型確實特別，與我們在一般日本時代劇作品裡看到的日本人大不相同。而且這個村子似乎與外界斷絕聯絡，絲毫不清楚外界正發生的變化。阿席達卡與村子的設定，是不是單純的虛構呢？並不是，而這正是宮﨑駿的堅持：「我不想依循過去影劇作品裡描述的古代日本人形象，既然要做時代劇，我要根據真正的歷史進行設定。」《魔法公主》。根據福岡教授的研究，日本歷史上，有三次大規模的外來人口遷入狀況。第一波是數萬年前所謂「C3」型人種的移入；第二波是一萬數千年前「D2」型人種移入；第三波「O2b」人種是在二千三百年前移入的。這三種人分別被稱呼為「舊石器人」、「繩紋人」與「彌生人」，他們原本可能來自非洲等地，在當地經歷鬥爭之後，以現代人難以想像的方式輾轉來到日本生根，在日本當地經歷混血過程後，成為了這裡的住民。其中，第二波的繩紋人有著粗眉、粗鬚與深邃的臉龐輪廓。當西元前三世紀中期，繩紋人遇上了第三波的「新移民」彌生人，彌生人臉部較平、眉目較細。彌生人與繩紋人最大的不同，是他們擁有種稻技術，可以有效率地採收稻作；此外也具有精鍊青銅與鐵的技術，這讓彌生人擁有了金屬武器與食糧的戰略優勢，他們人口快速增長，將繩紋人趕到南北邊境去。繩紋人與彌生人的長相差異（養牛的甲六是不是長得很像彌生人？）沒錯，我們的濃眉阿席達卡正是繩紋人的代表，你會發現他村子裡的年長男性也有多毛的象徵；同樣的，大量人力都在從事煉鋼工作、同時製造火砲「石火矢」的「達達拉城」，正是彌生人的代表。也就是說，《魔法公主》裡阿席達卡與達達拉城的設定，是反應了二千三百年前彌生文化取代繩紋文化的過程──這是宮﨑駿所謂的「真正歷史設定」。宮﨑駿在參加柏林影展時接受記者採訪時表示：「日本的電影只要描繪到日本歷史，一定都是以京都為舞台、主角都是武士或權貴階級，我覺得這樣很怪。真正歷史的主人翁們，應該是定居在邊境或原野的人們，他們活躍的舞台也不會是京都，我想讓他們挖掘出被隱藏的歷史真相，這是我做此設定的原因之一。」《魔法公主》。宮﨑駿表示：「與其說是根據日本神話改編，我想可能反而受到《吉爾伽美什史詩》的影響更深。」《吉爾伽美什史詩》是史上最早的英雄史詩，也是許多文化英雄史詩的影響者。其中描述吉爾伽美什成王之後，殺掉森林之神胡姆巴巴的篇章，被認為代表著人類征服自然發展農業，這正與達達拉城的作為是相似的。「除了《吉爾伽美什史詩》，《魔法公主》其他部份都與神話無關。古時候，漂流深山中各個製鐵所的工人，本來就會被山上居民或農民們當成怪物，我想把這些遠古的習俗放在這部電影裡流傳下去。」《魔法公主》達達拉城。宮﨑駿並非改編單一日本神話，而是將日本傳統的鄉野傳說、習俗、甚至是勞災與工作環境等元素，都放在《魔法公主》之中。「舉例來說，山獸神看起來會像是鹿一般，是因為古代敬神舞蹈裡原本就有戴著鹿角跳舞的傳統；電影裡巨大的發光巨人，也是日本各地都流傳的巨人傳說『ダイダラボッチ』。但是如果要將這些概念映像化，直接按照傳說內容照做的話是行不通的，反過來說，我們要做得跟傳說不一樣才行。」就以宮﨑駿提到的「ダイダラボッチ」，它在日本傳統鬼故事裡是常見的巨人怪物，外表全身光滑，身材巨大，喜歡吃貝類，並將貝殼堆積成丘；但在《魔法公主》裡，它成為了可以變形、全身透明並發著光的發光巨人，這是為了配合整體故事設定與效果所作的修改。古書裡的ダイダラボッチ（右）與電影裡的發光巨人（左）非常不同。「這確實有部份是我的想像，但我覺得在世界文化裡有很多類似的精靈，不只是日本，只要國土大半被森林覆蓋的國家人民們，大概都有類似的森林精靈神話，凱爾特神話（不列顛群島地區神話）裡也有類似的存在、日耳曼神話裡也有。這些在森林暗處存在的生物，都會隨著人類力量的逐步增強，而漸漸僅會存在於鄉野奇談之中，我是這樣覺得的。」《魔法公主》小精靈。「森林不只是植物群聚的地方而已，我一直覺得，森林之中一直有某種神靈存在。當你實際踏進古木參天的陰暗森林，那瞬間可能會有一股不可思議的感覺，或是感覺有誰在背後望著你，或是某處突然發出了不可思議的聲音等等，我想把那種特別的『感覺』表達出來……而小精靈就是我賦予這種感覺的形象。   看得到的人就看得到，看不到的人就看不到，它們可能隨時出現又消失，它們無法被定義為善良或是邪惡。」「第一個原因是『不合理』。這個問題跟『為什麼他生病了然後我也會跟著生病』這種問題一樣，如果以現代醫學來解釋，這就叫做『傳染』。那為什麼會傳染給我呢，或者為什麼我不會傳染呢？這是無法細細解釋的。如同今天某種災難為何突然降臨到自己身上，這種問題是誰也無法解釋的。」《魔法公主》。為什麼《魔法公主》裡第一隻出現的豬神，會變成邪魔神攻擊阿席達卡的蝦夷村？電影裡解釋，牠的身體裡有達達拉城攻擊射入的鐵彈，豬神受傷，並且憤怒，牠內心的「不合理」怒氣逐漸膨大到無法收束的瘋狂地步，最終讓牠變成了「邪魔神」。按照宮﨑駿的解釋，邪魔神狀態有點像是癌症，它的起因不明（很多山豬都受到攻擊，但不是所有豬都變成邪魔神），只知道憤怒與怨氣是滋長這種毒症嚴重的關鍵。「《魔法公主》裡非常重要的一個關鍵，就是『要如何控制這種幾乎無法控制的憎恨』。對我來說一定要表達的部份，就是桑對於人類的巨大憎恨，要如何被阿席達卡的愛所化解。桑對人類的憎恨是無法消除的，但只有阿席達卡是唯一的例外（結局時她也不願到達達拉城居住），但是阿席達卡說這樣也沒關係，他們還是可以以某種形式一起共同生活，雖然我是覺得以後桑一定會讓阿席達卡超級苦惱的（笑）。」《魔法公主》。「不過，這樣說的阿席達卡，是自己選擇了最辛苦的受難之道，選擇了最辛苦生活方式的少年。因為桑還在山裡，達達拉城的人們也要餬口，森林還在那裡，但是不製鐵也不行……這根本就是現代人生存的困境，很辛苦對吧（笑）。」「破壞森林、破壞自然的人們就是壞蛋，叫他們是沒水準或是野蠻人，這樣做就能解決人類的問題嗎？這想得也太美好了……我們唯一能確定的是，如果人類能解決環保問題，那麼全人類都一定會獲得幸福。而在處理環保問題的同時，我想必須思考，過去因為不環保而帶給人類的諸多不幸。動物與人類與植物的生命是相同的，因為人類也是自然的一部分，世上有破壞自然的個體，也有從破壞自然中重新生長的生物，我們必須了解每個個體的立場、認識他們，這些是我們必須處理的課題。」《魔法公主》黑帽大人不是單純的反派。因為桑並不代表大自然，她不是真正的山犬，而是「被山犬養大的人類」。桑代表的是「對人類犯下的罪感到噁心厭惡的人類」，換成現代社會的說法，可以算是激進的環保份子，桑為大自然發聲──以非常暴力的手段，但她始終不是大自然。《魔法公主》裡的阿席達卡、桑與黑帽大人都是人類，這始終是一部站在人類角度的電影，關注於宮﨑駿關心的人類立場──我們應該互相討論，該如何與山（大自然）共生共榮。《魔法公主》桑。「實際是因為，即便當大自然被人類破壞過後，並不是全部就自動變成一片沙漠，大自然是會慢慢自己復活過來的。如果大自然無法從人類的過錯中再度復活，我想人類可能早就通通滅亡了。現在的日本人講到大自然，特別有人會說現在土地比不上五十年前豐富自然，可是事實上，五十年前日本的森林，也是過去被大砍特砍，後來人類重新種植的結果。但是我覺得，真正的自然，與透過人類文明的力量復甦的自然，是不一樣的……透過人力復甦的森林明亮又整齊，但這與過去密不見天、陰暗卻蘊含大量生命的森林是不一樣的。」《魔法公主》。就像前述宮﨑駿提到的，「森林不只是植物的群聚」。森林是有生命的，而森林是有著自然復活能力的，在《魔法公主》的最後，我們看到小精靈又再度在復活的森林裡出現了，這是他對大自然復活力量的信念。但是，這必須建築在人類不涉入重生過程的前提下。如同《魔法公主》最後巨人之死，強制地吹熄了達達拉城永不熄的熔爐之火，這是宮﨑駿刻意的安排。《魔法公主》是一部奇幻電影，但另一個層面來說，它也是描寫人類與大自然關係最寫實的一部電影。大自然與人類抗爭、愛護自然的人類與追求發展的人類抗爭，這些抗爭沒有結論，但每一方都理解，抗爭最終只會造成群體的毀滅，雙方只能活下去，無止盡地討論出一個共存的方案才行。人類與大自然，都有醜惡與美麗的一面，也都有善良與邪惡的一面，而《魔法公主》把每一面都呈現出來了。《魔法公主》。這部電影有太多內容了，這篇文章只是節錄了其中一部份內容，也許你還有許多不了解的部份，但這也是宮﨑駿的期望：「我知道《魔法公主》這部電影很複雜。但是在做電影時，想著『觀眾這邊應該看不懂吧』或是『這一段一定無法理解』，這是一種極其傲慢的心態。我希望的是，看過這部電影的人會覺得，『世界真的不是這麼容易理解的玩意』，因為如果所有的說明都弄得簡單易懂，其中一定用謊言省略了很多部份。但我不想這樣，我想讓觀眾直接面對我強調的問題，我不解釋，讓深刻見證到問題的觀眾，自己去思考答案才是對的。」26 年後還是看不懂《魔法公主》沒關係，重要的是，你是否曾認真苦惱過宮﨑駿展示的人與自然並存問題？那是一個值得我們永遠思考的問題。|https://news.agentm.tw/271504/|https://news.agentm.tw/wp-content/uploads/cover-1-2407-390x219.jpg|['魔法公主', '宮﨑駿', '原因', '宣言', '電影', '塞進', '資訊', '電影', '魔法公主', '詰屈', '放進', '宮﨑駿', '心血', '道樂', '日文', '事實', '文章', '青山', '學院', '大學', '生物', '教授', '福岡伸一', '魔法公主', '劇情', '問題', '魔法公主', '內容', '目錄', '魔法公主', '主角', '阿席達卡', '黑曜石', '打造', '玉刀', '吊飾', '漆碗', '口袋', '掏出', '砂金', '村子', '搶奪', '財物', '阿席達卡', '道理', '外型', '日本', '時代劇', '作品', '日本人', '村子', '斷絕', '聯絡', '變化', '阿席達卡', '村子', '虛構', '宮﨑駿', '影劇', '作品裡', '描述', '日本人', '形象', '時代劇', '歷史', '進行設定', '魔法公主', '教授', '日本', '歷史', '人種', '移入', '人種', '移入', '人種', '移入', '石器人', '繩紋人', '彌生人', '非洲', '當地', '鬥爭', '現代人', '方式', '日本', '日本', '當地', '過程', '住民', '繩紋人', '臉龐', '輪廓', '繩紋人', '遇上', '移民', '臉部', '眉目', '彌生人', '繩紋人', '種稻', '技術', '效率', '收稻作', '精鍊', '青銅', '技術', '金屬', '武器', '食糧', '戰略', '優勢', '人口', '紋人', '邊境', '繩紋人', '生人', '差異', '彌生人', '繩紋人', '代表', '村子裡', '象徵', '人力', '工作', '製造', '火砲', '石火矢', '達達拉城', '代表', '魔法公主', '阿席達卡', '達達拉城', '文化', '取代', '繩紋', '文化', '過程', '歷史設定', '宮﨑駿', '參加', '柏林', '影展', '接受', '記者', '採訪', '日本', '電影', '繪到', '日本', '歷史', '京都', '舞台', '主角', '武士', '權貴', '階級', '歷史', '主人翁', '邊境', '原野', '人們', '舞台', '京都', '挖掘出', '隱藏', '歷史', '真相', '設定', '原因', '魔法公主', '宮﨑駿', '日本', '神話', '改編', '吉爾伽美什史詩', '影響', '吉爾伽美什史詩', '英雄', '史詩', '文化', '英雄', '史詩', '影響', '描述', '吉爾伽美什', '成王', '殺掉', '森林', '篇章', '人類', '征服', '自然', '發展', '農業', '達達拉城', '作為', '魔法公主', '神話', '深山', '製鐵所', '工人', '山上居民', '農民', '怪物', '習俗', '電影', '魔法公主', '達達拉城。', '宮﨑駿', '改編', '日本', '神話', '日本', '鄉野', '傳說', '習俗', '工作', '環境', '元素', '魔法公主', '山獸神看起來', '鹿角跳舞', '傳統', '電影', '巨人', '日本', '巨人', '傳說', '概念', '傳說', '內容', '傳說', '宮﨑駿', '日本', '故事', '巨人', '怪物', '外表', '身材', '貝類', '貝殼堆', '魔法', '公主', '全身', '巨人', '配合', '整體', '故事', '效果', '古書', '電影', '巨人', '想像', '世界', '文化', '精靈', '日本', '國土', '森林', '覆蓋', '國家', '人民', '森林', '神話，', '凱爾特', '神話', '列顛群島', '地區', '神話', '日耳曼', '神話裡', '森林', '暗處', '生物', '人類', '力量', '鄉野', '奇談', '魔法', '公主', '森林', '植物', '地方', '森林', '神靈', '古木參天', '森林', '感覺', '背後', '發出', '聲音', '感覺', '感覺', '形象', '原因', '問題', '問題', '醫學', '災難', '問題', '魔法公主', '魔法公主', '豬神', '邪魔神', '攻擊', '阿席達卡', '電影', '身體', '達達拉城', '攻擊', '射入', '鐵彈', '豬神', '內心', '怒氣', '地步', '邪魔神', '宮﨑駿', '解釋', '魔神', '狀態', '癌症', '山豬都', '魔神', '怨氣', '滋長', '毒症', '關鍵', '魔法公主', '關鍵', '控制', '控制', '表達', '人類', '阿席達卡', '化解', '人類', '消除', '阿席達卡', '結局時', '達達拉城', '阿席達卡', '關係', '形式', '阿席', '達卡', '魔法', '公主', '阿席達卡', '選擇', '選擇', '生活', '方式', '少年', '達達拉城', '人們', '森林', '製鐵', '現代人', '困境', '破壞', '森林', '破壞', '自然', '人們', '水準', '蠻人', '解決', '人類', '問題', '人類', '解決', '環保', '問題', '處理', '環保', '問題', '環保', '人類', '不幸', '動物', '人類', '植物', '生命', '人類', '世上', '破壞', '自然', '個體', '破壞', '自然', '生物', '立場', '處理', '課題', '魔法公主', '黑帽', '大人', '反派', '自然', '山犬', '山犬', '養大', '人類', '人類', '犯下', '社會', '說法', '環保', '份子', '桑為', '大自然發聲', '手段', '大自然', '魔法公主', '阿席達卡', '黑帽', '大人', '人類', '人類', '角度', '電影', '宮﨑駿', '人類', '立場', '大自然', '魔法公主', '大自然', '人類', '破壞', '沙漠', '大自然', '大自然', '人類', '過錯', '人類', '日本人', '大自然', '土地', '自然', '事實', '日本', '森林', '人類', '種植', '結果', '自然', '人類', '文明', '力量', '自然', '人力', '森林', '生命', '森林', '魔法公主', '宮﨑駿', '森林', '植物', '森林', '生命', '森林', '自然', '能力', '魔法公主', '森林', '大自然', '力量', '信念', '建築', '人類', '過程', '前提', '魔法公主', '巨人', '吹熄', '達達拉城', '熔爐', '宮﨑駿', '魔法公主', '電影', '層面', '描寫', '人類', '自然', '關係', '電影', '大自然', '人類', '愛護', '自然', '人類', '追求', '發展', '人類', '結論', '群體', '方案', '人類', '大自然', '魔法公主', '魔法公主', '電影', '內容', '文章', '節錄', '內容', '宮﨑駿', '期望', '魔法公主', '電影', '做電影', '觀眾', '心態', '電影', '世界', '玩意', '說明', '謊言', '觀眾', '問題', '問題', '觀眾', '答案', '魔法公主', '宮﨑駿', '展示', '問題', '問題']|[('魔法公主', 25), ('人類', 25), ('森林', 16), ('宮﨑駿', 13), ('電影', 13), ('日本', 13), ('問題', 11), ('自然', 11), ('阿席達卡', 10), ('大自然', 9), ('達達拉城', 7), ('繩紋人', 6), ('巨人', 6), ('歷史', 5), ('神話', 5), ('破壞', 5), ('內容', 4), ('文化', 4), ('傳說', 4), ('環保', 4), ('原因', 3), ('生物', 3), ('村子', 3), ('日本人', 3), ('人種', 3), ('移入', 3), ('彌生人', 3), ('過程', 3), ('人們', 3), ('魔法', 3), ('公主', 3), ('力量', 3), ('植物', 3), ('感覺', 3), ('生命', 3), ('觀眾', 3), ('事實', 2), ('文章', 2), ('教授', 2), ('主角', 2), ('時代劇', 2), ('描述', 2), ('形象', 2), ('當地', 2), ('現代人', 2), ('方式', 2), ('技術', 2), ('邊境', 2), ('代表', 2), ('人力', 2), ('工作', 2), ('京都', 2), ('舞台', 2), ('改編', 2), ('吉爾伽美什史詩', 2), ('影響', 2), ('英雄', 2), ('史詩', 2), ('發展', 2), ('怪物', 2), ('習俗', 2), ('鄉野', 2), ('故事', 2), ('世界', 2), ('豬神', 2), ('邪魔神', 2), ('攻擊', 2), ('魔神', 2), ('關鍵', 2), ('控制', 2), ('關係', 2), ('選擇', 2), ('解決', 2), ('處理', 2), ('立場', 2), ('黑帽', 2), ('大人', 2), ('山犬', 2), ('宣言', 1), ('塞進', 1), ('資訊', 1), ('詰屈', 1), ('放進', 1), ('心血', 1), ('道樂', 1), ('日文', 1), ('青山', 1), ('學院', 1), ('大學', 1), ('福岡伸一', 1), ('劇情', 1), ('目錄', 1), ('黑曜石', 1), ('打造', 1), ('玉刀', 1), ('吊飾', 1), ('漆碗', 1), ('口袋', 1), ('掏出', 1), ('砂金', 1), ('搶奪', 1), ('財物', 1), ('道理', 1), ('外型', 1), ('作品', 1), ('斷絕', 1), ('聯絡', 1), ('變化', 1), ('虛構', 1), ('影劇', 1), ('作品裡', 1), ('進行設定', 1), ('石器人', 1), ('非洲', 1), ('鬥爭', 1), ('住民', 1), ('臉龐', 1), ('輪廓', 1), ('遇上', 1), ('移民', 1), ('臉部', 1), ('眉目', 1), ('種稻', 1), ('效率', 1), ('收稻作', 1), ('精鍊', 1), ('青銅', 1), ('金屬', 1), ('武器', 1), ('食糧', 1), ('戰略', 1), ('優勢', 1), ('人口', 1), ('紋人', 1), ('生人', 1), ('差異', 1), ('村子裡', 1), ('象徵', 1), ('製造', 1), ('火砲', 1), ('石火矢', 1), ('取代', 1), ('繩紋', 1), ('歷史設定', 1), ('參加', 1), ('柏林', 1), ('影展', 1), ('接受', 1), ('記者', 1), ('採訪', 1), ('繪到', 1), ('武士', 1), ('權貴', 1), ('階級', 1), ('主人翁', 1), ('原野', 1), ('挖掘出', 1), ('隱藏', 1), ('真相', 1), ('設定', 1), ('吉爾伽美什', 1), ('成王', 1), ('殺掉', 1), ('篇章', 1), ('征服', 1), ('農業', 1), ('作為', 1), ('深山', 1), ('製鐵所', 1), ('工人', 1), ('山上居民', 1), ('農民', 1), ('達達拉城。', 1), ('環境', 1), ('元素', 1), ('山獸神看起來', 1), ('鹿角跳舞', 1), ('傳統', 1), ('概念', 1), ('外表', 1), ('身材', 1), ('貝類', 1), ('貝殼堆', 1), ('全身', 1), ('配合', 1), ('整體', 1), ('效果', 1), ('古書', 1), ('想像', 1), ('精靈', 1), ('國土', 1), ('覆蓋', 1), ('國家', 1), ('人民', 1), ('神話，', 1), ('凱爾特', 1), ('列顛群島', 1), ('地區', 1), ('日耳曼', 1), ('神話裡', 1)]|3.552713678800501e-15|"《魔法公主》裡的阿席達卡、桑與黑帽大人都是人類 | 而這正是宮﨑駿的堅持：「我不想依循過去影劇作品裡描述的古代日本人形象 | 這個問題跟『為什麼他生病了然後我也會跟著生病』這種問題一樣"
電影專題/電影背後_2024-01-05_101|2024-01-05|細數《霍元甲》電影 8 項獨特魅力：這不是李連杰最後一部電影，但這確實是他「最後一部武術電影」|電影專題|2008 年，甄子丹主演的電影《葉問》，在中港台市場都爆出驚人票房，片中一句「我要打十個」台詞更成為社會熱門流行語。但就在《葉問》前兩年，這部電影早就「我要打十個」……不，是一次打十五個。這是李連杰號稱的最後一部武術電影，主角是清末的中國功夫悲劇超英雄，連亞洲天王都為其寫了一首主題曲，它是《霍元甲》。如今《霍元甲》又在 Netflix 上架，讓我們來看看這部電影的幾個獨特魅力。《霍元甲》內容目錄巨星引退總是令人不捨，李連杰當年聲稱《霍元甲》是他最後一部武術電影，這多少吸引了諸多不捨的觀眾進場。當然，《霍元甲》之後，李連杰並沒有息影，而隔年他出演的《投名狀》，確實不是一部武打電影，這似乎坐實了李連杰的宣告……但是，很快地他又演出了《功夫之王》、《神鬼傳奇 3》、甚至是《浴血任務》系列等等。這些電影裡雖然他多半不是主角，但至少也會露個幾下拳腳功夫。更別提 2011 年的《龍門飛甲》，這部《龍門客棧》的精神續集裡，李連杰還飾演了大俠主角趙懷安……那麼，所謂的「最後一部武術電影」，是否只是李連杰的一時口快呢？《霍元甲》問題是，李連杰口中的「武術電影」，與觀眾所認知的拳腳亂舞功夫電影，是有差距的。姑且不論其實李連杰在拍攝《霍元甲》時，全身舊傷新創已經讓他難以忍受，這部實打實的武打電影，已經可以算是他的封刀之作了。但是從《霍元甲》付諸製作的過程中，我們可以發現，《霍元甲》對李連杰而言，並非單純的武打電影，也不只是他的退休作品，而是一部闡述他心中所謂「武術精神」的電影。拳來腳往是武打沒錯，但那不能代表武術精神。止戈為武，以武會友，以武抗外，這些李連杰當時練武將近四十年所體悟到的武術精神，全放進《霍元甲》了。《霍元甲》導演于仁泰曾經拒絕執導，他覺得霍元甲這個題材已經被炒到爛了。確實沒錯，儘管霍元甲出身天津，但他可以說是香江影壇特有的超英雄之一。當才子倪匡將李小龍在 1972 年電影《精武門》飾演的主角陳真，設定為霍元甲的弟子，這個無名的陳真，立刻被附上了一絲救國反日英雄的幽魂。隨著《精武門》一炮而紅，原本脫胎自圍繞在霍元甲身上稗官野史的陳真，反過來拉抬了霍元甲在影視人士心目中的地位。《精武門》李小龍飾演陳真。1981年，香港麗的電視製播了影集《大俠霍元甲》；1982 年袁和平率領袁家班，執導了電影《霍元甲》；1995 年的亞視影集《精武門》不只是李小龍《精武門》的翻拍，它讓霍元甲與弟子陳真一起登場，然後接連死在奸詐日本人手下——順帶一提，本劇幾乎所有重要角色都難逃一死。這數十年來，儘管虛構人物陳真第一次打響精武門的名號，但後起的師傅霍元甲，登場次數也不遑多讓。《精武英雄》李連杰飾演陳真。在 2006 年之前，就有梁小龍、黃元申、高雄、趙文卓、梁家仁、袁日初、王道、劉家輝、甚至還有 14 歲的左孝虎，都飾演過霍元甲，如果再加上梁小龍、羅莽、李連杰、甄子丹等人飾演的陳真，或是錢小豪飾演的霍東閣（其實只是霍元甲/陳真形象的另一種變體）等等，幾乎大多數有名的武打明星都當過霍元甲，而相關「精武」宇宙的影視作品也超過了二十部。所以，再拍一次霍元甲，特別是再拍一次已經在 1994 年演過陳真（《精武英雄》）的李連杰《霍元甲》，實在不是一個好點子。但于仁泰最終仍然執導了《霍元甲》，據他表示，李連杰告訴他：「我六歲開始學習中國武術，我希望能夠借助一部電影，講述到底什麼是中國武術。」《霍元甲》。《霍元甲》其實並不是一部霍元甲電影，它非常大程度地顛覆了霍元甲的生平。即便霍元甲本人的生平，已經被精武宇宙或武俠小說家搞得偏離現實，但是《霍元甲》魔改得更多：霍元甲的生母與女兒遭到仇家殘殺，他自我放逐來到了偏遠的南方秘境（可能是廣西或雲南），最終才返回天津繼續一個打十個。這番滅門描述不但是所有精武宇宙首創，還惹得霍家嫡孫霍壽金，起訴《霍元甲》製片公司與李連杰，要求道歉與停止發行。《霍元甲》當然人家孫子會生氣（如果滅門了怎麼會有孫子），但《霍元甲》並非一部單純的霍元甲電影，它的重心甚至不在「東亞病夫」或「一個打十個」上，它與所有精武系作品有很多不同。這部電影的前三分之二，是一個沒人看過的霍元甲，他志高氣傲，立誓成為「津門（天津）第一」，這讓他熱衷於打擂臺，並且為了不復蹈父親的前徹，他在擂臺上絕不留情，勢將對方打到手斷腳斷。電影裡霍元甲的好友農勁蓀（農確實是霍的好友，這是這部電影裡少數符合史實的設計），問霍元甲為何執著於津門第一的名號。這是個有趣的疑問，因為我們在電影裡看到，霍元甲也打擂臺的父親霍恩第，並非死於擂臺。而他家境看來富裕，也不需要擂臺獎金謀生。那麼，霍元甲為何如此汲汲營營？為何堅持「只能贏不能輸」？電影裡，霍元甲與農勁蓀站在深夜擂臺上，霍元甲耳中幻聽到的是……擂臺下觀眾的歡呼聲。《霍元甲》霍元甲是為了津門第一的榮耀而戰，是這份虛榮讓他在擂臺上支持下去，霍元甲不是為了國仇家恨而戰，而是為了名利浮華。這是李連杰對於武的定義，也有點近乎徐皓峰在《一代宗師》劇本裡寫的「功夫，兩個字，一橫一豎，錯的倒下，對的站著」。勝負是武的宗旨，但人生又何只論勝負，武只是一種分高下的技藝，是一件單純的工具。李連杰的《霍元甲》不想只是一部中國功夫報復日本人的電影，它還想藉由這位中國傳統超英雄，講述武人從尚武、演化到推崇武術精神的過程。《致命武器 4》某種程度上這很像李連杰的自述，他在1998年成功進入好萊塢，演出了《致命武器 4》、《致命羅密歐》、《救世主》與《龍潭虎穴》，還與盧貝松合作了《龍吻》與《鬥犬》等等作品，可以說他已經是全球走紅的動作巨星，但他卻選擇在《鬥犬》上映後立即籌拍《霍元甲》，一部由港資/中資為主、並且以中港台觀眾熟悉的民族英雄為主角的武打電影，似乎代表著，這些他主演的好萊塢電影，無法傳達他崇尚的武術精神。|https://news.agentm.tw/271315/|https://news.agentm.tw/wp-content/uploads/1232t3y-390x219.png|['甄子丹', '主演', '電影', '台市場', '票房', '台詞', '社會', '流行語', '電影', '李連杰', '武術', '電影', '主角', '中國', '功夫', '悲劇', '英雄', '亞洲', '天王', '主題曲', '霍元甲', '霍元甲', '看看', '電影', '魅力', '霍元甲', '內容', '目錄', '巨星', '引退', '李連杰', '霍元甲', '武術', '電影', '觀眾', '霍元甲', '李連杰', '出演', '投名狀', '李連杰', '宣告', '演出', '功夫', '神鬼傳奇', ' 3', '浴血', '任務', '系列', '電影', '主角', '露個', '拳腳', '功夫', '龍門飛甲', '龍門客棧', '精神', '續集', '李連杰', '飾演', '大俠主角', '趙懷安', '武術', '電影', '李連杰', '霍元甲', '問題', '李連杰', '武術', '電影', '觀眾', '拳腳', '功夫', '電影', '差距', '李連杰', '拍攝', '霍元甲', '全身', '舊傷', '霍元甲', '製作', '過程', '霍元甲', '李連杰', '作品', '武術', '精神', '電影', '武打', '武術', '精神', '武抗外', '李連杰', '武術', '精神', '放進', '霍元甲', '霍元甲', '導演', '于仁泰', '執導', '霍元甲', '題材', '炒到爛', '霍元甲', '天津', '香江', '影壇', '才子', '倪匡', '李小龍', '電影', '精武門', '飾演', '主角', '陳真', '霍元甲', '弟子', '陳真', '附上', '日英雄', '幽魂', '精武', '圍繞', '霍元甲', '官野史', '陳真', '拉抬', '霍元甲', '影視', '人士', '心目', '地位', '精武門', '李小龍', '飾演', '陳真', '香港麗的', '電視製', '影集', '大俠', '霍元甲', '袁和平', '袁家班', '執導', '電影', '霍元甲', '亞視影集', '精武門', '李小龍', '精武門', '翻拍', '霍元甲', '弟子', '陳真', '本人', '手下', '角色', '虛構', '人物', '陳真', '打響', '精武門', '名號', '師傅', '霍元甲', '次數', '李連杰', '飾演', '陳真', '梁小龍', '黃元申', '高雄', '趙文卓', '梁家仁', '袁日初', '王道', '劉家輝', '左孝虎', '飾演', '霍元甲', '加上', '梁小龍', '羅莽', '李連杰', '甄子丹', '飾演', '陳真', '錢小豪', '飾演', '霍東閣', '霍元甲', '陳真', '形象', '變體', '明星', '霍元甲', '影視', '作品', '霍元甲', '陳真', '精武英雄', '李連杰', '霍元甲', '點子', '于仁泰', '執導', '霍元甲', '李連杰', '學習', '中國', '武術', '借助一部', '電影', '中國', '武術', '霍元甲', '霍元甲', '霍元甲', '電影', '程度', '顛覆', '霍元甲', '生平', '霍元甲', '生平', '小說家', '現實', '霍元甲', '霍元甲', '生母', '女兒', '殘殺', '放逐來', '廣西', '雲南', '天津', '滅門', '描述', '宇宙', '首創', '霍家', '嫡孫', '霍壽金', '起訴', '霍元甲', '製片', '公司', '李連杰', '發行', '霍元甲', '孫子', '孫子', '霍元甲', '霍元甲', '電影', '重心', '東亞病夫', '精武系', '作品', '電影', '霍元甲', '津門', '天津', '父親', '擂臺', '打到手斷腳斷', '電影', '霍元甲', '好友', '農勁蓀', '好友', '電影', '史實', '設計', '霍元甲', '津門第一', '名號', '疑問', '電影', '霍元甲', '打擂臺', '父親', '霍恩第', '擂臺', '家境', '擂臺', '獎金', '霍元甲', '電影', '霍元甲', '農勁蓀', '擂臺', '霍元甲耳中幻聽到', '擂臺', '觀眾', '歡呼聲', '霍元甲', '霍元甲', '津門第一', '榮耀', '擂臺上', '支持', '霍元甲', '仇家恨而戰', '李連杰', '武的', '定義', '宗師', '劇本', '功夫', '勝負', '宗旨', '人生', '勝負', '技藝', '工具', '李連杰', '霍元甲', '中國', '功夫', '報復', '本人', '電影', '中國', '英雄', '武人', '尚武', '武術', '精神', '過程', '武器', '程度', '李連杰', '好萊塢', '演出', '武器', '羅密歐', '救世主', '龍潭虎穴', '盧貝松', '龍吻', '鬥犬', '作品', '全球', '動作', '巨星', '選擇', '鬥犬', '籌拍', '霍元甲', '港資', '中資', '港台', '觀眾', '民族', '英雄', '主角', '主演', '好萊塢', '電影', '武術', '精神']|[('霍元甲', 48), ('電影', 22), ('李連杰', 18), ('武術', 11), ('陳真', 10), ('飾演', 7), ('功夫', 6), ('精神', 6), ('中國', 5), ('精武門', 5), ('擂臺', 5), ('主角', 4), ('觀眾', 4), ('作品', 4), ('英雄', 3), ('執導', 3), ('天津', 3), ('李小龍', 3), ('甄子丹', 2), ('主演', 2), ('巨星', 2), ('演出', 2), ('拳腳', 2), ('過程', 2), ('于仁泰', 2), ('弟子', 2), ('影視', 2), ('本人', 2), ('名號', 2), ('梁小龍', 2), ('程度', 2), ('生平', 2), ('孫子', 2), ('父親', 2), ('好友', 2), ('農勁蓀', 2), ('津門第一', 2), ('勝負', 2), ('武器', 2), ('好萊塢', 2), ('鬥犬', 2), ('台市場', 1), ('票房', 1), ('台詞', 1), ('社會', 1), ('流行語', 1), ('悲劇', 1), ('亞洲', 1), ('天王', 1), ('主題曲', 1), ('看看', 1), ('魅力', 1), ('內容', 1), ('目錄', 1), ('引退', 1), ('出演', 1), ('投名狀', 1), ('宣告', 1), ('神鬼傳奇', 1), (' 3', 1), ('浴血', 1), ('任務', 1), ('系列', 1), ('露個', 1), ('龍門飛甲', 1), ('龍門客棧', 1), ('續集', 1), ('大俠主角', 1), ('趙懷安', 1), ('問題', 1), ('差距', 1), ('拍攝', 1), ('全身', 1), ('舊傷', 1), ('製作', 1), ('武打', 1), ('武抗外', 1), ('放進', 1), ('導演', 1), ('題材', 1), ('炒到爛', 1), ('香江', 1), ('影壇', 1), ('才子', 1), ('倪匡', 1), ('附上', 1), ('日英雄', 1), ('幽魂', 1), ('精武', 1), ('圍繞', 1), ('官野史', 1), ('拉抬', 1), ('人士', 1), ('心目', 1), ('地位', 1), ('香港麗的', 1), ('電視製', 1), ('影集', 1), ('大俠', 1), ('袁和平', 1), ('袁家班', 1), ('亞視影集', 1), ('翻拍', 1), ('手下', 1), ('角色', 1), ('虛構', 1), ('人物', 1), ('打響', 1), ('師傅', 1), ('次數', 1), ('黃元申', 1), ('高雄', 1), ('趙文卓', 1), ('梁家仁', 1), ('袁日初', 1), ('王道', 1), ('劉家輝', 1), ('左孝虎', 1), ('加上', 1), ('羅莽', 1), ('錢小豪', 1), ('霍東閣', 1), ('形象', 1), ('變體', 1), ('明星', 1), ('精武英雄', 1), ('點子', 1), ('學習', 1), ('借助一部', 1), ('顛覆', 1), ('小說家', 1), ('現實', 1), ('生母', 1), ('女兒', 1), ('殘殺', 1), ('放逐來', 1), ('廣西', 1), ('雲南', 1), ('滅門', 1), ('描述', 1), ('宇宙', 1), ('首創', 1), ('霍家', 1), ('嫡孫', 1), ('霍壽金', 1), ('起訴', 1), ('製片', 1), ('公司', 1), ('發行', 1), ('重心', 1), ('東亞病夫', 1), ('精武系', 1), ('津門', 1), ('打到手斷腳斷', 1), ('史實', 1), ('設計', 1), ('疑問', 1), ('打擂臺', 1), ('霍恩第', 1), ('家境', 1), ('獎金', 1), ('霍元甲耳中幻聽到', 1), ('歡呼聲', 1), ('榮耀', 1), ('擂臺上', 1), ('支持', 1), ('仇家恨而戰', 1), ('武的', 1), ('定義', 1), ('宗師', 1), ('劇本', 1), ('宗旨', 1), ('人生', 1), ('技藝', 1), ('工具', 1), ('報復', 1), ('武人', 1), ('尚武', 1), ('羅密歐', 1), ('救世主', 1), ('龍潭虎穴', 1), ('盧貝松', 1), ('龍吻', 1), ('全球', 1), ('動作', 1), ('選擇', 1), ('籌拍', 1), ('港資', 1), ('中資', 1), ('港台', 1), ('民族', 1)]|4.248741358736652e-10|"李連杰當年聲稱《霍元甲》是他最後一部武術電影 | 《霍元甲》其實並不是一部霍元甲電影 | 李連杰的《霍元甲》不想只是一部中國功夫報復日本人的電影"
電影專題/電影背後_2023-12-29_102|2023-12-29|曾是票房史上第一、製作成本最高、宮神第一次喊退休……你知道《魔法公主》擁有哪些第一紀錄嗎？|電影專題|1997 年，是日本影壇重要的時刻：此前過去十五年，日本電影市場史上最賣座的電影，是來自好萊塢的《外星人 E.T.》。這一年，吉卜力動畫電影《魔法公主》，成為日本史上第一部票房突破兩百億日圓的電影、成為史上最賣座的動畫電影、而它也成功篡了《外星人 E.T.》的位，成為日本史上最賣座的電影。事隔數十年，《魔法公主》再度回歸台灣大銀幕上映，讓我們來看看這部偉大電影的諸多「第一」紀錄。內容目錄《魔法公主》不只是當時日本史上票房冠軍，它在許多面向都是第一：它是吉卜力當時史上製作費最高昂的電影，這些製作費大多用去哪裡了呢？錢全部都變成了我們看到的畫幀。《魔法公主》的作畫張數高達十四多萬張，從電影開場，主角阿席達卡爬上監視台的動作，就看得出大量作畫張數所製造的細膩動作感。此外山獸神在森林深處登場的鏡頭，觀眾也會看到多層畫像疊加在一起製造出來的景深感，這些都是錢堆出來的手工苦勞。《魔法公主》。《魔法公主》是宮﨑駿的「第一次退休」作品。在《魔法公主》上映將近三個月的時候，宮﨑接受雜誌採訪。當時他表示：「我已經看到自己未來的前途……如果繼續一邊製作動畫，一邊嚷嚷『啊啊好忙啊』或是『該死的！』，就這樣地死去，我不要這種結局，所以，現在我想要隨心所欲（「道樂」）過活了。」這被當時媒體認為「宮﨑駿要離開動畫界」的發言，震驚全日本，這位在動畫界工作將近三十五年的老將，要將《魔法公主》當作自己的最後「退休作」了。事實上，宮﨑氏在七〇年代就在靠腰退休了，這一直是他的工作模式：沒日沒夜地工作到死，電影上映後，就開始拼命抱怨為什麼要這麼累，然後過了幾個月，等他對有興趣的事物研究到了一個程度，他又興沖沖地重複這個「過勞死→喊退休」的無間輪迴。《魔法公主》。但是，這次在隔年就由宮﨑駿本人收回的第一次退休宣言，似乎並非嚷嚷而已：《魔法公主》濃縮了宮﨑駿本人對繩紋文化、照葉樹林生態對日本古早原住民族群的發展影響、乃至人與大自然如何共存的種種議題洞見，也同時充滿了宮﨑駿對人類發展的憤怒與無奈，至今再看一次，仍然能感受到《魔法公主》其中的熱度。也許，宮﨑駿在 1997 年是真的想過要退休，在退休前將所有他想講的真心話，都放進《魔法公主》裡。小宮﨑駿九歲的近藤喜文，是吉卜力全力栽培的接班人，他從七〇年代開始就一直是宮﨑駿與高畑勳的班底，他們曾經一起在以東映動畫為班底的 A 製片公司（A プロダクション）合作過《魯邦三世》等作品，八〇年代末加入了吉卜力。可以說，近藤是最熟悉宮﨑與高畑不同工作模式的好夥伴。而近藤在 1995 年首度執導吉卜力電影《心之谷》，獲得廣大迴響，這個成績更奠定了近藤的地位。被稱為「吉卜力中流砥柱」的近藤喜文。但近藤喜文除了本身的製作功力受到肯定之外，更重要的是，他是優秀的中間管理層人才。近藤不但熟悉老闆們的工作模式，他也能站在中間橋樑的角度做好上下溝通與管理。這聽起來似乎不是什麼了不起的才能，但在必須團體合作才能成事的動畫界裡，卻是最重要的關鍵元素。對天才宮﨑駿來說，他的管理哲學就是「跟我一起過勞死」。但這對於才華明顯不及他的員工而言，即便一天工作四十八個小時，也無法達到宮﨑駿的作畫速度與品質。而在這個狀況下，善於溝通的近藤喜文便不可或缺了。近藤與宮﨑有極佳的默契，如果沒有近藤，宮﨑必須畫下大量的分鏡稿，才能讓下屬清楚他想呈現的畫面。但如果有近藤，宮﨑只要告訴他這個橋段的大綱，他就能理解宮﨑腦中的想像，而且，他還能「翻譯」這些宮﨑的想法讓其他同仁了解。可以說，近藤是宮﨑駿的翻譯機，也是他最有力的左右手。1988 年，吉卜力決定讓《龍貓》與《螢火蟲之墓》做同檔聯映 (double feature)，這代表兩部電影要一起推出、一起上映，當然也是一起製作，這是不可能的任務，連員工數更多的東映動畫也沒作過這種大計畫，這引發了一場吉卜力內鬥：宮﨑駿表示「如果沒有近藤，《龍貓》是無法完成的」；但高畑勳也強烈表示如果沒有近藤，那麼《螢火蟲之墓》也不可能完成……宮﨑駿與高畑為了爭奪近藤而大吵一架，是當時的監製鈴木敏夫居中協調，才解決這場企業內部爭議。《魔法公主》。只不過，《魔法公主》是近藤喜文最後一次擔任宮﨑駿的副手，身負作畫導演重責的他，在這部吉卜力史上最高預算、同時也是作畫張數最大量的作品裡，工作量可想而知地也加了好幾倍。而他在工作過程中，直接在吉卜力的工作室中昏倒，送醫後被診斷出罹患主動脈剝離的重症。《魔法公主》上映後半年，這部電影仍然在院線熱映的同時，1998 年一月，才正值四十七歲壯年的近藤病逝，幾乎代表了吉卜力未來後繼無人的命運。《魔法公主》。《魔法公主》是宮﨑駿構思十六年的故事，其中打掉重練超過十次以上，它最初是一個傳統的「怪物娶親」故事，最終我們看到的版本比原始構想複雜與殘酷許多，整個主題也完全不同。而即便不考慮這十六年走走停停的籌備過程，製作期間也長達三年，而這也與原始預計二十個月的製作時程有很大的差異，這些變化不但顯示了《魔法公主》的製作艱難程度，同時也反映了，吉卜力監製鈴木敏夫能夠說服投資者同意出資，是多麼不容易的一件事。《魔法公主》。當《魔法公主》籌備接近結束，鈴木預估整體工作時程約二十個月，以每月一億日圓的製作開支，這部電影最少得掙到二十億日圓的成本。這二十億有多驚人，以鈴木早先經手過從《螢火蟲之墓》到《心之谷》的六部吉卜力電影而論，平均每部吉卜力電影的成本也僅十億日圓左右。這因而引發了一個好問題：一部成本高出其他吉卜力作品兩倍的電影，營收會是其他作品的兩倍嗎？鈴木敏夫戒慎惶恐，他要說服吉卜力母公司德間書店的社長德間康快，慷慨批准他二十億日圓的提案。鈴木謹慎地想從最低預算的十五億日圓談起，著思之後在溝通中，一步一步墊高金額至二十億為止。沒想到，德間社長一聽到十五億圓的提議，就一口氣同意了鈴木二十億日圓的計畫。但社長並非信口開河，他很清楚《魔法公主》的風險有多高──二十個月的工時很可能會超標。《魔法公主》。因此德間社長與鈴木討論，除了德間書局與吉卜力出資之外，再拉進曾經出資《魔女宅急便》的日本電視台，與日本大型廣告公司電通，四間公司一起負擔成本與風險。這四間公司計畫，投入二十億的《魔法公主》，票房回本底限定在三十六億日圓。此前最賣座的吉卜力電影，是 1992 年的《紅豬》，票房約二十七億日圓……也就是說，預算比其他作品高十億日圓的《魔法公主》，最少票房也要比《紅豬》高上十億左右。鈴木敏夫要求甚高，因為這是史上首次有出版社、動畫工作室、電視台與廣告公司共同出資一部動畫電影，賠錢會造成無法挽救的影響……不，這部電影不但不能賠錢，只能賺錢，而且還要賺得比股東預估的三十六億還要高。鈴木無情地決定《魔法公主》要以五十億日圓票房做為標準──這樣即便不如預期，也至少還能符合三十六億的目標。當時日本電影史上最賣座的作品，是票房五十九億圓的《南極物語》。也就是說，《魔法公主》在還沒出生前，就已經決定了「成為日本史上第一賣座作品」的目標。《魔法公主》。《魔法公主》是吉卜力進軍海外的第一部作品，它在 1998 年二月，獲得柏林影展邀請，宮﨑駿本人參與了影展記者會，他對著許多首次經歷吉卜力洗禮的記者說，這部電影不會告訴觀眾誰是善良誰是邪惡。這讓海外媒體大開眼界，一部描繪人類破壞生態的電影裡，科技與工業通常預設是邪惡的一方。但記者們看到的「黑帽子大人」儘管是個毫不掩飾貪婪與激進的一方之霸，願意殺害森林神祇以增進自己勢力的發展，但另一方面，她卻是明理進取的領袖，為女性與社會低階人士開創了一片自由天堂。這種刻意模糊善惡的手法，使《魔法公主》震撼了柏林影展，而宮﨑駿讓西方媒體見識了日式動畫電影的技法與劇情深度，這讓他聲名大噪，儘管代理《魔法公主》的米拉麥克斯影業憤怒地質問吉卜力，要他們好好解釋山獸神究竟是「好神」還是「壞神」？黑帽子是「好人」或「壞人」？否則，他們覺得觀眾絕對會因為看不懂而氣噗噗──這樣他們要怎麼推銷這部電影？《魔法公主》。這個疑問顯示了一個美國市場對動畫電影的偏見：好萊塢認為，動畫電影是給小孩子看的作品。而這又讓《魔法公主》締造了另一個意外的第一：《魔法公主》是第一部在美國證明……成人觀眾也能享受動畫電影的作品。英國紐卡索大學 (Newcastle University) 專門研究日本流行文化的日文系講師 Shiro Yoshioka，接受 BBC 採訪時表示：「我們試圖輸出日本動畫到美國市場時，通常會遇上一個問題：美國市場會認為動畫作品是給小孩子看的，而這是一種愚蠢的心態。八〇年代，宮﨑駿的《風之谷》首次輸出到美國市場，這部作品當時被美方魔改成一部善惡大戰的簡單故事，這讓宮﨑氏火冒三丈。而這是他為何始終堅持，《魔法公主》出口到美國時絕對不能進行任何修改的原因。」《魔法公主》。所謂「宮﨑駿的堅持」，可能比你想得還要恐怖：鈴木敏夫直接寄了一把武士刀，給一直挑剔《魔法公主》的米拉麥克斯影業老闆，也就是未來性侵醜聞纏身的惡質大亨哈維溫斯坦。鈴木寄的這把武士刀還附上一張紙條，上頭寫著：「不准砍。」哈維溫斯坦此前在紐約影展看完《魔法公主》後的第一個感想是：我要砍掉這部電影四十分鐘的片段，因為動畫太長沒人看（本片片長 133 分鐘），是知名小說家兼本片英文版編劇尼爾蓋曼好說歹說，哈維才放棄這個念頭。《魔法公主》的傳奇是說不完的，因為它是世界動畫史的不朽珍寶，現在再重看一次，而且是在台灣電影院的大銀幕上，觀賞數位修復的高清版本，你仍然會感受到淒厲的震撼──例如本片所有的射箭聲，都是出自真實射箭的側錄聲響。《魔法公主》有那麼多的第一紀錄，而二十六年後的現在，《魔法公主》仍然是許多人心目中的第一動畫作品，它永遠不曾褪色。|https://news.agentm.tw/270972/|https://news.agentm.tw/wp-content/uploads/曾是票房史上第一、製作成本最高、宮神第一次喊退休……你知道《魔法公主》擁有哪些第一紀錄嗎？-1-390x219.jpg|['日本', '影壇', '時刻', '日本', '電影', '市場', '電影', '好萊塢', '外星人', '吉卜力', '電影', '魔法公主', '日本史', '票房', '突破', '電影', '史上', '動畫', '電影', '外星人', '日本', '電影', '事隔', '魔法公主', '台灣', '銀幕', '看看', '電影', '紀錄', '內容', '目錄', '魔法公主', '日本', '票房', '冠軍', '面向', '吉卜力', '作費', '電影', '製作', '畫幀', '魔法公主', '張數', '電影', '主角', '阿席達卡', '監視台', '動作', '製造', '動作感', '山獸神在', '森林', '深處', '鏡頭', '觀眾', '畫像', '疊加', '手工', '魔法公主', '魔法公主', '宮﨑駿', '作品', '魔法公主', '時候', '宮﨑', '雜誌', '採訪', '前途', '製作', '動畫', '結局', '道樂', '媒體', '宮﨑駿', '離開', '動畫界', '發言', '日本', '動畫界', '工作', '老將', '魔法公主', '退休', '事實', '宮﨑氏', '工作', '模式', '電影', '興趣', '事物', '程度', '重複', '魔法公主', '宮﨑駿', '收回', '宣言', '魔法公主', '濃縮', '宮﨑駿', '文化', '葉樹林', '生態', '日本', '族群', '影響', '議題', '宮﨑駿', '人類', '發展', '魔法公主', '熱度', '宮﨑駿', '真心話，都', '放進', '魔法公主', '小宮﨑駿九歲', '近藤', '喜文', '吉卜力全力', '栽培', '接班人', '﨑駿', '高畑勳', '班底', '動畫', '班底', '製片', '公司', '魯邦三世', '作品', '加入', '吉卜力', '近藤', '宮﨑', '高畑', '工作', '模式', '夥伴', '近藤', ' 1995 年', '執導', '吉卜力', '電影', '迴響', '成績', '奠定', '近藤', '地位', '吉卜力中', '流砥柱', '近藤', '喜文', '近藤', '喜文', '功力', '管理層', '人才', '近藤', '老闆', '工作', '模式', '橋樑', '角度', '做好', '溝通', '管理', '才能', '團體', '動畫界', '關鍵', '元素', '宮﨑駿', '管理', '哲學', '員工', '工作', '小時', '速度', '品質', '狀況', '溝通', '近藤', '喜文', '近藤', '宮﨑', '默契', '近藤', '畫下', '分鏡稿', '下屬', '畫面', '近藤', '宮﨑', '橋段', '大綱', '宮﨑', '想像', '翻譯', '宮﨑', '想法', '同仁', '近藤', '翻譯機', '左右手', '吉卜力', '螢火蟲之墓', '電影', '推出', '製作', '任務', '員工數', '動畫', '計畫', '引發', '吉卜力', '宮﨑駿', '近藤', '龍貓', '完成', '高畑勳', '近藤', '螢火蟲', '完成', '宮﨑駿', '高畑', '爭奪', '近藤', '監製', '鈴木敏夫', '協調', '解決', '企業', '爭議', '魔法公主', '魔法公主', '近藤喜文', '﨑駿', '副手', '導演', '重責', '吉卜力史', '預算', '作畫', '張數', '作品', '工作量', '過程', '吉卜力', '工作室', '診斷出', '主動', '重症', '魔法公主', '電影', '院線', '壯年', '近藤', '吉卜力', '命運', '魔法公主', '魔法公主', '宮﨑駿', '故事', '打掉', '怪物娶親', '故事', '版本', '構想', '主題', '過程', '製作', '期間', '時程', '差異', '變化', '魔法', '公主', '程度', '吉卜力', '監製', '鈴木敏夫', '投資', '出資', '魔法公主', '魔法', '公主', '籌備', '接近', '鈴木', '整體', '工作', '時程', '開支', '電影', '掙到', '成本', '鈴木', '螢火蟲', '吉卜力', '電影', '吉卜力', '電影', '成本', '引發', '問題', '成本', '吉卜力', '作品', '電影', '營收', '作品', '鈴木敏夫', '吉卜力母', '公司', '德間書店', '社長', '德間康快', '提案', '鈴木', '預算', '溝通', '墊高', '金額', '德間', '社長', '提議', '鈴木', '計畫', '社長', '魔法公主', '風險', '魔法公主', '德間', '社長', '鈴木', '德間', '書局', '吉卜力出資', '拉進', '出資', '魔女宅', '日本', '電視台', '日本', '大型', '廣告公司', '電通', '公司', '負擔成本', '風險', '公司', '計畫', '投入', '魔法公主', '票房回本底', '吉卜力', '電影', '票房', '預算', '作品', '魔法公主', '票房', '紅豬', '鈴木敏夫', '要求', '出版社', '動畫', '工作室', '電視台', '廣告', '公司', '出資', '動畫', '電影', '挽救', '影響', '電影', '賺得', '股東', '鈴木', '魔法公主', '票房', '標準', '目標', '日本', '電影', '作品', '票房', '南極物語', '魔法公主', '日本', '作品', '目標', '魔法公主', '魔法公主', '吉卜力', '海外', '作品', '柏林', '影展', '宮﨑駿', '參與', '影展', '記者會', '吉卜力', '洗禮', '記者', '電影', '觀眾', '海外', '媒體', '描繪人類', '破壞生態', '電影', '科技', '工業', '記者們', '大人', '掩飾', '殺害', '森林', '神祇', '增進', '勢力', '發展', '領袖', '女性', '社會', '人士', '開創', '天堂', '善惡', '手法', '魔法公主', '柏林', '影展', '宮﨑駿', '媒體', '見識', '動畫', '電影', '技法', '劇情', '代理', '魔法', '公主', '米拉麥克斯', '影業', '吉卜力', '山獸神', '壞神', '帽子', '好人', '壞人', '觀眾', '推銷', '電影', '魔法公主', '疑問', '美國', '市場', '動畫', '電影', '偏見', '好萊塢', '動畫', '電影', '小孩子', '作品', '魔法公主', '締造', '意外', '魔法公主', '美國', '成人', '觀眾', '電影', '作品', '英國', '紐卡索', '大學', '日本', '文化', '日文系', '講師', '接受', '採訪', '輸出', '日本', '動畫', '美國', '市場', '遇上', '問題', '美國', '市場', '動畫作品', '小孩子看', '心態', '宮﨑駿', '輸出到', '美國', '市場', '作品', '美方', '大戰', '故事', '﨑氏火冒三丈。', '魔法公主', '口到美國', '進行', '修改', '原因', '魔法', '公主', '宮﨑駿', '鈴木敏夫', '武士刀', '挑剔', '魔法公主', '米拉麥克斯', '影業', '老闆', '性侵醜聞', '哈維溫斯坦', '鈴木寄', '武士刀', '附上', '紙條', '哈維溫斯坦', '紐約', '影展', '看完', '魔法公主', '砍掉', '電影', '片段', '動畫', '片長', '小說家', '英文版', '編劇', '爾蓋曼', '哈維', '放棄', '念頭', '魔法公主', '傳奇', '世界', '動畫史', '台灣', '電影院', '銀幕', '修復', '版本', '射箭聲', '側錄聲響', '魔法公主', '紀錄', '魔法公主', '心目', '作品']|[('魔法公主', 36), ('電影', 29), ('吉卜力', 16), ('近藤', 16), ('宮﨑駿', 14), ('作品', 13), ('日本', 12), ('動畫', 11), ('票房', 6), ('宮﨑', 6), ('工作', 6), ('鈴木', 6), ('市場', 5), ('公司', 5), ('鈴木敏夫', 5), ('美國', 5), ('製作', 4), ('觀眾', 4), ('喜文', 4), ('魔法', 4), ('公主', 4), ('社長', 4), ('影展', 4), ('媒體', 3), ('動畫界', 3), ('模式', 3), ('溝通', 3), ('計畫', 3), ('預算', 3), ('故事', 3), ('出資', 3), ('成本', 3), ('德間', 3), ('好萊塢', 2), ('外星人', 2), ('台灣', 2), ('銀幕', 2), ('紀錄', 2), ('張數', 2), ('森林', 2), ('採訪', 2), ('程度', 2), ('文化', 2), ('影響', 2), ('發展', 2), ('﨑駿', 2), ('高畑勳', 2), ('班底', 2), ('高畑', 2), ('老闆', 2), ('管理', 2), ('引發', 2), ('完成', 2), ('螢火蟲', 2), ('監製', 2), ('過程', 2), ('工作室', 2), ('版本', 2), ('時程', 2), ('問題', 2), ('風險', 2), ('電視台', 2), ('目標', 2), ('海外', 2), ('柏林', 2), ('米拉麥克斯', 2), ('影業', 2), ('武士刀', 2), ('哈維溫斯坦', 2), ('影壇', 1), ('時刻', 1), ('日本史', 1), ('突破', 1), ('史上', 1), ('事隔', 1), ('看看', 1), ('內容', 1), ('目錄', 1), ('冠軍', 1), ('面向', 1), ('作費', 1), ('畫幀', 1), ('主角', 1), ('阿席達卡', 1), ('監視台', 1), ('動作', 1), ('製造', 1), ('動作感', 1), ('山獸神在', 1), ('深處', 1), ('鏡頭', 1), ('畫像', 1), ('疊加', 1), ('手工', 1), ('時候', 1), ('雜誌', 1), ('前途', 1), ('結局', 1), ('道樂', 1), ('離開', 1), ('發言', 1), ('老將', 1), ('退休', 1), ('事實', 1), ('宮﨑氏', 1), ('興趣', 1), ('事物', 1), ('重複', 1), ('收回', 1), ('宣言', 1), ('濃縮', 1), ('葉樹林', 1), ('生態', 1), ('族群', 1), ('議題', 1), ('人類', 1), ('熱度', 1), ('真心話，都', 1), ('放進', 1), ('小宮﨑駿九歲', 1), ('吉卜力全力', 1), ('栽培', 1), ('接班人', 1), ('製片', 1), ('魯邦三世', 1), ('加入', 1), ('夥伴', 1), (' 1995 年', 1), ('執導', 1), ('迴響', 1), ('成績', 1), ('奠定', 1), ('地位', 1), ('吉卜力中', 1), ('流砥柱', 1), ('功力', 1), ('管理層', 1), ('人才', 1), ('橋樑', 1), ('角度', 1), ('做好', 1), ('才能', 1), ('團體', 1), ('關鍵', 1), ('元素', 1), ('哲學', 1), ('員工', 1), ('小時', 1), ('速度', 1), ('品質', 1), ('狀況', 1), ('默契', 1), ('畫下', 1), ('分鏡稿', 1), ('下屬', 1), ('畫面', 1), ('橋段', 1), ('大綱', 1), ('想像', 1), ('翻譯', 1), ('想法', 1), ('同仁', 1), ('翻譯機', 1), ('左右手', 1), ('螢火蟲之墓', 1), ('推出', 1), ('任務', 1), ('員工數', 1), ('龍貓', 1), ('爭奪', 1), ('協調', 1), ('解決', 1), ('企業', 1), ('爭議', 1), ('近藤喜文', 1), ('副手', 1), ('導演', 1), ('重責', 1), ('吉卜力史', 1), ('作畫', 1), ('工作量', 1), ('診斷出', 1), ('主動', 1), ('重症', 1), ('院線', 1), ('壯年', 1), ('命運', 1), ('打掉', 1), ('怪物娶親', 1), ('構想', 1), ('主題', 1), ('期間', 1), ('差異', 1), ('變化', 1), ('投資', 1), ('籌備', 1), ('接近', 1), ('整體', 1), ('開支', 1), ('掙到', 1)]|0.0056610508580801|"《魔法公主》是宮﨑駿的「第一次退休」作品 | 吉卜力動畫電影《魔法公主》 | 《魔法公主》是近藤喜文最後一次擔任宮﨑駿的副手"
電影專題/電影背後_2023-12-21_103|2023-12-21|【電影背後】獲得史蒂芬史匹柏首肯接下執導筒，《大師風華：真愛樂章》讓布萊德利庫柏花 6 年完成指揮夢|電影專題|《大師風華：真愛樂章》雖是一個不起眼的翻譯名，但其實多年以來都是備受矚目的拍攝計畫——畢竟這是知名指揮家李奧納德伯恩斯坦的生平故事，著重在他與妻子費莉西亞蒙蒂亞雷格雷的婚姻及家庭。這部電影在幾年前是熱門項目，由派拉蒙主導開發，從馬丁史柯西斯到史蒂芬史匹柏都曾是的導演人選；但布萊德利庫柏以孝心感動天的方式，以男主角之姿成功爭取到執導筒，兩位大導演則轉任為監製。在幾乎是被祝福的情況下得到這個計畫，布萊德利花了 6 年的時間準備及學習指揮，親自參與寫作劇本，也找來實力派的凱莉墨里根搭檔演出。在這樣的陣容下，《大師風華：真愛樂章》在威尼斯影展首映後獲得非常正面的迴響。內容目錄故事的源頭，要從派拉蒙開始講起。當時他們與馬丁史柯西斯還是多年合作夥伴，一直希望由馬丁來掌鏡，只可惜雙方在 2016 年《沈默》的票房損失之後就分道揚鑣了。再來他們找上了有興趣的史蒂芬史匹柏，已經形成初步共識。史匹柏認識布萊德利很久，也知道他從小到大都是指揮小粉絲，因此邀請他討論演出伯恩斯坦：「他知道我從小就很喜歡指揮，簡直就是著了迷，《湯姆貓和傑利鼠》跟《兔八哥》是我的最愛。我 8 歲的時候向聖誕老公公許願一支指揮棒，然後我就開始狂指揮，因為家裡一直在放古典音樂，好幾百個小時都停不下來。 」當時的布萊德利剛完成《一個巨星的誕生》。當了十幾年的演員，他描述自己終於找到熱愛的事物：寫作與拍攝電影。當他確認史匹柏不導《大師風華：真愛樂章》之後，他小心翼翼地拿出正在初剪的《一個巨星的誕生》，並且希望史匹柏過目。如果覺得過關的話，他想要好好研究伯恩斯坦的生平，再提出自己對執導這部電影的藍圖。「我正在放《一個巨星的誕生》，史蒂芬就在另一邊放映室的第一排。到了演唱會橋段，傑克森把艾莉叫到舞台前時，基本上就是電影最重要的那一幕——當她走上台時，史蒂芬也站起來了。我想說他是要去上廁所嗎？天啊，沒戲唱了，如果連最重要的橋段都這樣的話。他在走路時，我就把頭低下來想這件事，才注意到其實他是走來我面前。剛好那時電影的吉他聲很大聲，他就大喊『你他媽的該執導這部電影！』然後就走回去坐下了。」能夠獲得史匹柏的首肯，當然是世界上最棒的事情。史匹柏當時雇用的編劇，以《驚爆焦點》獲得奧斯卡最佳編劇的喬許辛格也繼續擔任，接下來布萊德利就找伯恩斯坦的孩子們獲得拍攝版權，開始做研究及學習指揮。那是 2017 年的事。儘管《一個巨星的誕生》如此成功，儘管有馬丁史柯西斯、史蒂芬史匹柏、陶德菲利普斯與布萊德利親自當監製，還找來奧斯卡常客的編劇與女主角，但其實沒有一間好萊塢片商願意接下來，即使是之前跟他合作過的也一樣。當時是疫情期間電影產業最低迷的狀態，沒有人要一個一半是黑白攝影，全片用 35 釐米的底片拍攝的古典音樂家傳記片。此時救星出現了，Netflix 原創電影部門的主席史考特史圖博答應了，並且絲毫不過問也不更動拍攝計畫，僅說了一句「我相信你」。這對他而言是近乎瘋狂的慷慨。於是《大師風華：真愛樂章》成為布萊德利的傾注心血之作，並且發現自己是個控制狂。作為導演，他不在片場擺上椅子讓大家休息（坐上椅子就會降低能量！）；作為演員，除了凌晨一點就要抵達現場準備妝髮以外，他向《瞞天大佈局》合作的克里斯汀貝爾學習方法演技，用伯恩斯坦的聲音執導整部電影：「拍攝這部電影是會跟隨我一輩子的經驗，徹底改變我作為藝術家的一面。」即便從小就愛當指揮，但要演出一個專業的、知名的、重量級的指揮是完全另外一回事。對他而言最難的就是那 6 分鐘不間斷的指揮場景，因為一旦他落後節奏一拍，後面就不用再拍下去了，整個樂團要重來——就在拍攝第一天，他花了 6 年學習的指揮技能，在那 6 分鐘完全派不上用場，沒有一個鏡頭可以用。「隔天早上醒來，我走進空無一人教堂——我們那天根本不應該在那裡拍攝——想要再試一次，於是我把所有人都帶進來，當著大家的面向李奧納德禱告：『謝謝你給我這個機會，我們需要再來一次』於是電影裡的畫面就是這麼來的，就是拍了那一次。」就這樣，給伯恩斯坦家族過目過劇本之後，布萊德利把拍攝現場當成聖所。除了史匹柏造訪片場三次以外，沒有任何拍攝團隊以外的人能進入，唯有參與這部電影的人齊心合力完成。事實也證明他的堅持再度創造出另一部好電影，《大師風華：真愛樂章》可望再風光入圍奧斯卡，就像是他造就了自己的大師誕生。|https://news.agentm.tw/270403/|https://news.agentm.tw/wp-content/uploads/未命名設計-25-1-390x219.png|['大師', '風華', '翻譯名', '拍攝', '計畫', '指揮家', '李奧納德伯恩斯坦', '生平', '故事', '妻子', '費莉西亞蒙蒂亞雷格雷', '婚姻', '家庭', '電影', '項目', '派拉蒙', '主導', '開發', '馬丁史柯西斯', '史蒂芬', '史匹柏', '導演', '人選', '布萊德利庫柏', '孝心感動天', '方式', '主角', '爭取到', '執導筒', '導演', '監製', '祝福', '情況', '計畫', '布萊德利', '時間', '準備', '學習', '指揮', '參與', '寫作', '劇本', '找來', '實力派', '凱莉墨里根搭檔', '演出', '陣容', '大師風華', '真愛樂章', '威尼斯', '影展', '正面', '迴響', '內容', '故事', '源頭', '派拉蒙', '講起', '馬丁史柯西斯', '夥伴', '馬丁', '票房', '損失', '找上', '興趣', '史蒂芬史匹柏', '共識', '布萊德利', '指揮', '粉絲', '邀請', '演出', '伯恩斯坦', '指揮', '湯姆貓', '傑利鼠', '時候', '聖誕老公公', '指揮棒', '指揮', '音樂', '小時', '布萊德利', '完成', '巨星', '演員', '描述', '找到', '事物', '寫作', '拍攝', '電影', '史匹柏', '大師', '風華', '拿出', '巨星', '史匹柏', '伯恩斯坦', '生平', '提出', '執導', '電影', '藍圖', '巨星', '史蒂芬', '放映室', '演唱會', '橋段', '傑克森', '艾莉', '舞台', '基本', '電影', '史蒂芬', '戲唱', '橋段', '面前', '電影', '吉他聲', '執導', '電影', '史匹柏', '世界', '事情', '史匹柏', '雇用', '編劇', '爆焦點', '奧斯卡', '編劇', '喬許辛格', '伯恩斯坦', '孩子', '版權', '學習', '指揮', '巨星', '馬丁史柯西斯', '史蒂芬史匹柏', '德菲利普斯', '布萊德利', '監製', '找來', '奧斯卡', '常客', '編劇', '主角', '好萊塢', '片商', '疫情', '期間', '電影', '產業', '狀態', '攝影', '底片', '拍攝', '音樂家', '傳記片', '救星', '原創', '電影', '部門', '主席', '史考特史圖博', '過問', '動拍攝', '計畫', '大師', '風華', '樂章', '布萊德利', '傾注', '心血', '控制狂', '導演', '擺上', '椅子', '坐上', '椅子', '能量', '演員', '現場', '準備', '克里斯汀貝爾', '學習', '方法', '伯恩斯坦', '聲音', '電影', '拍攝', '電影', '跟隨', '輩子', '經驗', '改變', '藝術家', '指揮', '演出', '重量級', '指揮', '指揮場景', '樂團要', '拍攝', '學習', '指揮', '技能', '派不', '用場', '鏡頭', '教堂', '拍攝', '李奧納德', '機會', '電影', '畫面', '伯恩斯坦', '家族', '過目', '劇本', '布萊德利', '拍攝', '現場', '聖所', '史匹柏', '造訪', '拍攝', '團隊', '參與', '電影', '完成', '事實', '創造出', '電影', '大師', '風華', '樂章', '奧斯卡', '大師']|[('電影', 13), ('拍攝', 8), ('指揮', 8), ('史匹柏', 6), ('布萊德利', 6), ('大師', 5), ('伯恩斯坦', 5), ('風華', 4), ('學習', 4), ('巨星', 4), ('計畫', 3), ('馬丁史柯西斯', 3), ('史蒂芬', 3), ('導演', 3), ('演出', 3), ('編劇', 3), ('奧斯卡', 3), ('生平', 2), ('故事', 2), ('派拉蒙', 2), ('主角', 2), ('監製', 2), ('準備', 2), ('參與', 2), ('寫作', 2), ('劇本', 2), ('找來', 2), ('史蒂芬史匹柏', 2), ('完成', 2), ('演員', 2), ('執導', 2), ('橋段', 2), ('樂章', 2), ('椅子', 2), ('現場', 2), ('翻譯名', 1), ('指揮家', 1), ('李奧納德伯恩斯坦', 1), ('妻子', 1), ('費莉西亞蒙蒂亞雷格雷', 1), ('婚姻', 1), ('家庭', 1), ('項目', 1), ('主導', 1), ('開發', 1), ('人選', 1), ('布萊德利庫柏', 1), ('孝心感動天', 1), ('方式', 1), ('爭取到', 1), ('執導筒', 1), ('祝福', 1), ('情況', 1), ('時間', 1), ('實力派', 1), ('凱莉墨里根搭檔', 1), ('陣容', 1), ('大師風華', 1), ('真愛樂章', 1), ('威尼斯', 1), ('影展', 1), ('正面', 1), ('迴響', 1), ('內容', 1), ('源頭', 1), ('講起', 1), ('夥伴', 1), ('馬丁', 1), ('票房', 1), ('損失', 1), ('找上', 1), ('興趣', 1), ('共識', 1), ('粉絲', 1), ('邀請', 1), ('湯姆貓', 1), ('傑利鼠', 1), ('時候', 1), ('聖誕老公公', 1), ('指揮棒', 1), ('音樂', 1), ('小時', 1), ('描述', 1), ('找到', 1), ('事物', 1), ('拿出', 1), ('提出', 1), ('藍圖', 1), ('放映室', 1), ('演唱會', 1), ('傑克森', 1), ('艾莉', 1), ('舞台', 1), ('基本', 1), ('戲唱', 1), ('面前', 1), ('吉他聲', 1), ('世界', 1), ('事情', 1), ('雇用', 1), ('爆焦點', 1), ('喬許辛格', 1), ('孩子', 1), ('版權', 1), ('德菲利普斯', 1), ('常客', 1), ('好萊塢', 1), ('片商', 1), ('疫情', 1), ('期間', 1), ('產業', 1), ('狀態', 1), ('攝影', 1), ('底片', 1), ('音樂家', 1), ('傳記片', 1), ('救星', 1), ('原創', 1), ('部門', 1), ('主席', 1), ('史考特史圖博', 1), ('過問', 1), ('動拍攝', 1), ('傾注', 1), ('心血', 1), ('控制狂', 1), ('擺上', 1), ('坐上', 1), ('能量', 1), ('克里斯汀貝爾', 1), ('方法', 1), ('聲音', 1), ('跟隨', 1), ('輩子', 1), ('經驗', 1), ('改變', 1), ('藝術家', 1), ('重量級', 1), ('指揮場景', 1), ('樂團要', 1), ('技能', 1), ('派不', 1), ('用場', 1), ('鏡頭', 1), ('教堂', 1), ('李奧納德', 1), ('機會', 1), ('畫面', 1), ('家族', 1), ('過目', 1), ('聖所', 1), ('造訪', 1), ('團隊', 1), ('事實', 1), ('創造出', 1)]|0.7862541010198971|"」當時的布萊德利剛完成《一個巨星的誕生》 | 但其實多年以來都是備受矚目的拍攝計畫——畢竟這是知名指揮家李奧納德伯恩斯坦的生平故事 | 當他確認史匹柏不導《大師風華：真愛樂章》之後"
電影專題/電影背後_2023-12-06_104|2023-12-06|【電影背後】《迷離夜蘇活》：60 年代墜落的明星夢，倫敦夜生活的風華與風險|電影專題|艾德格．萊特 (Edgar Wright) 是位擅長透過影像細部描繪城市的英國導演。2021 年的《迷離夜蘇活》，就是個關於倫敦蘇活歷史的故事。內容目錄萊特的血腥冰淇淋三部曲系列——2004 年的《活人甡吃》(Shaun of the Dead)、2007 年的《終棘警探》(Hot Fuzz) 和 2013 年的《醉後末日》(The World’s End) ——都是關於發生在英國小鎮的故事，尤其是在第三部《醉後末日》，每個停駐酒吧或是散步區，都是倫敦市區的某個建築物、酒吧、或是公園。2010 年的《歪小子史考特》(Scott Pilgrim vs. the World) 描繪的是多倫多青少年的電遊與情敵，2017 年的《玩命再劫》(Baby Driver) 是個關於喬治亞州亞特蘭大市的少年，因為誤入歧途而飛車鬧事的故事。在 2021 年的《迷離夜蘇活》(Last Night in Soho)，萊特再次回到倫敦，這次他深入 60 年代的倫敦夜生活，挖掘隱藏在蘇活歷史的絕代風華與致命風險。當然，在《迷離夜蘇活》的每個酒吧與建築物，也都是今日倫敦的實景，即使多半商店已經易主。《醉後末日》的倫敦地圖：圖片來源《玩命再劫》過去，萊特的主角們，幾乎都是中二類型的青少年男孩們（除了賽門．佩吉 Simon Pegg 稱不上少年，但性格還是很中二）。不過，在《迷離夜蘇活》，萊特改變以中二男孩為主角的作風，而是改以純真可愛的少女為主角。那些落入城市的男孩主角們（例如《玩命再劫》的寶貝），會有誤入歧途而被黑道綁架的風險；而那些帶著夢想而進入城市的女孩主角，同樣也會有誤入歧途的風險，而且，很有可能是被誘拐詐騙而墮入性產業的危險。在《玩命在劫》，生活在亞特蘭大的孤兒少男（小名寶貝）是個乖巧重聽的孩子，因為想要好好照顧年邁繼父，而以駕車天分鋌而走險，擔任搶劫集團的專用司機。而《迷離夜蘇活》的主角女孩艾莉（Eloise “Ellie” Turner，Thomasin McKenzie 飾演）則是因為誤入租屋險境，而被迫深入 60 年代的一場性產業悲劇。《迷離夜蘇活》艾莉自小生活在英國最南端的雷德魯司小鎮（Redruth，位於 Corwell，下圖的圖片來源是 Wikipedia），對於倫敦人來說，就是偏遠的鄉下。這也是為何艾莉那位不安好心的室友，會認為艾莉是個鄉下來的怪人（竟然敢穿自己縫製的衣服，且不懂設計師款）。Corwell 是位於英國本島的西南方角落的郡，而 Redruth 則是位於 Corwell 郡的西南角落。艾莉跟《玩命再劫》的寶貝一樣，都是與長者生活的孤兒，不過，艾莉比較幸運，她還是住在母親的家，由外婆照顧長大。此外，艾莉遺傳到母親的服裝設計天分，外加有雙能夠看到異世界的陰陽眼，讓艾莉從來都不寂寞，因為她能從鏡相看見母親，由鏡相與母親傳達意念。終於來到倫敦設計學院深造的艾莉，其實並不喜歡倫敦人的算計與複雜，對於夜生活也毫無興致。單純的艾莉只熱衷於服裝設計。於是，在經歷與室友第一晚的夜店喝酒喝到斷片，艾莉驚覺不合的室友住在一起，將會後患無窮，於是便不顧一切趕緊逃跑，迅速在外租屋，而荒謬奇遇的故事就此發生。《迷離夜蘇活》|https://news.agentm.tw/267097/|https://news.agentm.tw/wp-content/uploads/last-night-in-soho-1536x865-1-390x220.jpg|['艾德格．', '萊特', '影像', '描繪', '城市', '英國', '導演', '倫敦', '蘇活歷史', '故事', '內容', '目錄', '萊特', '冰淇淋', '三部', '系列', '終棘', '警探', '末日', '英國', '小鎮', '故事', '散步區', '倫敦', '市區', '建築物', '酒吧', '公園', '史考特', '描繪', '倫多', '少年', '情敵', '玩命', '喬治亞州', '亞特蘭大市', '少年', '飛車', '故事', '夜蘇活', '萊特', '倫敦', '倫敦', '生活', '挖掘', '隱藏', '風華', '風險', '酒吧', '建築物', '倫敦', '實景', '商店', '末日》', '倫敦', '地圖', '圖片', '來源', '萊特', '主角', '類型', '青少年', '男孩', '賽門', '佩吉', '少年', '性格', '中二', '萊特', '改變', '中二', '男孩', '主角', '作風', '少女', '主角', '城市', '男孩', '主角', '寶貝', '歧途', '黑道', '綁架', '風險', '夢想', '城市', '女孩', '主角', '歧途', '風險', '誘拐', '性產業', '玩命', '亞特蘭大', '孤兒', '少男', '寶貝', '孩子', '照顧', '集團', '司機', '主角', '女孩', '艾莉', '飾演', '險境', '產業', '悲劇', '艾莉', '英國', '雷德魯司', '小鎮', '下圖', '圖片', '來源', '倫敦人', '鄉下', '艾莉', '艾莉', '鄉下來', '怪人', '縫製', '衣服', '設計', '師款', '英國', '本島', '角落', '西南', '角落', '艾莉', '寶貝', '長者', '生活', '孤兒', '艾莉', '母親', '外婆', '照顧', '艾莉遺', '母親', '服裝', '設計', '天分', '外加', '陰陽', '艾莉', '鏡相', '母親', '鏡相', '母親', '意念', '倫敦', '設計', '學院', '艾莉', '倫敦', '算計', '夜生活', '興致', '艾莉', '服裝', '設計', '室友', '夜店', '艾莉', '室友', '奇遇', '故事']|[('艾莉', 10), ('倫敦', 8), ('主角', 6), ('萊特', 5), ('英國', 4), ('故事', 4), ('設計', 4), ('母親', 4), ('城市', 3), ('少年', 3), ('風險', 3), ('男孩', 3), ('寶貝', 3), ('描繪', 2), ('小鎮', 2), ('建築物', 2), ('酒吧', 2), ('玩命', 2), ('生活', 2), ('圖片', 2), ('來源', 2), ('中二', 2), ('歧途', 2), ('女孩', 2), ('孤兒', 2), ('照顧', 2), ('角落', 2), ('服裝', 2), ('鏡相', 2), ('室友', 2), ('艾德格．', 1), ('影像', 1), ('導演', 1), ('蘇活歷史', 1), ('內容', 1), ('目錄', 1), ('冰淇淋', 1), ('三部', 1), ('系列', 1), ('終棘', 1), ('警探', 1), ('末日', 1), ('散步區', 1), ('市區', 1), ('公園', 1), ('史考特', 1), ('倫多', 1), ('情敵', 1), ('喬治亞州', 1), ('亞特蘭大市', 1), ('飛車', 1), ('夜蘇活', 1), ('挖掘', 1), ('隱藏', 1), ('風華', 1), ('實景', 1), ('商店', 1), ('末日》', 1), ('地圖', 1), ('類型', 1), ('青少年', 1), ('賽門', 1), ('佩吉', 1), ('性格', 1), ('改變', 1), ('作風', 1), ('少女', 1), ('黑道', 1), ('綁架', 1), ('夢想', 1), ('誘拐', 1), ('性產業', 1), ('亞特蘭大', 1), ('少男', 1), ('孩子', 1), ('集團', 1), ('司機', 1), ('飾演', 1), ('險境', 1), ('產業', 1), ('悲劇', 1), ('雷德魯司', 1), ('下圖', 1), ('倫敦人', 1), ('鄉下', 1), ('鄉下來', 1), ('怪人', 1), ('縫製', 1), ('衣服', 1), ('師款', 1), ('本島', 1), ('西南', 1), ('長者', 1), ('外婆', 1), ('艾莉遺', 1), ('天分', 1), ('外加', 1), ('陰陽', 1), ('意念', 1), ('學院', 1), ('算計', 1), ('夜生活', 1), ('興致', 1), ('夜店', 1), ('奇遇', 1)]|1.0|"就是個關於倫敦蘇活歷史的故事 | 2021 年的《迷離夜蘇活》 | 《醉後末日》的倫敦地圖：圖片來源《玩命再劫》過去"
電影專題/電影背後_2023-11-09_105|2023-11-09|《勿說是推理》電影與漫畫「廣島篇」改編差異大比較：刪除了哪些橋段？還有久能整的身世之謎？|電影專題|做為日本富士電視台開台六十五週年紀念作品，改編自田村由美漫畫原著的日劇《勿說是推理》，播映完畢後很快地推出了電影版。這部電影在日本獲得連續五週票房冠軍，總票房已經突破四十四億日圓，是目前日本本土電影年度票房第二高的作品。可以說，這是觀眾對改編自漫畫裡「廣島篇」的《電影版 勿說是推理》最好的肯定。不過，電影與漫畫有許多不同之處，在你看完這部電影之後，不妨來看看電影修改了哪些漫畫的設定？這次的改編是不是真的讓電影青出於藍了呢？《電影版 勿說是推理》。【請注意：以下將有《電影版 勿說是推理》與漫畫《勿說是推理》廣島篇部份劇情或設定爆雷】內容目錄犬堂我路在《勿說是推理》整部漫畫裡，是非常重要的角色。他與主角久能整很明顯是棋逢對手，同時又心意相通。我路在不同故事裡經常擔任引路人的角色，留下線索吸引久能整的興趣。而在漫畫廣島篇裡，他事實上沒有真正現身，而是他發送信件給事件當事人狩集汐路，推薦久能整協助汐路，處理狩集家的遺產事件。而在整起事件中，久能不斷地回想我路所說過的話。但是，關於我路的戲份也僅止如此。正在逃亡中的我路，在廣島篇裡沒有實際出現。《電影版 勿說是推理》犬堂我路。不過在電影裡不一樣，開場我們就能見到由永山瑛太飾演的犬堂我路，與汐路在沙灘上談話。電影結局之後，我們會再一次見到我路……他正身在海上的遊艇，收到了事件結束的消息。與漫畫不同，日劇版與電影版都加重了我路的影響力，根據負責執導電影的松山博昭導演表示，我路是整個《勿說是推理》故事裡的關鍵角色，所以儘管漫畫廣島篇裡他沒有出場，在電影裡依舊會讓牠出現。而不管之後會不會繼續推出《勿說是推理》第二季，我路未來也會持續像這樣影響著久能，因此，這個角色必須在電影版裡現身。《電影版 勿說是推理》。廣島篇裡，汐路從東京就開始跟蹤久能整，一起上了前往廣島的新幹線，看著他解決了新幹線上的「繪圖信事件」，還在廣島布了一場鬧劇……汐路看著久能一路上的表現，給了他 75 分的「勉強及格」分數。不過這些「評分過程」在電影版裡都簡化了，在日劇版第十二集的廣島新幹線事件裡，汐路沒有出現；電影裡也沒有汐路安排小混混鬧事的情節，看起來，她是單純接受了我路的推薦，就相信了久能整的實力。《電影版 勿說是推理》狩集汐路與久能整。在漫畫裡，狩集一家聚集起來聆聽逝世大家長遺言的橋段，是發生在豪華大飯店的宴會廳，大家圍坐在西式長桌邊；但在電影裡，明顯致敬了同樣描寫豪族謀殺案的電影《犬神家一族》，大家是在狩集家的和室大廣間開會，正座（挺背跪坐）在榻榻米上。這種對《犬神家一族》、《八墓村》或過去二小時推理劇（兩小時長度的推理刑偵題材電視劇）的致敬比比皆是，包括了當發生事件時，拍攝在場角色個人特寫的手法；包括了汐路差點被花盆砸中時，她跑上擋土牆高處找尋犯人的橋段，都是這些傳統作品常用的表現形式。《電影版 勿說是推理》。但更重要的是，《電影版 勿說是推理》也借用了這些傳統推理劇中的「故布疑陣」手法。在漫畫裡，其實狩集家的四位堂表兄妹們，從故事一開始就幾乎排除了嫌疑。雖然汐路刻意製造了兄弟勾心鬥角的氣氛，但是，他們幾乎都願意分享自己的祕密（除了弓良之外），還有一段讓其中兩位哥哥自吐成長心境的橋段。不過在電影裡，理紀被刻意安排成劇情前段的陰謀家，他時常像傳統推理劇的反派角色一般，露出意味深長的凝視眼神，或是不自然的情緒反應，似乎他在掩飾自己的意圖；而同時理紀與新音都非常不願意讓其他兄弟姊妹檢視自己的倉庫，這也與漫畫截然不同──在漫畫裡，理紀甚至是最人畜無害的角色，反而存在感變得有點低落。而在電影裡，透過使用觀眾熟悉的推理劇公式，讓這些遺產準繼承人們，顯得更加心懷鬼胎，藉此營造出爾虞我詐的氣氛。《電影版 勿說是推理》理紀（中）。在漫畫裡，狩集、車坂、真壁三個家族有一個共同遵守的約定：例如車坂與真壁兩家的某個後代為獨生子女時，則不能與狩集家聯姻。這導致真壁家現在的孫女小絹，無法與相戀的理紀成婚。在電影裡，沒有介紹這條規則，也直接將小絹的角色刪除了；另外，麻里姑婆來到汐路家的設定（為了監視汐路家）也被刪除了，相信這些都是為了讓電影劇情更精簡所作的處理。《電影版 勿說是推理》。事實上，漫畫裡的久能整比電影更多話，在漫畫裡許多久能的碎碎念在電影裡都被刪除了。例如在漫畫與電影開頭，久能都到了廣島和平紀念館參觀。而在漫畫後段，久能說到了在紀念館裡，有一張廣島城護國神社裡的狛犬照片，狛犬在廣島原爆後仍然屹立不搖，而一些美國大兵前來與狛犬合照。久能好奇：「他們拍的時候不知做何感想？是我們辦到嘍！之類的？又或者，不外乎冷靜地確認實驗結果呢？」而這一段，在電影裡也被刪除了。其他包括「體育選手的母親」、「警探劇不尊重食物」、「人生終極選擇」等等久能擅長的「人生小發現」故事，都在電影裡被刪除了。這一方面明顯是篇幅上的考量，但另一方面，這也讓電影裡的久能整更安靜一點，保持多一點的神秘氣息……對推理劇而言，寡言的偵探可以帶來後段劇情翻轉時更大的戲劇效果。《電影版 勿說是推理》。在漫畫與電影裡，明顯看得出久能對廣島非常熟悉，汐路也提出她的疑問。因為在漫畫與電影裡，久能對廣島的知名景點位置十分熟悉。而在漫畫裡還有更多線索，例如久能會用鏟子而非筷子吃廣島燒；久能看到安藝的宮島招牌時，心想小時候都以為是「秋天的宮島」（因為日文裡安藝與秋天同音）。甚至在廣島篇最後，久能在廣島站準備搭車離開時，有路人叫住了他，問他是不是「龍貓」，並且表示自己應該與久能讀過相同小學。《電影版 勿說是推理》但是久能否認自己有過龍貓這個綽號，也不認識這位疑似小學同學的路人，一如先前他否定汐路自己是廣島人的橋段。在電影裡，雖然沒有車站認人與廣島燒的橋段，但當汐路問起他對廣島為何如此熟悉時，可以看到電影刻意給了久能一個沈默不語的鏡頭。這代表著，廣島絕對不會只是久能整旅程中的一個經過點而已，加上這部電影與廣島篇一直強調的「孩子是未乾的水泥」概念，也許，在久能小時候，他在廣島這個地方體驗過了某些烙下心傷的事件。《電影版 勿說是推理》整體來說，《電影版 勿說是推理》大抵忠實地改編了漫畫廣島篇的劇情，並且成功地透過刪減某些次要劇情，將原本劇組預估要花上六小時才能講完的廣島篇，濃縮成兩小時的電影。這是富士台的紀念開台大作，而電影版在日本市場的反應非常好──要注意，今年的日本本土真人電影表現並不好。也許，很快我們就會在大銀幕或小螢幕上，繼續看到這位堅持自己不是偵探的神探大學生。|https://news.agentm.tw/267698/|https://news.agentm.tw/wp-content/uploads/template-103-390x219.jpg|['日本', '富士', '電視台', '紀念', '作品', '改編', '田村由美', '漫畫', '原著', '日劇', '推理', '播映', '推出', '電影版', '電影', '日本', '票房', '冠軍', '票房', '突破', '日本', '本土', '電影', '年度', '票房', '作品', '觀眾', '改編', '漫畫', '廣島篇', '電影版', '推理', '電影', '漫畫', '看完', '電影', '看看', '電影', '修改', '漫畫', '電影青', '電影版', '推理', '電影版', '推理', '漫畫', '推理', '廣島', '劇情', '設定', '爆雷', '內容', '漫畫', '角色', '主角久', '對手', '心意', '故事裡經常', '引路人', '角色', '留下', '線索', '興趣', '漫畫', '廣島篇', '事實', '信件給', '事件當', '事人', '汐路', '推薦', '協助', '汐路', '處理', '事件', '事件', '戲份', '廣島篇', '電影版', '推理', '電影', '山瑛太', '飾演', '犬堂我路', '汐路', '沙灘', '電影', '結局', '遊艇', '收到', '事件', '消息', '漫畫', '日劇版', '電影版', '加重', '影響力', '執導', '電影', '松山博昭', '導演', '推理', '故事', '關鍵', '角色', '漫畫', '廣島', '電影', '推出', '推理', '響著', '角色', '電影版', '電影版', '推理', '廣島篇', '汐路', '東京', '廣島', '解決', '事件', '廣島', '汐路', '表現', '分數', '過程', '電影版', '日劇版', '廣島', '新幹線', '事件', '汐路', '電影', '汐路', '情節', '接受', '實力', '電影版', '推理', '漫畫', '聆聽', '大家長遺言', '橋段', '宴會廳', '長桌', '電影', '描寫', '豪族', '謀殺案', '電影', '犬神家', '和室大廣', '正座', '挺背', '榻榻米', '犬神家', '八墓村', '小時', '推理劇', '小時', '長度', '推理', '刑偵', '題材', '電視劇', '事件', '拍攝', '角色', '手法', '汐路', '花盆', '土牆', '高處', '找尋', '犯人', '橋段', '作品', '表現', '形式', '電影版', '推理', '電影版', '推理', '借用', '推理劇', '故布疑陣', '手法', '漫畫', '表兄妹', '故事', '排除', '嫌疑', '汐路', '製造', '兄弟', '氣氛', '祕密', '弓良', '吐成', '心境', '橋段', '電影', '理紀', '劇情', '陰謀家', '推理劇', '反派', '角色', '露出', '意味深長', '凝視', '眼神', '情緒', '反應', '掩飾', '意圖', '理紀', '新音', '兄弟', '姊妹', '檢視', '倉庫', '漫畫', '漫畫裡', '理紀', '人畜無害', '角色', '電影', '使用', '觀眾', '推理劇公式', '遺產準繼承人們', '鬼胎', '營造出', '氣氛', '電影版', '推理', '理紀', '漫畫', '車坂', '真壁', '家族', '車坂', '真壁', '後代', '子女', '真壁家', '孫女', '理紀', '電影', '規則', '角色', '刪除', '麻里姑婆', '汐路', '監視', '汐路家', '刪除', '電影', '劇情', '電影版', '推理', '事實', '漫畫', '電影', '漫畫', '電影', '刪除', '漫畫', '電影', '廣島', '紀念館', '參觀', '漫畫', '紀念館', '廣島城', '護國', '神社裡', '狛犬', '照片', '廣島', '美國', '大兵', '時候', '結果', '電影', '刪除', '體育選手', '母親', '警探劇', '食物', '人生', '選擇', '人生小', '故事', '電影', '刪除', '方面', '篇幅', '電影裡', '氣息', '推理', '偵探', '帶來', '劇情翻轉', '戲劇', '效果', '電影版', '推理', '漫畫', '電影', '廣島', '汐路', '提出', '疑問', '漫畫', '電影', '廣島', '景點', '位置', '漫畫', '線索', '鏟子', '筷子', '廣島', '安藝', '宮島', '招牌', '宮島', '日文', '安藝', '廣島篇', '廣島站', '離開', '叫住', '龍貓', '小學', '電影版', '推理', '綽號', '小學', '同學', '路人', '否定', '廣島人', '橋段', '電影', '廣島', '橋段', '汐路', '廣島', '電影', '鏡頭', '廣島', '旅程', '經過點而已', '電影', '廣島篇', '孩子', '水泥', '概念', '廣島', '地方', '體驗', '烙下', '心傷', '事件', '電影版', '整體', '電影版', '改編', '漫畫', '廣島篇', '劇情', '刪減', '劇情', '劇組', '花上', '小時', '講完', '廣島篇', '小時', '電影', '富士台', '紀念', '電影版', '日本', '市場', '反應', '日本', '本土', '真人', '電影', '表現', '螢幕', '偵探', '神探', '大學生']|[('電影', 28), ('漫畫', 21), ('電影版', 19), ('推理', 18), ('廣島', 14), ('汐路', 12), ('廣島篇', 8), ('角色', 8), ('事件', 7), ('日本', 5), ('劇情', 5), ('橋段', 5), ('理紀', 5), ('刪除', 5), ('小時', 4), ('作品', 3), ('改編', 3), ('票房', 3), ('故事', 3), ('表現', 3), ('推理劇', 3), ('紀念', 2), ('推出', 2), ('本土', 2), ('觀眾', 2), ('線索', 2), ('事實', 2), ('日劇版', 2), ('犬神家', 2), ('手法', 2), ('兄弟', 2), ('氣氛', 2), ('反應', 2), ('車坂', 2), ('真壁', 2), ('紀念館', 2), ('偵探', 2), ('安藝', 2), ('宮島', 2), ('小學', 2), ('富士', 1), ('電視台', 1), ('田村由美', 1), ('原著', 1), ('日劇', 1), ('播映', 1), ('冠軍', 1), ('突破', 1), ('年度', 1), ('看完', 1), ('看看', 1), ('修改', 1), ('電影青', 1), ('設定', 1), ('爆雷', 1), ('內容', 1), ('主角久', 1), ('對手', 1), ('心意', 1), ('故事裡經常', 1), ('引路人', 1), ('留下', 1), ('興趣', 1), ('信件給', 1), ('事件當', 1), ('事人', 1), ('推薦', 1), ('協助', 1), ('處理', 1), ('戲份', 1), ('山瑛太', 1), ('飾演', 1), ('犬堂我路', 1), ('沙灘', 1), ('結局', 1), ('遊艇', 1), ('收到', 1), ('消息', 1), ('加重', 1), ('影響力', 1), ('執導', 1), ('松山博昭', 1), ('導演', 1), ('關鍵', 1), ('響著', 1), ('東京', 1), ('解決', 1), ('分數', 1), ('過程', 1), ('新幹線', 1), ('情節', 1), ('接受', 1), ('實力', 1), ('聆聽', 1), ('大家長遺言', 1), ('宴會廳', 1), ('長桌', 1), ('描寫', 1), ('豪族', 1), ('謀殺案', 1), ('和室大廣', 1), ('正座', 1), ('挺背', 1), ('榻榻米', 1), ('八墓村', 1), ('長度', 1), ('刑偵', 1), ('題材', 1), ('電視劇', 1), ('拍攝', 1), ('花盆', 1), ('土牆', 1), ('高處', 1), ('找尋', 1), ('犯人', 1), ('形式', 1), ('借用', 1), ('故布疑陣', 1), ('表兄妹', 1), ('排除', 1), ('嫌疑', 1), ('製造', 1), ('祕密', 1), ('弓良', 1), ('吐成', 1), ('心境', 1), ('陰謀家', 1), ('反派', 1), ('露出', 1), ('意味深長', 1), ('凝視', 1), ('眼神', 1), ('情緒', 1), ('掩飾', 1), ('意圖', 1), ('新音', 1), ('姊妹', 1), ('檢視', 1), ('倉庫', 1), ('漫畫裡', 1), ('人畜無害', 1), ('使用', 1), ('推理劇公式', 1), ('遺產準繼承人們', 1), ('鬼胎', 1), ('營造出', 1), ('家族', 1), ('後代', 1), ('子女', 1), ('真壁家', 1), ('孫女', 1), ('規則', 1), ('麻里姑婆', 1), ('監視', 1), ('汐路家', 1), ('參觀', 1), ('廣島城', 1), ('護國', 1), ('神社裡', 1), ('狛犬', 1), ('照片', 1), ('美國', 1), ('大兵', 1), ('時候', 1), ('結果', 1), ('體育選手', 1), ('母親', 1), ('警探劇', 1), ('食物', 1), ('人生', 1), ('選擇', 1), ('人生小', 1), ('方面', 1), ('篇幅', 1), ('電影裡', 1), ('氣息', 1), ('帶來', 1), ('劇情翻轉', 1), ('戲劇', 1), ('效果', 1), ('提出', 1), ('疑問', 1), ('景點', 1), ('位置', 1), ('鏟子', 1), ('筷子', 1), ('招牌', 1), ('日文', 1), ('廣島站', 1), ('離開', 1), ('叫住', 1), ('龍貓', 1), ('綽號', 1), ('同學', 1), ('路人', 1), ('否定', 1), ('廣島人', 1), ('鏡頭', 1), ('旅程', 1), ('經過點而已', 1)]|0.0|"這是觀眾對改編自漫畫裡「廣島篇」的《電影版 勿說是推理》最好的肯定 | 《電影版 勿說是推理》大抵忠實地改編了漫畫廣島篇的劇情 | 【請注意：以下將有《電影版 勿說是推理》與漫畫《勿說是推理》廣島篇部份劇情或設定爆雷】內容目錄犬堂我路在《勿說是推理》整部漫畫裡"
電影專題/電影背後_2023-10-31_106|2023-10-31|《佛萊迪餐館之五夜驚魂》電影、遊戲與凱吉電影《弒樂園》大比拼：哪些有不同改編？哪些部份原創？|電影專題|2014 年，史考特考森一人編劇、美術與程式設計的獨立恐怖遊戲《佛萊迪餐館之五夜驚魂》誕生。至今九年，這部獨立遊戲，已經催生出八套續集遊戲與五套外傳遊戲，這還不包括其他小說或漫畫衍生作品，《佛萊迪餐館之五夜驚魂》儼然已經形成一個機器偶恐怖宇宙。這樣說來，過了九年我們才看到改編電影上映，似乎有點太慢了？而且，2021 年凱吉主演的電影《弒樂園》，似乎已經像是一套《佛萊迪餐館之五夜驚魂》改編電影。我們來比較 2014 年的遊戲《佛萊迪餐館之五夜驚魂》、2023 年的正宗改編電影、以及 2021 年的凱吉「疑似山寨」作《弒樂園》，看看它們有什麼不同？兩部電影誰又更正宗？打開遊戲《佛萊迪餐館之五夜驚魂》，你在遊戲裡會操作一名倒楣的新任警衛，這是你在費斯熊佛萊迪披薩餐廳工作的第一晚。這間餐廳已經荒廢多年，但餐廳裡理應也荒廢很久的機械動物偶卻似乎活得很好，他們開始甦醒，並且追殺主角，主角能做的，就是透過操作監視器、遙控鐵門、通風口等等各種餐廳系統，監視這些理應安息的機器偶是否保持一動也不動⋯⋯直到你在某個監視器畫面裡，突然看到機器偶張開血盆大口⋯⋯  *請注意，以下內容有電影版《佛萊迪餐館之五夜驚魂》、《佛萊迪餐館之五夜驚魂》系列遊戲、以及電影《弒樂園》劇情爆雷電影《佛萊迪餐館之五夜驚魂》。內容目錄電影版《佛萊迪餐館之五夜驚魂》劇情大抵忠實改編了 2014 年遊戲《佛萊迪餐館之五夜驚魂》的內容，但仍然有不少增刪。其中最大的不同，便是主角的背景故事。在遊戲裡，我們其實不太認識剛剛成為新警衛的主角。但是在電影裡，主角麥克有一整套完整的起源故事：他有一個童年的家庭悲劇，弟弟蓋瑞被擄走的經歷，成為他的心靈創傷，而且這個創傷影響到麥克成人時期，乃至整部電影。儘管麥克後來必須代替雙亡父母，照顧年幼的妹妹艾比，並與阿姨爭奪艾比監護權。但是，麥克仍然深受創傷所苦，這個創傷讓他易怒、無法維持工作，最終淪落到聽從職涯規劃師史蒂夫瑞克蘭的建議，成為佛萊迪餐館的警衛。這創傷甚至影響麥克，與困在餐館的小孩鬼魂做了交易，讓麥克將艾比交給他們。電影《佛萊迪餐館之五夜驚魂》。《弒樂園》的無名主角跟遊戲主角麥克一樣，沒有任何交待背景故事的橋段。觀眾對尼可拉斯凱吉飾演的「清潔工」一無所知（我們還是直接叫他凱吉比較順口），只知道他駕駛一台帥氣的雪佛蘭卡瑪洛跑車、對氣泡能量飲料成癮、而且他從不說話。《弒樂園》也不給予凱吉任何回憶片段，不解釋他一身武功從何而來，不解釋他為何看到中邪的機器偶開始暴走卻一點也不驚恐。凱吉像是一位老黑道、前特種部隊或是實驗失敗的人形兵器，總之只要有人/怪物打擾他清潔餐館的工作、或是打擾他定時喝飲料的時間，凱吉就會把對方「掃乾淨」。《弒樂園》。在 2014 年遊戲裡，提到了五位失蹤的小孩，他們被一位殺人魔誘拐後殺害，但他們的屍體卻一直沒被發現……直到有人發現餐廳裡的機器偶發出惡臭，並且眼睛嘴巴開始流出血水。在 2023 年電影裡，這個機器偶著魔的原因沒有被修改，一樣有五位小孩的屍體被藏在機器偶裡。但不太一樣的是，小孩的鬼魂卻與這些開始動作的機器偶，一起出現在佛萊迪餐館裡，甚至還與麥克的妹妹艾比成為好友。電影《佛萊迪餐館之五夜驚魂》。這是遊戲與電影的另一個不同之處，電影原創的新角色妹妹艾比，有某種通靈能力，這似乎造成了她某種自閉傾向，喜歡透過畫畫表達情緒——畫畫也能讓她與這些餐館地縛靈溝通。甚至在麥克親身在值班時遇鬼之前，艾比就已經能與這些鬼魂們溝通，甚至這些艾比稱為「朋友」的鬼魂，還坐在艾比床上；鬼魂操縱的機器偶甚至與艾比相處良好，電影中有一段還讓艾比與麥克和機器偶們玩起扮家家酒。這部份完全是電影原創的劇情，大幅降低了電影的恐怖氣氛，彷彿這些機器偶只是不懂事和被大反派操控的無辜殺手，而不是遊戲裡見人就殺的惡靈。電影《弒樂園》。《弒樂園》的設定簡單多了，連帶遊戲裡的反派角色關係也被簡化了：一群變態殺人魔集團，經營著「威利餐館」，並將來此的孩童或家庭偷偷殺害；他們罪行被發現後，遭到警方圍剿，但他們宛如《靈異入侵》的恰吉一般，死前將靈魂轉移到了店內的機器偶上。並且，他們與小鎮警長等鎮上大老做了交易，小鎮鄉民只要定期將無辜過路客，引誘到威利餐館內做為「獻祭」，這些機器偶就不會危害鎮上。而倒楣的凱吉成了最新的受害者，在此擔任短期清潔工。機器偶的恐怖能力，在三部作品裡都不太一樣。2023 年電影版本的機器偶們，可能是因為被童靈附身，這些機器偶堪稱神出鬼沒，幾乎可以自由地瞬間移動。像是奇卡 (Chica) 手上的「杯子蛋糕先生」(Mr. Cupcake)，可以無聲無息地出現在密閉的冷凍櫃裡，等著倒楣鬼打開冰櫃門。電影《佛萊迪餐館之五夜驚魂》。但是，除了這一點，也許是受限於《佛萊迪餐館之五夜驚魂》的 PG-13 分級尺度，你其實無法看到機器偶更加殘暴的攻擊手段，某些張開機器大嘴咬斷人體的橋段、或是爆頭橋段，都是以剪影或是畫外音形式交待。我們只能聯想，這些機器偶力氣強大——從電影持續出現的機器偶沈重腳步聲推斷，他們的體重應該不輕；而結局出現的「黃色兔子」，可以直接將人擊飛。但是反過來，只要使用電擊槍，就能讓這些機器偶短路無法動作⋯⋯不太了解，幽靈難道無法操控短路的機器偶嗎？電影《佛萊迪餐館之五夜驚魂》。遊戲裡一樣沒有殘殺橋段的細節，只有在遊戲裡提到的「87 年之咬」事件裡，提到機器偶咬下人類腦前額葉的悲劇。而在遊戲《佛萊迪餐館之五夜驚魂 3》裡提到機器偶身上的「彈簧鎖」，在這部電影裡也出現了，它後來也狠狠地傷害了反派。另外，電影裡顯示，機器偶頭罩內部有類似鋸輪的設計，可以強制戴在倒楣鬼頭上造成傷害——這點同時可能讓電影觀眾感到迷惑，是誰設計這種殺人面罩？如果這些機器偶過去是由真人穿戴表演⋯⋯那這種面罩真的大丈夫嗎？或者，這是反派後來加裝做為刑具之用？電影裡沒有解釋。遊戲《佛萊迪餐館之五夜驚魂 3》。當然，機器偶內部的祕密，在 2015 年的遊戲《佛萊迪餐館之五夜驚魂 3》裡有進行解釋，這部改編《佛萊迪餐館之五夜驚魂》的電影，搶先呈現了三代遊戲的設定：機器偶原本分為自動運行與真人穿戴兩種類型，以內部的彈簧鎖切換使用類型，但這種機構容易造成穿戴者死傷。而謀害五名兒童的兇手「紫衣人」(Purple Guy)，為了躲避童靈而穿上了黃色兔子外型的機器偶「彈簧邦尼」(Spring Bonnie)，卻因為誤觸內部彈簧鎖機構，而在機器偶內部被夾死⋯⋯他也因此成為了殺人機器偶，兔子外型變得更加破爛，成為了「彈簧陷阱」(Springtrap)。機器偶「彈簧陷阱」。但電影版本做了修改，直接讓後來遊戲才證實身份的紫衣人威廉阿夫頓，在電影開場，便以職涯師史蒂夫瑞克蘭的身份出現。他在結局穿上了彈簧邦尼的人偶裝，對麥克等人進行攻擊。是機器偶們最終觸發彈簧邦尼的彈簧鎖機關，導致他在人偶裝內遭到重傷。最終機器偶們帶走彈簧邦尼，安置在餐廳深處。觀眾不清楚他是否已經真正死亡，或是已經變成惡靈，這很明顯是在為續集鋪路。電影《弒樂園》。《弒樂園》沒有這些複雜的機關設計，因為機器偶著魔的原因，是山寨自《靈異入侵》的鬼娃恰吉變身公式。所以簡單說，《弒樂園》已經完全走向恰吉那一套神奇的巫毒邏輯。這些機器偶與其說是殺人機器，不如說是肉體與機器融合的變種獸。當凱吉殘忍地屠殺他們時，你還可以看到他們身上噴濺出不知是血還是機油的黑水——這當然把環境搞得更髒了，讓已經很厭煩的清潔工，在大開殺戒後還要重新打掃一遍。《佛萊迪餐館之五夜驚魂》遊戲是某種「第一人稱」類型遊戲，這邊指的第一人稱，與一般所謂第一人稱遊戲的定義不同，而是指玩家必須盯著遊戲裡的監視器螢幕——你的眼睛與耳朵，化為遊戲主角的眼與耳。如果你漏看了某個監視器裡的異狀，下一秒可能就會出現跳嚇橋段，直接 Game over。玩家能做的，就是翻開筆記型電腦螢幕，觀察幾個監視器畫面；放下筆電，環視你身處的小小陰暗辦公室。大多遊戲時間裡，你就是重複輪流看螢幕與看辦公室⋯⋯殺機就潛伏在這種無限的無聊輪迴之中。《佛萊迪餐館之五夜驚魂》遊戲場景。問題是，電影版《佛萊迪餐館之五夜驚魂 3》裡的警衛麥克過太爽，他的心靈創傷導致他必須服藥才能入睡，而他竟然就帶著安眠藥上班，服藥完還戴著耳機呼呼大睡——他的夢境是為了接續弟弟蓋瑞遭綁架的劇情支線。但這一點讓電影裡的麥克，與遊戲裡不眠不休四處觀望的麥克，差得也太遠了。電影《佛萊迪餐館之五夜驚魂》麥克。在遊戲裡玩家必須操縱麥克，進行無數次單調的操作⋯⋯看螢幕、關門、開燈⋯⋯一切都是為了確定機器偶們有沒有輕舉妄動。這種單調操作乏味卻又充滿壓力，是這款遊戲的精華之一，但電影選擇放棄呈現這種壓力。連帶的，在遊戲理當玩家不斷地檢視監視器，眼前會突然插進一些怪異的幻象，彷彿是因為主角因壓力而導致了幻視。這種效果同樣在電影裡也被忽略，少去了重要的詭異氣氛。電影《弒樂園》：清潔工用清潔工具也是很合理的。工作最勤奮的表率，當然是《弒樂園》裡的凱吉。電影甚至插進了大量凱吉認真掃地或抹玻璃的勞動橋段，他不但認真打掃，而且當他一個一個殺掉著魔機器偶後，還會好好地把這些機器垃圾塞進垃圾袋，並且重新打掃乾淨地板的血污⋯⋯這些橋段實在重複太多次了，反倒有一種易客為主的荒謬感。阿夫頓的女兒伊莉莎白阿夫頓，事實上在 2016 年遊戲《佛萊迪餐館之五夜驚魂：姊妹地點篇》裡才出現。但她在電影版裡也出現了，而且角色名稱變成了凡妮莎——很妙的是，在電影裡飾演凡妮莎阿夫頓的《安眠書店》女星伊莉莎白萊爾，卻真的名為伊莉莎白。遊戲與電影版本的阿夫頓女兒，不只名字不同，連她們的遭遇也完全不同。電影《佛萊迪餐館之五夜驚魂》凡妮莎。在《佛萊迪餐館之五夜驚魂：姊妹地點篇》裡，伊莉莎白已經死亡，並且附身在機器偶「馬戲團寶貝」裡；但是在電影裡，凡妮莎卻是一名警員，並且時常關心新警衛麥克。最終麥克儘管發現凡妮莎就是阿夫頓的女兒，但她也對麥克兄妹伸出援手。而且重要的是，凡妮莎最終仍然存活。當然，看來如果電影《佛萊迪餐館之五夜驚魂》還會有續集，凡妮莎當然可能繼續登場。在這一集違抗父親因此遭到刺殺的凡妮莎，也許在下一集會硬起來對抗變成怪物的父親。整體來說，電影《佛萊迪餐館之五夜驚魂》並非單純改編初代遊戲《佛萊迪餐館之五夜驚魂》，它加進了不少系列作品的元素——同樣的，《弒樂園》也不是只「致敬」初代《佛萊迪餐館之五夜驚魂》而已，片中的「女妖莎拉」，就很像《佛萊迪餐館之五夜驚魂 3》裡的「芭蕾拉」。《弒樂園》女妖莎拉。當然，要照本宣科翻拍《佛萊迪餐館之五夜驚魂》這麼風格特殊的電影，是不可能的——總不能讓觀眾看麥克兩小時盯著螢幕。但是，觀眾會喜歡這次電影版的改動嗎？這會是電影版會不會有續集的重要關鍵。這部布倫屋影業推出的低成本改編電影，還沒上映就已經回本，但布倫屋更重視的，是《佛萊迪餐館之五夜驚魂》能不能成為一套系列電影，十幾部遊戲加起來可以改編成好幾集的電影，也許，這不是最後一次我們在大銀幕上，看到這些毛骨悚然的機器偶。|https://news.agentm.tw/266933/|https://news.agentm.tw/wp-content/uploads/image1-425-390x219.png|['史考特考森', '編劇', '美術', '程式', '設計', '遊戲', '佛萊迪', '餐館', '驚魂', '遊戲', '催生', '續集', '遊戲', '遊戲', '小說', '漫畫', '衍生', '作品', '佛萊迪餐館', '驚魂', '機器偶恐怖', '宇宙', '改編', '電影', '凱吉', '主演', '電影', '樂園', '萊迪餐館', '驚魂', '改編', '電影', '比較', '遊戲', '佛萊迪餐館', '驚魂', '正宗', '改編', '電影', '凱吉', '山寨', '樂園', '不同', '電影', '正宗', '打開', '遊戲', '佛萊迪', '餐館', '驚魂', '遊戲', '操作', '警衛', '費斯熊', '佛萊迪披薩', '餐廳', '餐廳', '餐廳', '機械', '動物偶', '主角', '主角', '操作', '監視器', '遙控', '鐵門', '通風口', '餐廳', '系統', '監視', '機器偶', '監視器', '畫面', '機器偶張開血盆大口', '內容', '電影版', '佛萊迪餐館', '佛萊迪餐館', '驚魂', '系列', '遊戲', '電影', '樂園', '劇情', '電影', '佛萊迪', '餐館', '驚魂', '內容', '目錄', '電影版', '佛萊迪', '餐館', '驚魂', '劇情', '改編', '遊戲', '佛萊迪餐館', '驚魂', '內容', '增刪', '不同', '主角', '背景', '故事', '遊戲', '警衛', '主角', '電影', '主角', '麥克', '起源', '故事', '童年', '家庭', '悲劇', '弟弟', '蓋瑞', '心靈', '創傷', '創傷', '麥克', '成人', '時期', '電影', '麥克', '代替', '照顧', '妹妹', '艾比', '阿姨', '爭奪', '艾比', '監護權', '麥克', '創傷', '創傷', '工作', '淪落到', '規劃師', '史蒂夫瑞克蘭', '建議', '佛萊迪餐館', '警衛', '創傷', '影響麥克', '餐館', '小孩', '鬼魂做', '交易', '麥克將', '艾比', '電影', '佛萊迪餐館', '驚魂', '弒樂園', '遊戲主角', '麥克', '背景', '故事', '橋段', '觀眾', '尼可拉斯凱吉', '飾演', '清潔工', '凱吉', '駕駛', '雪佛蘭卡瑪洛', '跑車', '量飲料', '弒樂園', '凱吉', '片段', '武功', '機器偶', '凱吉', '黑道', '部隊', '實驗', '人形', '兵器', '怪物', '打擾', '餐館', '工作', '打擾', '飲料', '時間', '凱吉', '掃乾淨', '樂園', ' 2014 年', '遊戲', '小孩', '殺人', '誘拐', '殺害', '屍體', '餐廳', '機器偶', '發出', '惡臭', '眼睛', '嘴巴', '血水', ' 2023 年', '電影', '機器偶', '原因', '修改', '小孩', '屍體', '藏在', '機器偶裡', '小孩', '鬼魂', '動作', '機器偶', '佛萊迪餐館', '麥克', '艾比', '好友', '電影', '佛萊迪餐館', '驚魂', '遊戲', '電影', '電影', '角色妹妹', '艾比', '傾向', '表達', '情緒', '餐館', '溝通', '麥克', '艾比', '鬼魂', '溝通', '艾比', '朋友', '艾比床', '鬼魂操縱', '機器', '艾比', '電影', '麥克', '機器偶', '玩起', '家家酒', '電影', '劇情', '電影', '氣氛', '機器偶', '反派', '操控', '殺手', '遊戲', '惡靈', '電影', '樂園', '樂園', '遊戲', '反派', '角色', '關係', '殺人魔', '集團', '經營', '威利', '餐館', '孩童', '家庭', '殺害', '罪行', '警方', '圍剿', '恰吉', '靈魂', '移到', '機器偶', '小鎮', '警長', '大老', '交易', '小鎮', '鄉民', '路客', '引誘到', '威利', '餐館', '獻祭', '機器', '危害', '鎮上', '凱吉', '清潔工', '機器偶', '能力', '作品裡', '電影', '版本', '機器偶', '童靈', '機器偶堪', '奇卡 ', '杯子', '蛋糕', '先生', '冷凍櫃裡', '打開冰櫃門', '電影', '佛萊迪餐館', '驚魂', '佛萊迪', '餐館', '尺度', '機器偶', '手段', '張開', '機器', '咬斷人體', '橋段', '爆頭', '橋段', '剪影', '機器', '偶力氣', '電影', '機器偶', '腳步聲', '體重', '結局', '黃色', '兔子', '擊飛', '使用', '電擊槍', '機器偶', '幽靈', '操控', '機器偶', '電影', '佛萊迪餐館', '驚魂', '遊戲', '殘殺', '橋段', '細節', '遊戲', '事件', '機器', '咬下', '人類', '腦前額葉', '悲劇', '遊戲', '佛萊迪餐館', '驚魂', '機器偶', '彈簧', '電影', '傷害', '電影', '機器', '設計', '倒楣鬼頭', '傷害', '電影', '觀眾', '設計', '面罩', '機器', '穿戴', '表演', '面罩', '大丈夫', '反派', '加裝', '刑具', '電影', '遊戲', '佛萊迪餐館', '驚魂 3', '機器偶', '祕密', ' 2015 年', '遊戲', '佛萊迪餐館', '驚魂 3', '進行', '改編', '佛萊迪餐館', '驚魂', '電影', '遊戲', '機器偶', '真人', '穿戴', '類型', '彈簧鎖切換', '類型', '機構', '穿戴', '謀害', '兒童', '兇手', '紫衣人', '躲避', '童靈', '穿上', '黃色', '兔子', '外型', '機器偶', '彈簧', '邦尼', '誤觸', '彈簧', '機構', '機器偶', '夾死', '機器偶', '兔子', '外型', '彈簧', '陷阱', '機器偶', '彈簧', '陷阱', '電影', '版本', '修改', '遊戲', '身份', '紫衣人', '威廉阿夫頓', '電影', '涯師', '史蒂夫瑞克蘭', '身份', '結局', '穿上', '彈簧', '邦尼', '人偶裝', '麥克', '進行', '機器偶', '簧邦尼', '彈簧', '機關', '偶裝', '機器偶', '帶走', '彈簧邦尼', '安置', '餐廳', '觀眾', '惡靈', '續集', '電影', '樂園', '樂園》', '機關', '設計', '機器偶', '原因', '山寨自', '鬼娃', '恰吉', '樂園', '恰吉', '巫毒', '邏輯', '機器偶', '機器', '肉體', '機器', '融合', '變種獸', '凱吉殘忍', '屠殺', '噴濺出', '黑水', '環境', '搞得更', '清潔工', '大開殺戒', '佛萊迪', '餐館', '驚魂', '遊戲', '人稱', '類型', '遊戲', '人稱', '人稱', '遊戲', '定義', '玩家', '遊戲', '監視器', '螢幕', '眼睛', '耳朵', '遊戲', '主角', '漏看', '監視器', '異狀', '橋段', '玩家', '翻開', '電腦', '螢幕', '監視器', '畫面', '放下', '筆電', '環視', '辦公室', '遊戲', '時間', '看螢幕', '公室', '殺機', '萊迪餐館', '驚魂', '遊戲場景', '問題', '電影版', '萊迪餐館', '驚魂', '警衛麥克', '心靈', '創傷', '安眠藥', '耳機', '夢境', '弟弟', '蓋瑞', '綁架', '劇情', '支線', '電影', '麥克', '遊戲裡', '麥克', '電影', '佛萊迪餐館之五夜', '驚魂', '麥克', '遊戲', '玩家', '操縱', '麥克', '進行', '操作', '螢幕', '機器', '輕舉妄動', '操作', '壓力', '遊戲', '精華', '電影', '選擇', '放棄', '壓力', '遊戲', '玩家', '檢視', '監視', '眼前', '插進', '幻象', '主角', '壓力', '幻視', '效果', '電影', '氣氛', '電影', '弒樂園', '清潔', '工用', '工具', '工作', '表率', '弒樂園', '凱吉', '電影', '插進', '凱吉', '玻璃', '勞動', '橋段', '打掃', '殺掉', '機器偶', '機器', '垃圾', '塞進', '垃圾袋', '打掃', '地板', '血污', '橋段', '重複', '易客為主', '荒謬感', '阿夫頓', '女兒', '伊莉莎白阿夫頓', '事實', '遊戲', '佛萊迪餐館', '驚魂', '姊妹', '地點篇', '電影版', '角色', '妮莎', '電影', '飾演', '凡妮莎阿夫頓', '安眠書店', '女星', '伊莉莎白萊爾', '伊莉莎白', '遊戲', '電影', '版本', '阿夫頓', '女兒', '名字不同', '遭遇', '電影', '佛萊迪餐館', '驚魂', '凡妮莎。', '佛萊迪餐館', '驚魂', '姊妹', '地點篇', '伊莉莎白', '機器偶', '戲團', '寶貝」', '電影', '妮莎', '警員', '警衛', '麥克', '麥克儘管', '凡妮莎', '阿夫頓', '女兒', '麥克', '兄妹', '伸出', '援手', '電影', '佛萊迪', '餐館', '驚魂', '續集', '違抗', '父親', '刺殺', '凡妮莎', '對抗', '怪物', '父親', '整體', '電影', '佛萊迪', '餐館', '驚魂', '改編', '初代', '遊戲', '佛萊迪', '餐館', '驚魂', '加進', '系列', '作品', '元素', '樂園', '佛萊迪餐館', '驚魂', '女妖', '莎拉', '佛萊迪餐館', '驚魂', '芭蕾拉', '樂園', '女妖', '莎拉', '翻拍', '佛萊迪餐館', '驚魂', '風格', '電影', '觀眾', '麥克', '小時', '螢幕', '觀眾', '影版', '電影版', '續集', '關鍵', '布倫屋', '影業', '推出', '低成本', '改編', '電影', '布倫屋', '佛萊迪', '餐館', '系列', '電影', '遊戲', '電影', '銀幕', '機器偶']|[('電影', 46), ('遊戲', 34), ('驚魂', 28), ('機器偶', 28), ('佛萊迪餐館', 21), ('麥克', 16), ('餐館', 15), ('機器', 11), ('佛萊迪', 10), ('樂園', 10), ('凱吉', 9), ('艾比', 8), ('改編', 7), ('主角', 7), ('橋段', 7), ('彈簧', 7), ('餐廳', 6), ('創傷', 6), ('監視器', 5), ('電影版', 5), ('觀眾', 5), ('設計', 4), ('續集', 4), ('操作', 4), ('警衛', 4), ('劇情', 4), ('小孩', 4), ('弒樂園', 4), ('玩家', 4), ('螢幕', 4), ('萊迪餐館', 3), ('內容', 3), ('系列', 3), ('故事', 3), ('工作', 3), ('清潔工', 3), ('反派', 3), ('恰吉', 3), ('版本', 3), ('兔子', 3), ('穿戴', 3), ('進行', 3), ('類型', 3), ('人稱', 3), ('壓力', 3), ('阿夫頓', 3), ('女兒', 3), ('作品', 2), ('正宗', 2), ('不同', 2), ('監視', 2), ('畫面', 2), ('背景', 2), ('家庭', 2), ('悲劇', 2), ('弟弟', 2), ('蓋瑞', 2), ('心靈', 2), ('史蒂夫瑞克蘭', 2), ('交易', 2), ('飾演', 2), ('怪物', 2), ('打擾', 2), ('時間', 2), ('殺害', 2), ('屍體', 2), ('眼睛', 2), ('原因', 2), ('修改', 2), ('鬼魂', 2), ('溝通', 2), ('氣氛', 2), ('操控', 2), ('惡靈', 2), ('角色', 2), ('威利', 2), ('小鎮', 2), ('童靈', 2), ('結局', 2), ('黃色', 2), ('傷害', 2), ('面罩', 2), ('驚魂 3', 2), ('機構', 2), ('紫衣人', 2), ('穿上', 2), ('外型', 2), ('邦尼', 2), ('陷阱', 2), ('身份', 2), ('機關', 2), ('插進', 2), ('打掃', 2), ('姊妹', 2), ('地點篇', 2), ('妮莎', 2), ('伊莉莎白', 2), ('凡妮莎', 2), ('父親', 2), ('女妖', 2), ('莎拉', 2), ('布倫屋', 2), ('史考特考森', 1), ('編劇', 1), ('美術', 1), ('程式', 1), ('催生', 1), ('小說', 1), ('漫畫', 1), ('衍生', 1), ('機器偶恐怖', 1), ('宇宙', 1), ('主演', 1), ('比較', 1), ('山寨', 1), ('打開', 1), ('費斯熊', 1), ('佛萊迪披薩', 1), ('機械', 1), ('動物偶', 1), ('遙控', 1), ('鐵門', 1), ('通風口', 1), ('系統', 1), ('機器偶張開血盆大口', 1), ('目錄', 1), ('增刪', 1), ('起源', 1), ('童年', 1), ('成人', 1), ('時期', 1), ('代替', 1), ('照顧', 1), ('妹妹', 1), ('阿姨', 1), ('爭奪', 1), ('監護權', 1), ('淪落到', 1), ('規劃師', 1), ('建議', 1), ('影響麥克', 1), ('鬼魂做', 1), ('麥克將', 1), ('遊戲主角', 1), ('尼可拉斯凱吉', 1), ('駕駛', 1), ('雪佛蘭卡瑪洛', 1), ('跑車', 1), ('量飲料', 1), ('片段', 1), ('武功', 1), ('黑道', 1), ('部隊', 1), ('實驗', 1), ('人形', 1), ('兵器', 1), ('飲料', 1), ('掃乾淨', 1), (' 2014 年', 1), ('殺人', 1), ('誘拐', 1), ('發出', 1), ('惡臭', 1), ('嘴巴', 1), ('血水', 1), (' 2023 年', 1), ('藏在', 1), ('機器偶裡', 1), ('動作', 1), ('好友', 1), ('角色妹妹', 1), ('傾向', 1), ('表達', 1), ('情緒', 1), ('朋友', 1), ('艾比床', 1), ('鬼魂操縱', 1), ('玩起', 1), ('家家酒', 1), ('殺手', 1), ('關係', 1), ('殺人魔', 1), ('集團', 1), ('經營', 1), ('孩童', 1), ('罪行', 1), ('警方', 1), ('圍剿', 1), ('靈魂', 1), ('移到', 1), ('警長', 1), ('大老', 1), ('鄉民', 1), ('路客', 1), ('引誘到', 1), ('獻祭', 1), ('危害', 1), ('鎮上', 1), ('能力', 1), ('作品裡', 1)]|0.0|"以下內容有電影版《佛萊迪餐館之五夜驚魂》、《佛萊迪餐館之五夜驚魂》系列遊戲、以及電影《弒樂園》劇情爆雷電影《佛萊迪餐館之五夜驚魂》 | 而在遊戲《佛萊迪餐館之五夜驚魂 3》裡提到機器偶身上的「彈簧鎖」 | 是《佛萊迪餐館之五夜驚魂》能不能成為一套系列電影"
電影專題/電影背後_2023-10-19_107|2023-10-19|神父阿摩特與惡魔：《大法師》導演與梵諦岡驅魔士的第三類接觸|電影專題|2016年，《大法師》的導演威廉佛雷金前往義大利的盧卡電影節領取終生成就獎，以表揚他近年跨刀執導的普契尼歌劇。在當時的報導裡，這是一趟文化交流之旅。但佛雷金周圍的人卻留意到他的行動有些不尋常。他一結束公關行程，就突然消失在媒體面前，直到幾天後才從義大利的阿拉特里鎮歸來，神色看起來彷彿遇見某種改變一生的事物，而他的隨行翻譯也一副驚魂未定的模樣。《普契尼》當時佛雷金也在義大利參與紀錄片《普契尼》的製作，因此眾人認為或許是疲勞的緣故。直到佛雷金在《浮華》雜誌的長文《神父阿摩特與惡魔：見證梵諦岡驅魔士的工作》刊登後，讀者才得知他超乎常理想像的經歷。佛雷金不但在阿拉特里目睹一場未完成的驅魔儀式，甚至在驅魔士的同意下攝錄完整過程。每位受邀分析影片的專家都不認為影片有造假痕跡，卻無法合理解釋他們看到的內容。《神父阿摩特與惡魔》這段驚人的影片《神父阿摩特與惡魔》上映後。有人感到驚愕，亦有人嗤之以鼻，感慨四十年前以《大法師》掀起驅魔電影浪潮的導演，在晚年竟用《鬼影實錄》般的把戲嘩眾取寵。另一方面，觀眾也對片中宛如《大法師》默林神父再現的驅魔士加俾額爾．阿摩特好奇不已。然而這趟見證之旅是佛雷金第一次，也是最後一次與他會面。在阿摩特與佛雷金接連過世後，我們已無法確認影片真偽，或許只有片中既令人同情又恐懼的附魔被害者，才知道真正的答案。《大法師》時代的佛雷金如果讀到自己在四十年後寫的文章，或許會啞然失笑。他曾經是堅定的懷疑論者。對他而言，惡魔更像是一種代表邪惡或失序的概念，而非具體的角色形象。當《大法師》的原作者威廉彼得布拉提希望他執導改編電影時，佛雷金曾毫不留情地拒絕好友，因為他不想拍一部主角擊敗惡魔以見證神蹟的奇幻恐怖片。於是兼任編劇的布拉提花了許多功夫，巧手改造佛雷金口中的「爛劇本」。在現在的版本裡，讓主角受盡折磨的並非惡魔本身，而是面對不治之症與親子關係崩毀的無能為力。而劇中雖然暗示了惡魔的名諱，但我們從頭到尾都無法斷定邪惡的源頭。這種曖昧的手法，讓驅魔師的信仰後盾，產生一種瞎子摸象的不安全感。這也是佛雷金與布拉提雖然忠實呈現驅魔師的工作流程，卻在附身被害者的特徵上加入大量虛構元素的原因。他們除了想營造恐懼，也試圖用猖狂的異象擾亂視聽，不讓按圖索驥的觀眾聯想到經書描繪的惡魔。因此布拉提在接受《紐約》雜誌訪問時曾斷言，如果有附魔者的行為與《大法師》雷同，那麼必定為造假。在《大法師》上映後，宗教界對本片褻瀆信仰或散播惡魔思想的指責從未停歇，而它兩敗俱傷的慘勝結局，更令許多宗教人士皺眉。然而在梵諦岡裡備受敬重的加俾額爾．阿摩特卻相當喜愛本片，最後甚至成為佛雷金的忠實影迷。佛雷金致敬自己作品的經典畫面很多人或許是從 2023 年的《梵諦岡驅魔士》認識阿摩特的事蹟。不過如果你想在人海中找到羅素克洛的分身，恐怕會與阿摩特本人擦身而過。雖然外貌不同，但他的幽默感、膽大心細與開明思想並非電影杜撰。在宗教界一片罵聲中，他仍公開為《大法師》辯護，認為本片「以有趣的方式提醒人們惡魔的存在，對我們的工作與推廣教育助益良多。」另一方面，他與佛雷金都認為惡魔無所不在，也不會以固定面貌現身。在阿摩特的經驗裡，人性的惡意往往比邪靈更難捉摸。他收到佛雷金的邀約時，正在阿拉特里鎮為一名女子蘿莎驅魔，而他懷疑對女子下咒的主使者正是她的兄長與其女友，意圖摧殘她的身心，慢慢地折磨她。羅素克洛飾演的阿蒙特與本尊（右）佛雷金與阿蒙特的相遇，既像《大法師》與《梵諦岡驅魔士》電影宇宙的碰撞，也像《大法師》的年輕神父卡拉斯與前輩默林神父的搭檔。完成《大法師》的佛雷金仍是位懷疑論者，但在研究各國的驅魔事件後，他對未知世界的想法開始出現動搖。《大法師》成為兩人通信的契機，佛雷金也決定利用義大利之行的機會，向阿蒙特當面請教心中縈繞不去的疑惑。阿蒙特的回答只有一個，他邀請佛雷金與助理親眼見證蘿莎第九次的驅魔過程。在這之前，佛雷金徵詢了各方專家的意見，並向蘿莎與她的家人詢問事情的詳細經過。從驅魔儀式開始的那一刻，阿摩特就將所有真相的解釋權交給佛雷金與他的數位相機，讓他找到自己的答案。根據佛雷金的說法，阿蒙特雖然准許拍照錄影，但希望現場不要有驚擾患者的強光與聲響。這解釋了《神父阿摩特與惡魔》為何只有佛雷金側錄的粗糙畫面。阿蒙特將手放在蘿莎額頭上唸著經文，原先像是睡著似的蘿莎突然不斷掙扎，並用低沉的嗓音叫喊著不明的語言及威嚇的字句。神父沒有像電影一樣步步進逼或趁勝追擊，反而以溫和堅定的態度對她說話，然後重複安撫與誦經的流程。這十幾分鐘裡沒有狂風閃電、沒有突發驚嚇，也沒有肉體變異或爆發的超能力。蘿莎彷彿從惡夢脫離般悠悠醒轉，虛弱卻神智清楚。整個過程就像一卷詭異的家庭錄影帶，枯燥但寫實。如果這是一部驅魔電影，那麼在線索交代完畢，神父登場與執行儀式後，理應進入劇情的最後階段。主角會理清思緒、告別創傷，然後給惡魔最後一擊。但對阿蒙特而言，驅魔是無限延長的療程，蘿莎會不斷回診，直到詛咒的根源消失。另一方面，蘿莎的親友對佛雷金的介入頗有微詞。並懷疑他想兜售驅魔影片牟利。因此當蘿莎在三個月後突然要求與他對話時，佛雷金不疑有他的回到阿拉特里，想再次向對方解釋自己拍攝的誠意。奇怪的是，蘿莎在會面前幾天取消了與阿蒙特約定的第十次驅魔儀式，並不斷更改見面地點。就在佛雷金好不容易抵達會面的教堂後，接下來發生的事，不但成為《神父阿摩特與惡魔》最具爭議的一段情節，也成為他這輩子最恐怖的回憶之一。由於驅魔儀式取消，佛雷金見到蘿莎與她的男友時並沒有攜帶攝影器材。雙方交談幾句後，蘿莎忽然發出動物般的咆哮，渾身充滿威嚇與預備攻擊的姿態。原先燥熱的建築內部也瞬間充滿寒氣。蘿莎開始以撒旦的名義嘲弄他們，並要求佛雷金公開所有拍攝的內容，讓更多人知道它的存在。佛雷金與隨行翻譯再也無法忍受，因此頭也不回的奪門而出，落荒而逃，直到抵達下塌的飯店才冷靜下來。從那天起，他與阿摩特就再也聯繫不上蘿莎。《神父阿摩特與惡魔》被迫以口白與現場重現手法狼狽的收尾。阿摩特更在兩個月後退休並抱憾而終。當然，以上是佛雷金在接受訪問時的說法，他迴避任何關於紀錄片的道德爭議質問，也沒有正面回答錄影是否曾獲得家屬同意。這段消失的環節究竟是碰觸了不可言說的邪靈、違反拍攝倫理無法公開，或是如某些影評認為只是增添電影賣點的噱頭，至今已無人深究。然而不可否認的是，本片留下的遺憾與不完美的驅魔過程，反倒讓它的真實氣氛與恐怖感趨近完美。作為佛雷金最後的恐怖作品，《神父阿摩特與惡魔》與《大法師》都與真實事件有關，紀錄未完成的失敗驅魔，且代表懷疑論者與虔誠信徒的兩個角色，後來都離開人世。這個令人不安的巧合，也許是未知世界透過佛雷金的鏡頭留給我們的最後謎團。|https://news.agentm.tw/266117/|https://news.agentm.tw/wp-content/uploads/template-80-390x219.jpg|['大法師', '導演', '威廉佛雷金', '義大利', '盧卡', '領取', '終生', '成就獎', '表揚', '執導', '普契尼', '歌劇', '報導', '文化', '佛雷金', '周圍', '行動', '公關', '行程', '媒體', '面前', '義大利', '阿拉特里鎮', '神色', '遇見', '改變', '一生', '事物', '翻譯', '驚魂未定', '模樣', '普契尼', '佛雷金', '義大利', '參與', '紀錄片', '普契尼', '製作', '眾人', '緣故', '佛雷金', '浮華', '雜誌', '長文', '神父', '阿摩特', '惡魔', '諦岡', '驅魔士', '工作', '刊登', '讀者', '常理', '佛雷金', '阿拉特里', '完成', '驅魔', '儀式', '驅魔士', '攝錄', '過程', '分析', '影片', '專家', '影片', '內容', '神父', '阿摩特', '惡魔', '影片', '神父', '阿摩特', '惡魔', '人嗤之以鼻', '法師', '掀起', '驅魔電影', '浪潮', '導演', '晚年', '鬼影實錄', '取寵', '大法師', '默林', '神父', '驅魔士加俾額爾', '阿摩特', '見證', '佛雷金', '阿摩特', '佛雷金', '影片', '真偽', '答案', '大法師', '時代', '佛雷金', '讀到', '文章', '懷疑論', '惡魔', '概念', '角色', '形象', '大法師', '作者', '威廉彼得布拉提', '執導', '改編', '電影', '佛雷金', '好友', '主角', '擊敗', '惡魔', '神蹟', '恐怖片', '編劇', '布拉提花', '功夫', '巧手', '改造', '佛雷金口', '劇本', '版本', '主角', '折磨', '惡魔', '面對', '不治', '親子', '關係', '惡魔', '名諱', '源頭', '手法', '魔師', '信仰', '佛雷金', '布拉提', '驅魔師', '工作', '流程', '害者', '特徵', '加入', '虛構', '元素', '原因', '營造', '異象', '觀眾', '經書', '描繪', '惡魔', '拉提', '接受', '紐約', '雜誌', '訪問', '魔者', '行為', '大法師', '大法師', '宗教界', '褻瀆', '信仰', '散播', '惡魔思想', '指責', '結局', '宗教', '人士', '梵諦岡裡', '加俾額爾', '佛雷金', '影迷', '佛雷金', '作品', '經典', '畫面', '梵諦岡', '驅魔士', '阿摩特', '事蹟', '人海', '找到', '羅素克洛', '分身', '阿摩特', '外貌不同', '幽默感', '思想', '電影', '杜撰', '宗教界', '大法師', '方式', '人們', '惡魔', '工作', '推廣教', '助益', '佛雷金', '惡魔', '面貌', '阿摩特', '經驗', '惡意', '邪靈', '收到', '佛雷金的', '阿拉特里鎮', '女子', '蘿莎', '驅魔', '女子', '下咒', '主使', '兄長', '女友', '摧殘', '身心', '折磨', '羅素克洛', '飾演', '阿蒙特', '佛雷金', '阿蒙特', '大法師', '梵諦岡驅魔士', '電影', '宇宙', '大法師', '神父', '拉斯', '前輩', '默林', '神父', '搭檔', '完成', '大法師', '佛雷金', '驅魔事件', '世界', '想法', '大法師', '契機', '佛雷', '利用', '義大利', '機會', '阿蒙特', '阿蒙特', '回答', '邀請', '佛雷金', '助理', '蘿莎', '驅魔', '過程', '佛雷金', '專家', '意見', '蘿莎', '家人', '事情', '經過', '驅魔', '儀式', '阿摩特', '真相', '解釋', '佛雷金', '相機', '找到', '答案', '佛雷金', '說法', '阿蒙特', '現場', '驚擾', '患者', '強光', '聲響', '神父', '阿摩特', '惡魔', '佛雷金', '側錄', '畫面', '阿蒙特', '蘿莎', '額頭', '經文', '蘿莎', '嗓音', '語言', '威嚇', '字句', '神父', '電影', '追擊', '態度', '流程', '狂風', '閃電', '驚嚇', '肉體', '變異', '能力', '蘿莎', '惡夢', '脫離', '過程', '家庭', '錄影帶', '驅魔', '電影', '線索', '神父', '儀式', '劇情', '階段', '主角', '思緒', '告別', '創傷', '惡魔', '阿蒙特', '驅魔', '延長', '療程', '蘿莎', '詛咒', '根源', '蘿莎', '親友', '佛雷金', '介入', '兜售', '驅魔', '影片', '蘿莎', '佛雷金', '阿拉特里', '拍攝', '誠意', '蘿莎', '會面前', '取消', '阿蒙特', '驅魔', '儀式', '更改', '佛雷金', '會面', '教堂', '神父', '阿摩特', '惡魔', '爭議', '情節', '輩子', '驅魔', '儀式', '取消', '雷金', '蘿莎', '男友', '攜帶', '攝影', '器材', '蘿莎', '發出', '動物', '渾身', '威嚇', '攻擊', '姿態', '建築', '寒氣', '蘿莎', '撒旦', '名義', '嘲弄', '佛雷金', '拍攝', '內容', '佛雷金與', '翻譯', '飯店', '阿摩特', '聯繫不上', '蘿莎', '神父', '阿摩特', '惡魔', '口白與', '現場重現', '手法', '阿摩特', '佛雷金', '接受', '訪問', '說法', '迴避', '紀錄片', '道德', '爭議', '正面', '錄影', '環節', '觸了', '拍攝', '倫理', '影評', '增添', '電影', '賣點', '噱頭', '深究', '留下', '驅魔', '過程', '氣氛', '佛雷金', '作品', '神父', '阿摩特', '惡魔', '大法師', '事件', '紀錄', '完成', '驅魔', '論者', '信徒', '角色', '離開', '人世', '世界', '佛雷金', '鏡頭', '謎團']|[('佛雷金', 26), ('阿摩特', 15), ('惡魔', 15), ('蘿莎', 14), ('大法師', 12), ('神父', 12), ('驅魔', 11), ('阿蒙特', 8), ('電影', 6), ('儀式', 5), ('影片', 5), ('義大利', 4), ('過程', 4), ('普契尼', 3), ('驅魔士', 3), ('工作', 3), ('完成', 3), ('主角', 3), ('拍攝', 3), ('導演', 2), ('執導', 2), ('阿拉特里鎮', 2), ('翻譯', 2), ('紀錄片', 2), ('雜誌', 2), ('阿拉特里', 2), ('專家', 2), ('內容', 2), ('默林', 2), ('答案', 2), ('角色', 2), ('折磨', 2), ('手法', 2), ('信仰', 2), ('流程', 2), ('接受', 2), ('訪問', 2), ('宗教界', 2), ('作品', 2), ('畫面', 2), ('找到', 2), ('羅素克洛', 2), ('女子', 2), ('世界', 2), ('說法', 2), ('威嚇', 2), ('取消', 2), ('爭議', 2), ('威廉佛雷金', 1), ('盧卡', 1), ('領取', 1), ('終生', 1), ('成就獎', 1), ('表揚', 1), ('歌劇', 1), ('報導', 1), ('文化', 1), ('周圍', 1), ('行動', 1), ('公關', 1), ('行程', 1), ('媒體', 1), ('面前', 1), ('神色', 1), ('遇見', 1), ('改變', 1), ('一生', 1), ('事物', 1), ('驚魂未定', 1), ('模樣', 1), ('參與', 1), ('製作', 1), ('眾人', 1), ('緣故', 1), ('浮華', 1), ('長文', 1), ('諦岡', 1), ('刊登', 1), ('讀者', 1), ('常理', 1), ('攝錄', 1), ('分析', 1), ('人嗤之以鼻', 1), ('法師', 1), ('掀起', 1), ('驅魔電影', 1), ('浪潮', 1), ('晚年', 1), ('鬼影實錄', 1), ('取寵', 1), ('驅魔士加俾額爾', 1), ('見證', 1), ('真偽', 1), ('時代', 1), ('讀到', 1), ('文章', 1), ('懷疑論', 1), ('概念', 1), ('形象', 1), ('作者', 1), ('威廉彼得布拉提', 1), ('改編', 1), ('好友', 1), ('擊敗', 1), ('神蹟', 1), ('恐怖片', 1), ('編劇', 1), ('布拉提花', 1), ('功夫', 1), ('巧手', 1), ('改造', 1), ('佛雷金口', 1), ('劇本', 1), ('版本', 1), ('面對', 1), ('不治', 1), ('親子', 1), ('關係', 1), ('名諱', 1), ('源頭', 1), ('魔師', 1), ('布拉提', 1), ('驅魔師', 1), ('害者', 1), ('特徵', 1), ('加入', 1), ('虛構', 1), ('元素', 1), ('原因', 1), ('營造', 1), ('異象', 1), ('觀眾', 1), ('經書', 1), ('描繪', 1), ('拉提', 1), ('紐約', 1), ('魔者', 1), ('行為', 1), ('褻瀆', 1), ('散播', 1), ('惡魔思想', 1), ('指責', 1), ('結局', 1), ('宗教', 1), ('人士', 1), ('梵諦岡裡', 1), ('加俾額爾', 1), ('影迷', 1), ('經典', 1), ('梵諦岡', 1), ('事蹟', 1), ('人海', 1), ('分身', 1), ('外貌不同', 1), ('幽默感', 1), ('思想', 1), ('杜撰', 1), ('方式', 1), ('人們', 1), ('推廣教', 1), ('助益', 1), ('面貌', 1), ('經驗', 1), ('惡意', 1), ('邪靈', 1), ('收到', 1), ('佛雷金的', 1), ('下咒', 1), ('主使', 1), ('兄長', 1), ('女友', 1), ('摧殘', 1), ('身心', 1), ('飾演', 1), ('梵諦岡驅魔士', 1), ('宇宙', 1), ('拉斯', 1), ('前輩', 1), ('搭檔', 1), ('驅魔事件', 1), ('想法', 1), ('契機', 1), ('佛雷', 1), ('利用', 1), ('機會', 1), ('回答', 1), ('邀請', 1), ('助理', 1), ('意見', 1), ('家人', 1), ('事情', 1), ('經過', 1), ('真相', 1), ('解釋', 1), ('相機', 1), ('現場', 1), ('驚擾', 1), ('患者', 1), ('強光', 1), ('聲響', 1)]|1.0|"《神父阿摩特與惡魔》與《大法師》都與真實事件有關 | 這解釋了《神父阿摩特與惡魔》為何只有佛雷金側錄的粗糙畫面 | 《神父阿摩特與惡魔》這段驚人的影片《神父阿摩特與惡魔》上映後"
電影專題/電影背後_2023-10-18_108|2023-10-18|《花月殺手》石油、謀殺、與 FBI 的誕生：「誰才是野蠻人？」|電影專題|2016 年初的深冬，《神鬼獵人》正在院線，一部關於 1820 年代的北美西部拓荒歷史。故事發生在密西西比河上游的嚴冬，由李奧納多狄卡皮歐飾演的 Hugh Glass，受到灰熊攻擊重傷，不僅被一同拓荒的白人隊友扔在大雪紛飛的原野森林，必須躲過嚴酷氣候與原住民瑞族的威脅，還要橫越雪地 2400 公里，才能回到出發前的營地。《神鬼獵人》是由阿利安卓·崗札雷·伊納利圖導演，與狄卡皮歐在同年的奧斯卡分別獲得最佳導演與最佳男主角獎。《神鬼獵人》《神鬼獵人》表面上是個白人拓荒者的英勇冒險與生存故事，骨子裡卻是讚賞印地安原住民的傳統文化與精神，同時批評傲慢蠻橫的白人文明與侵略。在《神鬼獵人》的真實改編故事裡，真正的野蠻人不是仍舊過著石器時代採集生活的印地安人，而是標榜已經進入工商文明的西方白人。2017年，美國多家媒體公認的年度好書《花月殺手》，同樣也是個關於文明野蠻人的真實社會事件。不同於《神鬼獵人》是關於美國西北方密蘇里州的「山人」歷史，《花月殺手》陳述的是 1920 年代位於美國南方奧克拉荷馬州的奧塞奇（Osage）連環謀殺案。《花月殺手》印地安原住民奧塞奇族，是美國印地安人中相當特殊的一群幸運兒，因為他們群聚的土地之下，有豐碩的石油資源。然而，這些天然資源並非憑空而來，而是在奧塞奇族被西部拓荒白人，透過政府的政治手段，不斷威脅逼迫，才由為南方、土地更肥沃、且交通臨海的路易斯安那州，逐漸遷徙至農地貧瘠的奧克拉荷馬州。當時，奧塞奇居住的那片石礫之地，根本就是白人不屑的荒原。只是，奧塞奇的神「瓦康塔」或許聽到了族人的怨歎，於是送給他們來自地底的黃金：石油。不過，歐塞奇的石油，既是禮物，也是詛咒。自從奧塞奇族的石礫之漠勘挖出石油之後，離奇的謀殺命案接踵而來——槍殺、下毒、衰弱病、爆炸等等——，詭異的不自然死亡籠罩著奧塞奇人。奧塞奇族真的非常幸運，只佔整個奧克拉荷馬州的非常小部分（右上藍色的一部分）綠色部分是「土地賽跑」的重新分配（本文後半部會提到） redgreenandblue.org奧塞奇族由路易斯安那州受到白人脅迫而大舉遷徙至奧克拉荷馬州的領土旅程，也是一段印地安人與西方文明交會的黑暗歷史。原本已經達成與自然生態平衡的原住民，因為白人的入侵，而被迫必須迅速地由採集生活進入工商文明，無論是人倫、經濟、教育、宗教等等，都必須在短短數十年間，閃電般地巨變，奧塞奇的傳統文化，也透過美國政府刻意改造的陰謀，硬是被連根拔起。霸道的白人，先是佔地為王，把原住民趕往山野荒漠，又在原住民發現自己居住的荒野地底，有著工業文明最渴望的石油之時，酸楚地批評原住民的一夜致富，甚且還想透過修改法條來分一杯羹。當時，奧塞奇族能夠一一成為鉅富，成為美國的印地安傳奇，就是源於長老的遠見。十九世紀時，「奧塞奇人也成功在協議中加入一條讓當時白人不得其解的條款：『土地中含有的石油、天然氣、煤、或其他礦物……憑此協議，接歸屬奧塞奇族所有。』」（頁60）因為這一條款，奧塞奇族人會隨著白人挖出源源不斷的石油，同時領取相對的租金與權利金。於是，只要有愈多的奧塞奇人，白人必須分紅的對象相對更多。卑鄙的陰謀者，於是使出令人髮指的絕招，殺人滅口。於是，「誰才是野蠻人？」（頁48）《花月殺手》剛開始，各個不明死因的離奇死亡，看似都是獨立的個案，直到私家偵探與地方治安人員的多方追查之下，才逐漸拼湊出一個暗藏陰謀的連環謀殺動機。只是，這個躲在暗處的連環謀殺主使者，顯然非常機警又擁有相當勢力，而且還會奸巧地將參與追查的相關人員，設下陷阱一同謀殺。追查不易，又會被當成眼中釘而有致命危險，追查人員的身分於是最好必須受到保護與隱藏。因此時勢，FBI（Federal Bureau of Investigation，聯邦調查局）順勢而起，由約翰．胡佛擔任局長，帶領調查員湯姆．懷特以及其他數位掩蓋身分的調查人員，臥底到奧塞奇人的生活周遭，進行蒐證、搜尋、與調查。由一個離奇的命案，陳述一群印地安原住民的歷史，再由這群因石油致富而生活奢侈的印地安人，導向一連串難以破解的連環謀殺案，再由此挖掘出美國聯邦調查局的崛起歷史，以及早期的辦案方式、瓶頸、突破、與過程。於是，《花月殺手》是一本多面向的綜合歷史，不僅是奧塞奇族的傳記，是私家偵探走向 FBI 國家調查的移轉過程，也是白人與印地安人之間的種族歧異與衝突。《花月殺手》|https://news.agentm.tw/266152/|https://news.agentm.tw/wp-content/uploads/rqwteewyr-390x219.png|['神鬼獵人', '院線', '北美', '歷史', '故事', '密西西比河', '上游', '李奧納多狄卡皮歐', '飾演', '攻擊', '白人', '隊友', '原野', '森林', '躲過', '氣候', '原住民', '瑞族', '威脅', '雪地', '營地', '神鬼獵人', '崗札雷', '伊納利圖', '導演', '狄卡皮歐', '奧斯卡', '導演', '男主角獎', '神鬼獵人', '神鬼獵人', '表面', '白人拓荒者', '故事', '骨子裡', '地安', '住民', '文化', '精神', '批評', '白人文明', '神鬼獵人', '改編', '故事', '野蠻人', '石器', '時代', '生活', '印地安人', '工商文明', '白人', '美國', '媒體', '年度好書', '花月殺手', '文明野', '蠻人', '社會', '事件', '神鬼獵人', '美國', '山人', '歷史', '月殺手', '美國', '奧克拉荷馬州', '奧塞奇', '謀殺案', '花月殺手', '印地安', '原住民', '奧塞奇族', '美國', '印地安', '幸運兒', '土地', '石油', '資源', '資源', '奧塞奇族', '白人', '政府', '政治', '手段', '威脅', '土地', '交通', '臨海', '路易斯安那州', '農地', '奧克拉荷馬州', '奧塞奇', '石礫', '白人', '荒原', '奧塞奇', '瓦康塔', '族人', '黃金', '石油', '歐塞奇', '石油', '禮物', '詛咒', '奧塞奇族', '石礫之漠', '石油', '謀殺', '命案', '槍殺', '下毒', '衰弱', '奧塞奇人', '奧塞奇族', '奧克拉荷馬州', '藍色', '綠色', '土地賽跑', '本文', '白人', '脅迫', '奧克拉荷馬州', '領土', '旅程', '印地安人', '文明', '歷史', '達成', '自然', '生態平衡', '原住民', '白人', '生活進入工', '文明', '人倫', '經濟', '教育', '宗教', '閃電', '奧塞奇', '文化', '美國', '政府', '改造', '陰謀', '拔起', '白人', '原住民', '山野', '荒漠', '原住民', '荒野', '工業', '文明', '石油', '批評', '原住民', '修改', '法條', '奧塞奇族', '鉅富', '美國', '印地安', '傳奇', '長老', '遠見', '奧塞奇人', '協議', '加入', '白人', '條款', '土地', '石油', '天然氣', '礦物', '協議', '奧塞奇族', '頁60', '條款', '奧塞奇族人', '白人', '挖出', '石油', '領取', '租金', '權利金', '奧塞奇人', '白人', '對象', '陰謀者', '髮指', '絕招', '殺人', '野蠻人', '頁48', '花月殺手', '死因', '個案', '偵探', '地方', '治安', '人員', '拼湊出', '暗藏', '陰謀', '謀殺', '動機', '暗處', '連環謀殺', '使者', '勢力', '追查', '人員', '設下', '陷阱', '謀殺', '追查', '眼中釘而有', '人員', '身分於是', '保護', '聯邦', '調查局', '約翰．', '胡佛', '局長', '調查員', '湯姆．', '懷特', '掩蓋', '身分', '人員', '奧塞奇人', '生活', '進行', '命案', '印地安', '原住民', '歷史', '石油', '印地安人', '導向', '破解', '謀殺', '挖掘出', '美國', '聯邦', '調查局', '歷史', '方式', '瓶頸', '突破', '過程', '花月殺手', '面向', '歷史', '奧塞奇族', '傳記', '偵探', '國家', '過程', '白人', '印地安人', '種族', '衝突', '花月殺手']|[('白人', 11), ('石油', 8), ('原住民', 7), ('美國', 7), ('奧塞奇族', 7), ('神鬼獵人', 6), ('歷史', 6), ('花月殺手', 5), ('印地安人', 4), ('奧克拉荷馬州', 4), ('奧塞奇', 4), ('印地安', 4), ('謀殺', 4), ('奧塞奇人', 4), ('人員', 4), ('故事', 3), ('土地', 3), ('文明', 3), ('威脅', 2), ('導演', 2), ('文化', 2), ('批評', 2), ('野蠻人', 2), ('生活', 2), ('資源', 2), ('政府', 2), ('命案', 2), ('陰謀', 2), ('協議', 2), ('條款', 2), ('偵探', 2), ('追查', 2), ('聯邦', 2), ('調查局', 2), ('過程', 2), ('院線', 1), ('北美', 1), ('密西西比河', 1), ('上游', 1), ('李奧納多狄卡皮歐', 1), ('飾演', 1), ('攻擊', 1), ('隊友', 1), ('原野', 1), ('森林', 1), ('躲過', 1), ('氣候', 1), ('瑞族', 1), ('雪地', 1), ('營地', 1), ('崗札雷', 1), ('伊納利圖', 1), ('狄卡皮歐', 1), ('奧斯卡', 1), ('男主角獎', 1), ('表面', 1), ('白人拓荒者', 1), ('骨子裡', 1), ('地安', 1), ('住民', 1), ('精神', 1), ('白人文明', 1), ('改編', 1), ('石器', 1), ('時代', 1), ('工商文明', 1), ('媒體', 1), ('年度好書', 1), ('文明野', 1), ('蠻人', 1), ('社會', 1), ('事件', 1), ('山人', 1), ('月殺手', 1), ('謀殺案', 1), ('幸運兒', 1), ('政治', 1), ('手段', 1), ('交通', 1), ('臨海', 1), ('路易斯安那州', 1), ('農地', 1), ('石礫', 1), ('荒原', 1), ('瓦康塔', 1), ('族人', 1), ('黃金', 1), ('歐塞奇', 1), ('禮物', 1), ('詛咒', 1), ('石礫之漠', 1), ('槍殺', 1), ('下毒', 1), ('衰弱', 1), ('藍色', 1), ('綠色', 1), ('土地賽跑', 1), ('本文', 1), ('脅迫', 1), ('領土', 1), ('旅程', 1), ('達成', 1), ('自然', 1), ('生態平衡', 1), ('生活進入工', 1), ('人倫', 1), ('經濟', 1), ('教育', 1), ('宗教', 1), ('閃電', 1), ('改造', 1), ('拔起', 1), ('山野', 1), ('荒漠', 1), ('荒野', 1), ('工業', 1), ('修改', 1), ('法條', 1), ('鉅富', 1), ('傳奇', 1), ('長老', 1), ('遠見', 1), ('加入', 1), ('天然氣', 1), ('礦物', 1), ('頁60', 1), ('奧塞奇族人', 1), ('挖出', 1), ('領取', 1), ('租金', 1), ('權利金', 1), ('對象', 1), ('陰謀者', 1), ('髮指', 1), ('絕招', 1), ('殺人', 1), ('頁48', 1), ('死因', 1), ('個案', 1), ('地方', 1), ('治安', 1), ('拼湊出', 1), ('暗藏', 1), ('動機', 1), ('暗處', 1), ('連環謀殺', 1), ('使者', 1), ('勢力', 1), ('設下', 1), ('陷阱', 1), ('眼中釘而有', 1), ('身分於是', 1), ('保護', 1), ('約翰．', 1), ('胡佛', 1), ('局長', 1), ('調查員', 1), ('湯姆．', 1), ('懷特', 1), ('掩蓋', 1), ('身分', 1), ('進行', 1), ('導向', 1), ('破解', 1), ('挖掘出', 1), ('方式', 1), ('瓶頸', 1), ('突破', 1), ('面向', 1), ('傳記', 1), ('國家', 1), ('種族', 1), ('衝突', 1)]|0.9042982340559064|"《花月殺手》印地安原住民奧塞奇族 | 奧塞奇族人會隨著白人挖出源源不斷的石油 | 不同於《神鬼獵人》是關於美國西北方密蘇里州的「山人」歷史"
電影專題/電影背後_2023-09-20_109|2023-09-20|【電影背後】《愛情不用翻譯》與《雲端情人》上映週年紀念：這是一體兩面，來自才子佳人的離婚故事|電影專題|如果問有什麼讓人最有感觸、最有後勁的電影，《愛情不用翻譯》與的《雲端情人》會在很多人的名單上。這兩部分別在 2003 年及 2013 年上映，描寫著主角在大城市中的疏離與孤獨，以及在親密關係中的寂寞與感慨。儘管上映時間相隔 10 年，故事核心跟其中的情感卻是那麼類似。《愛情不用翻譯》《愛情不用翻譯》和《雲端情人》不但受到大批粉絲跟影評的追捧，幕後工作人員有些重疊，還各自獲得了包括奧斯卡在內的最佳原創劇本獎。這一切都不是巧合，因為這兩部電影最耐人尋味的就是幕後故事：編導蘇菲亞科波拉和史派克瓊斯的婚姻和離婚。《雲端情人》內容目錄1999 年，這對才子佳人結婚了。他們在音速青春（Sonic Youth）《100%》的拍攝現場相遇，因為瓊斯是MV導演。這段婚姻造就了當時電影圈最知名的佳話，但好景不常，兩人於 4 年後的 2003 年提出離婚，原因是「不可調和的分歧」。科波拉的《愛情不用翻譯》上映幾個月後，兩人就正式離婚了，這絕非巧合。《愛情不用翻譯》圍繞著史嘉蕾喬韓森飾演的夏洛特。她與 MV 攝影師丈夫約翰的婚姻不順，而移居東京的孤獨感難以言喻：她生活在地球的另一端，周圍是不屬於她的文化和她不會說的語言；丈夫成天在外工作，活在自己的世界而無視於兩人的關係，讓她幾乎陷入了孤立無援的地步。電影描繪出婚姻裡細緻入微的孤獨感，很少有其他電影能做到這一點。《愛情不用翻譯》當你深入了解導演的個人生活時，電影就變得更有層次。科波拉曾表示「約翰並不是史派克，但他身上有史派克的影子，有他的經歷。」在他們結婚幾個月後，史派克瓊斯的首部執導電影《變腦》就大獲成功，並且在短短 3 年內又推出一樣獲獎無數的《蘭花賊》。儘管科波拉自己也有《處女之死》，但投身於工作與創作的比重肯定不如丈夫。這個故事的另一面，直到 10 年後才以《雲端情人》公之於眾。瓦昆菲尼克斯飾演西奧多也是一個孤獨的人，生活在反烏托邦時代的洛杉磯，是寫作賀卡的作家。他曾經有一段非常快樂的婚姻，但與前妻凱瑟琳的關係最終走向分居離婚一途，讓他變得鬱鬱寡歡，彷彿生活失去意義。《雲端情人》《愛情不用翻譯》聚焦於夏洛特被丈夫忽略而困在孤獨的婚姻，《雲端情人》則是西奧多被迫面對與妻子離婚、孓然一身的樣貌。西奧多與夏洛特都很孤單，都在生活中尋找被愛的可能，但他們有一些非常大的差異：西奧多已屆中年，生活在自己成長的大城市裡，擁有漂亮的房子、穩定的工作和仰慕他的朋友；夏洛特是一個年輕女性，剛畢業於耶魯的她也想要有所抱負、施展才華，卻因為要配合丈夫的生活步調而無所適從。《雲端情人》很多人對於《雲端情人》中，西奧多與薩曼莎發展出的戀愛關係感到有點驚訝。但薩曼莎應不代表瓊斯已經寂寞到要尋找 AI 的慰藉，更像是他對於創作日益增長的依賴，因為這個依賴能填補了他生活中感情的空白，轉移失去愛人的事實。要說西奧多是《愛情不用翻譯》的約翰可能有點腦補，而夏洛特在年歲增長後化身為《雲端情人》的凱薩琳，更顯得超譯——畢竟這都有著創作者的自我投射及虛構的成分。不過這也顯示著，伴侶兩人對同一段關係的理解與感受能多有不同。夏洛特覺得被丈夫忽略，但西奧多自認為很愛前妻。或許蘇菲亞科波拉與史派克瓊斯，只是相愛的兩人在錯誤的時間相遇罷了。這兩部電影是以生命經驗醞釀，將悲傷轉化為美麗的藝術，因此才能獲得那麼多情感共鳴。如今的瓊斯在《雲端情人》後尚未推出任何寫作或執導的作品，目前創立了製片公司，及專注於創意總監的幕後工作。科波拉則曾以《魅惑》獲得了坎城影展的最佳導演，今年的《普瑞希拉》也在威尼斯亮相，而且女主角卡莉史派妮獲得最佳女主角的殊榮。《普瑞希拉》作為影迷，我們還在苦等著瓊斯的下一部作品，畢竟才華洋溢的他不拍片實在是太可惜了。不過好電影的確是可遇不可求的，特別在原創電影如此稀缺的當下，或許只能多多重溫《愛情不用翻譯》或《雲端情人》，那個獨立製片的黃金時代了。|https://news.agentm.tw/264464/|https://news.agentm.tw/wp-content/uploads/rwete-390x219.png|['感觸', '後勁', '電影', '愛情', '翻譯', '雲端', '情人', '名單', '描寫', '主角', '城市', '關係', '感慨', '時間', '故事', '核心', '情感', '愛情', '翻譯', '愛情', '翻譯', '雲端', '情人', '粉絲跟', '影評', '追捧', '幕後', '人員', '奧斯卡', '劇本獎', '電影', '幕後', '編導', '蘇菲亞', '科波拉', '史派克瓊斯', '婚姻', '雲端情人', '內容', '目錄', '才子', '佳人', '音速青春', '拍攝', '現場', '導演', '婚姻', '造就', '電影圈', '佳話', '提出', '原因', '調和', '科波拉', '愛情', '翻譯', '愛情', '翻譯', '圍繞', '史嘉蕾喬韓森', '飾演', '夏洛特', '攝影師', '丈夫', '約翰', '婚姻', '東京', '孤獨感', '地球', '周圍', '文化', '語言', '丈夫', '世界', '關係', '地步', '電影', '描繪出', '婚姻', '孤獨感', '電影', '愛情', '翻譯', '導演', '生活', '電影', '層次', '科波拉', '約翰', '史派克', '史派克', '影子', '史派克瓊斯', '執導', '電影', '推出', '蘭花', '科波拉', '處女', '投身', '工作', '創作', '比重', '丈夫', '故事', '雲端', '情人', '瓦昆菲尼克斯', '飾演', '西奧多', '烏托邦', '時代', '洛杉磯', '寫作', '賀卡', '作家', '婚姻', '凱瑟琳', '生活', '意義', '雲端', '情人', '愛情', '翻譯', '夏洛特', '丈夫', '婚姻', '雲端', '情人', '西奧多', '面對', '妻子', '樣貌', '西奧多', '夏洛特', '生活', '尋找', '差異', '西奧多', '中年', '城市裡', '房子', '工作', '朋友', '夏洛特', '女性', '耶魯', '抱負', '施展', '才華', '配合', '丈夫', '生活', '步調', '雲端', '情人', '雲端', '情人', '西奧多', '薩曼莎', '發展出', '關係', '薩曼莎', '瓊斯', '尋找', '慰藉', '創作', '填補', '生活', '感情', '愛人', '事實', '西奧多', '愛情', '翻譯', '約翰', '夏洛特', '年歲增長', '雲端', '情人', '凱薩琳', '超譯', '作者', '投射', '虛構', '成分', '伴侶', '關係', '感受', '夏洛特', '丈夫', '西奧多', '許蘇菲亞科波拉', '史派克瓊斯', '時間', '電影', '生命', '經驗', '藝術', '情感', '共鳴', '雲端情人', '推出', '寫作', '執導', '作品', '創立', '公司', '創意', '總監', '幕後', '工作', '科波拉則', '魅惑', '坎城', '影展', '導演', '普瑞希拉', '尼斯', '女主角', '卡莉史派妮', '女主角', '殊榮', '普瑞希拉', '影迷', '瓊斯', '作品', '拍片', '電影', '電影', '愛情', '翻譯', '雲端', '情人', '製片', '黃金', '時代']|[('電影', 9), ('愛情', 9), ('翻譯', 9), ('雲端', 9), ('情人', 9), ('西奧多', 7), ('婚姻', 6), ('夏洛特', 6), ('丈夫', 6), ('生活', 5), ('關係', 4), ('科波拉', 4), ('幕後', 3), ('史派克瓊斯', 3), ('導演', 3), ('約翰', 3), ('工作', 3), ('時間', 2), ('故事', 2), ('情感', 2), ('雲端情人', 2), ('飾演', 2), ('孤獨感', 2), ('史派克', 2), ('執導', 2), ('推出', 2), ('創作', 2), ('時代', 2), ('寫作', 2), ('尋找', 2), ('薩曼莎', 2), ('瓊斯', 2), ('作品', 2), ('普瑞希拉', 2), ('女主角', 2), ('感觸', 1), ('後勁', 1), ('名單', 1), ('描寫', 1), ('主角', 1), ('城市', 1), ('感慨', 1), ('核心', 1), ('粉絲跟', 1), ('影評', 1), ('追捧', 1), ('人員', 1), ('奧斯卡', 1), ('劇本獎', 1), ('編導', 1), ('蘇菲亞', 1), ('內容', 1), ('目錄', 1), ('才子', 1), ('佳人', 1), ('音速青春', 1), ('拍攝', 1), ('現場', 1), ('造就', 1), ('電影圈', 1), ('佳話', 1), ('提出', 1), ('原因', 1), ('調和', 1), ('圍繞', 1), ('史嘉蕾喬韓森', 1), ('攝影師', 1), ('東京', 1), ('地球', 1), ('周圍', 1), ('文化', 1), ('語言', 1), ('世界', 1), ('地步', 1), ('描繪出', 1), ('層次', 1), ('影子', 1), ('蘭花', 1), ('處女', 1), ('投身', 1), ('比重', 1), ('瓦昆菲尼克斯', 1), ('烏托邦', 1), ('洛杉磯', 1), ('賀卡', 1), ('作家', 1), ('凱瑟琳', 1), ('意義', 1), ('面對', 1), ('妻子', 1), ('樣貌', 1), ('差異', 1), ('中年', 1), ('城市裡', 1), ('房子', 1), ('朋友', 1), ('女性', 1), ('耶魯', 1), ('抱負', 1), ('施展', 1), ('才華', 1), ('配合', 1), ('步調', 1), ('發展出', 1), ('慰藉', 1), ('填補', 1), ('感情', 1), ('愛人', 1), ('事實', 1), ('年歲增長', 1), ('凱薩琳', 1), ('超譯', 1), ('作者', 1), ('投射', 1), ('虛構', 1), ('成分', 1), ('伴侶', 1), ('感受', 1), ('許蘇菲亞科波拉', 1), ('生命', 1), ('經驗', 1), ('藝術', 1), ('共鳴', 1), ('創立', 1), ('公司', 1), ('創意', 1), ('總監', 1), ('科波拉則', 1), ('魅惑', 1), ('坎城', 1), ('影展', 1), ('尼斯', 1), ('卡莉史派妮', 1), ('殊榮', 1), ('影迷', 1), ('拍片', 1), ('製片', 1), ('黃金', 1)]|1.0|"因為這兩部電影最耐人尋味的就是幕後故事：編導蘇菲亞科波拉和史派克瓊斯的婚姻和離婚 | 《愛情不用翻譯》與的《雲端情人》會在很多人的名單上 | 《雲端情人》《愛情不用翻譯》聚焦於夏洛特被丈夫忽略而困在孤獨的婚姻"
電影專題/電影背後_2023-08-19_110|2023-08-19|「木棉花我大哥」不是叫假的！從動畫代理到直接成為日本動畫製作委員會的一份子，這是動畫業界的投資秘辛！|電影專題|作為亞洲知名日本動畫代理大廠的木棉花國際自 2018 年投資《伊藤潤二驚選集》取得不俗的成績後，之後每一年都會推出 1~2 部有參與投資的日本動畫作品；這次小編特地邀請到木棉花國際負責動畫投資的業務專員高彗玲小姐來一一解答粉絲對於動畫投資這塊陌生領域的好奇心與疑惑，快跟著小編一起來揭開這層神秘的面紗吧！內容目錄高彗玲（以下簡稱高）：木棉花作為一個專業且國際化的日本動畫代理發行商，當然會希望藉由更多元且深度的合作去了解日本動畫產業；尤其現在每一部日本動畫背後都會有一個所謂的「製作委員會」，由多個不同的企業單位所組成，如出版社、電視台、音樂公司、動畫製作公司、遊戲公司、影音光碟或周邊販售企業等等單位共同出資，若我們也能加入其中成為製作委員會的一員，想必對於整個日本動畫產業的生成能有更進一步的認知與了解，因此公司開始積極的和日本版權方詢問、接洽相關的動畫投資事宜。製作委員會與會內出資者關係圖（資料來源：Itmedia Inc／製圖：林鈺馨）高：以商業成績來說，2018 年播出的《伊藤潤二驚選集》算是相當具有指標性的投資作品，不僅在影像的部分，尤其線下的展銷活動、商品授權等等陸陸續續都有新的提案產生，對於 IP 的延續發展性上不侷限於播出的當下，而是能讓公司持續性的操作它，且粉絲也相當支持，除了觀看正版動畫之外還願意到場參與活動、購買周邊等等，對於公司來說這就算相當成功的投資作品了。高：除了作品的區域和年限之外，在作品播出前的掌握度更高，可以了解委員會的製作進度在哪裡以便超前佈署作品的海外宣發策略。一般購入作品只有一季約三個月不到的時間作準備，包含在地化的 LOGO 設計、視覺圖及相關素材的整理、發佈等等，時常都要配合日本的解禁時間會更晚發佈而不利於海外的宣傳；但投資作品不僅能和委員會協調海外解禁時間與日本版權方同步解禁，素材也能提早拿到方便各地作在地化的運營，就主導權和掌控權的層面而言，投資作品的彈性確實是優於多數一般購入作品的。《暴食狂戰士~唯有我突破了所謂「等級」的概念~》各語言在地化的宣傳圖。高：其實一開始公司投資作品是為了了解日本動畫產業、以學習經驗為目的，所以在類型上比較不會太設限；像我們還有投資 2018 年播出的《書店裡的骷髏店員本田》以及 2019 年由人氣輕小說改編的《為了女兒，我說不定連魔王都能幹掉。》和漫畫改編的《實況主的逃脫遊戲【直播中】》；在 2020~2021 年間也投資了五部作品如《阿爾蒂》、《啄木鳥偵探社》、《無能力者娜娜》、《怪病醫拉姆尼》、《叫我對大哥》等等，這些作品從探討職場經驗、人物歷史、懸疑推理、奇幻冒險到溫馨小品等等題材都相當廣泛。我們在每種不同類型的投資作品身上尋求可能性，也獲得了市場真實的反饋，促使公司在日後選擇投資作品時能更加以大眾主流市場為依歸，因此 2022 年到今年的三部作品：《骸骨騎士大人異世界冒險中》、《被勇者隊伍開除的馭獸使、邂逅了最強種的貓耳少女》及《英雄王，為了窮盡武道而轉生～而後成為世界最強見習騎士♀～》等，其內容有相當受到粉絲歡迎的異世界轉生、退隊流或後宮等等的元素供粉絲選擇。高：今年第 4 季會有一部公司的投資新作《暴食狂戰士～唯有我突破了所謂「等級」的概念～》作為 10 月新番播出；這一部的人設相當有魅力，以七大宗罪作為技能和武器的命名，男主角不僅擁有「暴食」的技能還獲得以「貪婪」為名的大罪武器；當初在評估作品時雖然部分設定上會讓人聯想到怕痛的梅普露以及轉生史萊姆的暴食設定，但隨著後續男主角的性格轉換及武器的型態變化等等都會令人耳目一新很有驚喜感，戰鬥畫面也處理的相當帥氣！女主角可剛可柔很適合當老婆，後續登場的女配角也非常香，相信會是當季熱門的追番作品之一！接下來的 2024 年公司幾乎每一季都會有不同的投資作品誕生，也希望粉絲能透過參與社群活動和觀看正版影片等形式來支持木棉花的投資作品囉！《暴食狂戰士～唯有我突破了所謂「等級」的概念～》。高：第一個可以關注他的音樂與聲優，本次的 OP「Jekyll&Hyde」及 ED「青之原石」兩首主題曲是由 EverdreaM 演唱，EverdreaM 是聲優『Misato（松岡美里）』と『Hitomi（関根瞳）』結成的組合團體，也是本次演繹「憤怒」瑪茵與「色慾」艾麗絲的聲優！而主角群陣容當然也不容小覷，女主角羅琪希大人是由東城日沙子飾演，而男主角「暴食」斐特是由逢坂良太擔綱演出，才因鬼滅之刃的妓夫太郎有讓人印象深刻的表現的他，本次能帶來什麼樣的演繹很值得期待，另外他的重要搭檔「貪婪」格里德則是由大前輩關智一（鬼滅之刃-風柱）飾演，兩人會怎麼互動也眾所矚目！有興趣的粉絲一定要在 10 月時關注這部作品！《暴食狂戰士 唯有我突破了所謂「等級」的概念》新番動畫預告片資料來源：木棉花|https://news.agentm.tw/261963/|https://news.agentm.tw/wp-content/uploads/cover-1-2232-390x219.jpg|['亞洲', '日本', '動畫', '代理', '大廠', '木棉花', '國際', '投資', '伊藤潤二', '取得', '成績', '推出', '參與', '投資', '日本', '動畫', '作品', '小編', '邀請到', '木棉花', '國際', '動畫', '投資', '業務', '專員', '高彗玲', '小姐', '解答', '粉絲', '動畫', '投資', '領域', '好奇心', '小編', '揭開', '面紗', '內容', '目錄', '高彗玲', '木棉花', '日本', '動畫', '代理', '發行商', '深度', '日本', '動畫', '產業', '日本', '動畫', '委員會', '企業', '單位', '出版社', '電視台', '音樂', '公司', '動畫', '公司', '遊戲', '公司', '影音光碟', '周邊', '企業', '單位', '出資', '加入', '委員會', '日本', '動畫', '產業', '認知', '公司', '日本版權', '接洽', '投資', '事宜', '委員會', '出資者', '關係圖', '資料', '來源', '製圖', '林鈺馨', '商業', '成績', '播出', '伊藤潤二驚選集', '指標性', '投資', '作品', '影像', '線下', '活動', '商品', '提案', '發展性', '侷限', '播出', '公司', '持續性', '操作', '粉絲', '支持', '觀看', '正版', '動畫', '參與', '活動', '購買', '周邊', '公司', '投資', '作品', '作品', '區域', '年限', '作品', '播出', '掌握度', '了解', '委員會', '進度', '佈署', '作品', '海外', '策略', '購入', '作品', '時間', '準備', '設計', '視覺', '素材', '整理', '配合', '日本', '時間', '海外', '宣傳', '投資', '作品', '委員會', '協調', '海外', '時間', '日本', '版權方', '素材', '拿到', '作在地化', '主導權', '層面', '投資', '作品', '彈性', '購入', '作品', '暴食狂', '戰士', '突破', '等級', '概念', '語言在地化', '宣傳圖', '高：', '公司', '投資作品', '日本', '動畫', '產業', '學習', '經驗', '目的', '類型', '投資', '播出', '書店', '骷髏', '店員', '本田', '小說', '改編', '女兒', '幹掉', '漫畫', '改編', '實況主', '遊戲', '投資', '作品', '阿爾蒂', '啄木鳥', '偵探社', '娜娜', '醫拉姆尼', '大哥', '作品', '職場', '經驗', '人物', '歷史', '推理', '小品', '題材', '類型', '投資', '作品身', '尋求', '可能性', '市場', '反饋', '公司', '選擇', '投資', '作品', '主流', '市場', '依歸', '作品', '骸骨', '騎士', '大人', '世界', '勇者', '隊伍', '開除', '獸使', '邂逅', '少女', '英雄', '武道而', '世界', '騎士', '內容', '粉絲', '異世界', '退隊流', '後宮', '元素', '粉絲', '選擇', '公司', '投資', '新作', '暴食狂戰士', '突破', '等級', '概念', '新番', '播出', '魅力', '技能', '武器', '主角', '暴食', '技能', '大罪', '武器', '作品', '梅普露', '史萊姆', '暴食設定', '主角', '性格', '轉換', '武器', '變化等', '耳目一新很', '驚喜感', '處理', '主角', '老婆', '配角', '追番', '作品', '公司', '投資', '作品', '粉絲', '參與', '社群', '活動', '觀看', '正版', '影片', '形式', '支持', '木棉花', '投資', '作品', '暴食', '戰士', '突破', '等級', '概念～', '高：', '音樂', '聲優', '原石', '主題曲', '演唱', '聲優', '松岡美里', '根瞳', '團體', '演繹', '瑪茵', '色慾', '艾麗絲', '主角群', '陣容', '女主角', '羅琪希', '大人', '東城日沙子', '飾演', '主角', '暴食', '演出', '妓夫太郎', '印象', '表現', '帶來', '演繹', '搭檔', '里德', '前輩', '關智一', '鬼滅之', '風柱', '飾演', '興趣', '粉絲', '作品', '暴食狂戰士', '突破', '等級', '概念', '新番', '動畫', '預告片', '資料', '木棉花']|[('作品', 19), ('投資', 16), ('動畫', 12), ('公司', 10), ('日本', 9), ('粉絲', 6), ('木棉花', 5), ('委員會', 5), ('播出', 5), ('突破', 4), ('等級', 4), ('主角', 4), ('參與', 3), ('產業', 3), ('活動', 3), ('海外', 3), ('時間', 3), ('概念', 3), ('武器', 3), ('暴食', 3), ('代理', 2), ('國際', 2), ('成績', 2), ('小編', 2), ('高彗玲', 2), ('內容', 2), ('企業', 2), ('單位', 2), ('音樂', 2), ('遊戲', 2), ('周邊', 2), ('資料', 2), ('支持', 2), ('觀看', 2), ('正版', 2), ('購入', 2), ('素材', 2), ('戰士', 2), ('高：', 2), ('經驗', 2), ('類型', 2), ('改編', 2), ('市場', 2), ('選擇', 2), ('騎士', 2), ('大人', 2), ('世界', 2), ('暴食狂戰士', 2), ('新番', 2), ('技能', 2), ('聲優', 2), ('演繹', 2), ('飾演', 2), ('亞洲', 1), ('大廠', 1), ('伊藤潤二', 1), ('取得', 1), ('推出', 1), ('邀請到', 1), ('業務', 1), ('專員', 1), ('小姐', 1), ('解答', 1), ('領域', 1), ('好奇心', 1), ('揭開', 1), ('面紗', 1), ('目錄', 1), ('發行商', 1), ('深度', 1), ('出版社', 1), ('電視台', 1), ('影音光碟', 1), ('出資', 1), ('加入', 1), ('認知', 1), ('日本版權', 1), ('接洽', 1), ('事宜', 1), ('出資者', 1), ('關係圖', 1), ('來源', 1), ('製圖', 1), ('林鈺馨', 1), ('商業', 1), ('伊藤潤二驚選集', 1), ('指標性', 1), ('影像', 1), ('線下', 1), ('商品', 1), ('提案', 1), ('發展性', 1), ('侷限', 1), ('持續性', 1), ('操作', 1), ('購買', 1), ('區域', 1), ('年限', 1), ('掌握度', 1), ('了解', 1), ('進度', 1), ('佈署', 1), ('策略', 1), ('準備', 1), ('設計', 1), ('視覺', 1), ('整理', 1), ('配合', 1), ('宣傳', 1), ('協調', 1), ('版權方', 1), ('拿到', 1), ('作在地化', 1), ('主導權', 1), ('層面', 1), ('彈性', 1), ('暴食狂', 1), ('語言在地化', 1), ('宣傳圖', 1), ('投資作品', 1), ('學習', 1), ('目的', 1), ('書店', 1), ('骷髏', 1), ('店員', 1), ('本田', 1), ('小說', 1), ('女兒', 1), ('幹掉', 1), ('漫畫', 1), ('實況主', 1), ('阿爾蒂', 1), ('啄木鳥', 1), ('偵探社', 1), ('娜娜', 1), ('醫拉姆尼', 1), ('大哥', 1), ('職場', 1), ('人物', 1), ('歷史', 1), ('推理', 1), ('小品', 1), ('題材', 1), ('作品身', 1), ('尋求', 1), ('可能性', 1), ('反饋', 1), ('主流', 1), ('依歸', 1), ('骸骨', 1), ('勇者', 1), ('隊伍', 1), ('開除', 1), ('獸使', 1), ('邂逅', 1), ('少女', 1), ('英雄', 1), ('武道而', 1), ('異世界', 1), ('退隊流', 1), ('後宮', 1), ('元素', 1), ('新作', 1), ('魅力', 1), ('大罪', 1), ('梅普露', 1), ('史萊姆', 1), ('暴食設定', 1), ('性格', 1), ('轉換', 1), ('變化等', 1), ('耳目一新很', 1), ('驚喜感', 1), ('處理', 1), ('老婆', 1), ('配角', 1), ('追番', 1), ('社群', 1), ('影片', 1), ('形式', 1), ('概念～', 1), ('原石', 1), ('主題曲', 1), ('演唱', 1), ('松岡美里', 1), ('根瞳', 1), ('團體', 1), ('瑪茵', 1), ('色慾', 1), ('艾麗絲', 1), ('主角群', 1), ('陣容', 1), ('女主角', 1), ('羅琪希', 1), ('東城日沙子', 1), ('演出', 1), ('妓夫太郎', 1), ('印象', 1), ('表現', 1), ('帶來', 1)]|0.9999995254828042|"尤其現在每一部日本動畫背後都會有一個所謂的「製作委員會」 | 高：今年第 4 季會有一部公司的投資新作《暴食狂戰士～唯有我突破了所謂「等級」的概念～》作為 10 月新番播出 | 之後每一年都會推出 1~2 部有參與投資的日本動畫作品"
電影專題/電影背後_2023-07-21_111|2023-07-21|【電影背後】美泰兒想拍《Barbie芭比》想了14年，多虧有瑪格羅比身兼製作人與女主角神救援|電影專題|美泰兒是全球最強力的玩具製造公司，而芭比正是讓他們稱霸半世紀的最暢銷產品。當數位時代來臨，實體玩具的銷售量漸漸下滑時，他們決定採取一個醞釀許久的轉型策略：將旗下玩具改編成影視 IP。芭比的改編電影從2009年就開始計劃，無奈在相關人士來來去去許久，一直都沒有真正的進展。於是在 2018 年新任 CEO Ynon Kreiz 上任之後，第一件事就是成立「美泰兒影業」，把旗下產品改編成影視 IP 納入首要之務。他看見漫威從漫畫出版社成為影視帝國，於是目標是把從美泰兒從原本的玩具製造公司，拓展到經營IP特許權及品牌管理的領域。索尼很早就獲得改編芭比電影的機會，他們找上艾米舒默，希望能為芭比賦予新風貌，但艾米傾向戲謔的風格讓美泰兒無法認同；《神力女超人》的派蒂珍金斯一度也被洽談成為編劇或導演，但是在會面之後便不了了之；他們決定從女主角開始找起，於是想到了美國甜心安海瑟薇，但在編導一直都無法定案的情況下，忙碌的小安也無法再配合下去。Ynon Kreiz上任後的兩個月，就把芭比的版權拿回來。剛以《老娘叫譚雅》入圍奧斯卡的瑪格羅比聽聞消息，馬上採取行動試圖與美泰兒會面。不，她不是想飾演芭比，她根本不是以演員的身份聯繫的——如果你還不知道，瑪格其實是一個大無畏的製作人，2014年與丈夫跟好友成立的LuckyChap Entertainment，以製作與推動女性故事為目標，《老娘叫譚雅》就是一個成功的範例。瑪格認為芭比有巨大的商業潛力，畢竟這是一個暢銷超過半世紀的玩偶：「有人喜歡芭比、有人討厭芭比——重點就是，所有人都知道芭比。」她心中的改編電影要能面對及處理這些議題，但在與美泰兒開會時，她首先表示自己會認真對待這個品牌，將 60 年來的歷史介紹給新世代的觀眾。但重點來了，溝通改編的理念才是這個會議的重點：「我們必須承認，很多人不是芭比的粉絲。事實上，那些人不只對芭比娃娃不感興趣，他們還自發性地去厭惡芭比，對芭比很有意見。我們必須找到方法去承認這點。如果今天這件事不拿出來討論，總有一天別人會講出來。」兩個半小時後，兩方握手成為事業夥伴，而華納兄弟也很快地表示了出資的興趣。拿到版權只是第一步，好戲才正要開始。除了跟美泰兒無止盡的會議以外，華納兄弟那裡也要搞定才行。瑪格找上葛莉塔潔薇執筆劇本，怕被拒絕怕得要死。幸好，葛莉塔是芭比的粉絲（她尷尬地坦承自己一路玩到國中時期），願意接下這個挑戰，並且擅自把伴侶諾亞包姆巴赫的名字也寫上去。瑪格希望他們兩個擁有百分之百的創作自由，但這意味著無止盡的斡旋：「我們有兩家非常緊張的大公司，美泰兒及華納兄弟每天都有問題要問，像是『他們的計畫是什麼？他們寫了什麼？故事到底是關於什麼？』真的數也數不清。」好險她找到了達成協議的方法，確保葛莉塔跟諾亞能不被干擾寫作。但事情還沒結束，美泰兒跟華納兄弟依舊堅持要先「看過」劇本大綱，葛莉塔跟諾亞則猶豫不決，此時這兩人的經紀人，來自聯合人才經紀公司（UTA）的傑瑞米巴柏（Jeremy Barber）則出手了，他丟出這樣的一句話：「你瘋了嗎？葛莉塔和諾亞願意寫一部他*的芭比電影，是你們應該要感謝我才對！」葛莉塔也寫了一封文情並茂的信與一首「引述了《使徒信經》、古怪不真實的詩」，親自讓高層安心。在劇本完成之前，任何在Luckychap、美泰兒、華納兄弟的人都沒有看過劇本。一旦完成了，瑪格與另外兩位製作人都愛到不行，但第一想法是「他們絕對不會讓我們拍這部電影！」劇本寫完了，葛莉塔也自然而然地成為導演，接下來就是男女主角了。當葛莉塔跟瑪格在討論芭比的選角時，她們心目中理想的人選其實是蓋兒加朵：「因為蓋兒美到不可思議，但你不會因她的美貌而討厭她，因為她非常的真誠，且體貼得充滿熱情，幾乎到了傻氣的程度，可以說只差一步就是一位傻子了。」並表示她具有「芭比能量」的特質。不過蓋兒因為檔期衝突而無法參與，最後是葛莉塔說服瑪格親自演出。當然，美泰兒當時願意將版權給 Luckychap，也是看中瑪格的明星人氣及演技實力。瑪格自己則從來都不是芭比的粉絲，甚至在剛開始開發這個項目之時，也從來不想到自己可以演出。此話不假。2020 年在宣傳《從前，有個好萊塢》時，布萊德彼特不經意的一句「妳看起來就像一個芭比」，瑪格立刻一臉疑惑否認：FASHION TO MAX（@fashiontomax_magazine）分享的貼文你一定會覺得奇怪（海倫米蘭也覺得很奇怪，如果你已經看過電影的話）：金髮碧眼、外表亮麗的瑪格不只相當符合，如此聰明有才華有企圖心的她，明明就適合詮釋符合現代的芭比形象。只能說好險上天讓一切都行得通，當選角消息一釋出時，全世界無不沸騰了起來，並且紛紛大讚瑪格就是最適合的人選。要將《Barbie芭比》搬上大銀幕實為不易，不過這一切會是值得的。除了華納兄弟鋪天蓋地的行銷策略相當成功外，網友對於《Barbie芭比》的期待堪稱網路現象，目前首週票房可能會有超過1億美元的好成績，屆時將打破《神力女超人》的開票紀錄。若加上口碑好評延燒，電影成為今年總票房的黑馬也是不無可能！|https://news.agentm.tw/260294/|https://news.agentm.tw/wp-content/uploads/11111-7-390x219.png|['美泰兒', '全球', '玩具', '公司', '芭比', '世紀', '產品', '時代', '實體', '玩具', '銷售量', '採取', '策略', '旗下', '玩具', '影視', '芭比', '改編', '電影', '人士', '進展', '成立', '美泰兒', '影業', '旗下', '產品', '影視', '首要', '漫威從', '漫畫', '出版社', '影視', '帝國', '目標', '美泰兒', '玩具', '公司', '拓展到', '經營', '特許權', '品牌', '管理', '領域', '索尼', '改編', '芭比', '電影', '機會', '找上', '艾米舒默', '芭比', '風貌', '艾米傾向', '風格', '美泰兒', '神力女超人', '派蒂珍金斯', '編劇', '導演', '女主角', '找起', '美國', '安海瑟薇', '編導', '情況', '小安', '配合下去', '芭比', '版權', '拿回來', '老娘叫譚雅', '奧斯卡', '消息', '取行動試圖', '美泰兒', '飾演', '芭比', '演員', '身份', '聯繫', '瑪格', '製作人', '丈夫', '好友', '成立', '製作', '推動', '女性', '故事', '目標', '老娘', '譚雅', '範例', '瑪格', '芭比', '商業', '潛力', '世紀', '玩偶', '芭比', '芭比', '重點', '所有', '芭比', '改編', '電影', '面對', '處理', '議題', '美泰兒', '對待', '品牌', '歷史', '觀眾', '重點', '溝通', '改編', '理念', '會議', '重點', '芭比', '粉絲', '事實', '芭比', '娃娃', '興趣', '自發性', '芭比', '芭比', '找到', '方法', '小時', '事業', '夥伴', '華納', '兄弟', '出資', '興趣', '拿到', '版權', '泰兒', '會議', '華納兄弟', '搞定', '瑪格', '找上', '葛莉塔潔薇', '劇本', '葛莉塔', '芭比', '粉絲', '玩到', '國中', '時期', '接下', '挑戰', '伴侶諾亞包姆巴赫', '名字', '瑪格', '創作', '自由', '公司', '美泰兒', '華納', '兄弟', '問題', '計畫', '故事', '找到', '達成', '協議', '方法', '葛莉塔', '諾亞能', '干擾', '寫作', '事情', '美泰兒', '華納', '兄弟', '劇本', '大綱', '葛莉塔', '諾亞', '經紀人', '聯合人', '公司', '傑瑞米巴柏', '丟出', '葛莉塔和諾亞', '芭比', '電影', '莉塔', '引述', '高層安心', '劇本', '完成', '美泰兒', '華納', '兄弟', '劇本', '完成', '瑪格', '製作人', '想法', '電影', '劇本', '寫完', '葛莉塔', '男女主角', '莉塔跟瑪格', '芭比', '選角', '心目中', '人選', '蓋兒', '加朵', '兒美到', '美貌', '熱情', '傻氣', '程度', '傻子', '芭比', '能量', '特質', '檔期', '衝突', '參與', '葛莉塔', '瑪格', '演出', '美泰兒', '版權給', '看中', '瑪格', '明星', '人氣', '演技', '實力', '瑪格', '芭比', '粉絲', '開發', '項目', '演出', '宣傳', '布萊德彼特', '芭比', '瑪格立刻', '貼文', '海倫', '米蘭', '看過', '電影', '金髮', '碧眼', '外表', '瑪格', '企圖心', '詮釋', '芭比', '形象', '選角', '消息一釋出', '世界', '大讚', '瑪格', '人選', '搬上', '銀幕實為', '兄弟', '行銷', '策略', '網友', '網路', '現象', '票房', '成績', '打破', '神力女', '超人', '紀錄', '加上', '口碑', '好評', '延燒', '電影', '黑馬']|[('芭比', 21), ('美泰兒', 10), ('瑪格', 10), ('電影', 7), ('兄弟', 5), ('劇本', 5), ('葛莉塔', 5), ('玩具', 4), ('公司', 4), ('改編', 4), ('華納', 4), ('影視', 3), ('重點', 3), ('粉絲', 3), ('世紀', 2), ('產品', 2), ('策略', 2), ('旗下', 2), ('成立', 2), ('目標', 2), ('品牌', 2), ('找上', 2), ('版權', 2), ('製作人', 2), ('故事', 2), ('會議', 2), ('興趣', 2), ('找到', 2), ('方法', 2), ('完成', 2), ('選角', 2), ('人選', 2), ('演出', 2), ('全球', 1), ('時代', 1), ('實體', 1), ('銷售量', 1), ('採取', 1), ('人士', 1), ('進展', 1), ('影業', 1), ('首要', 1), ('漫威從', 1), ('漫畫', 1), ('出版社', 1), ('帝國', 1), ('拓展到', 1), ('經營', 1), ('特許權', 1), ('管理', 1), ('領域', 1), ('索尼', 1), ('機會', 1), ('艾米舒默', 1), ('風貌', 1), ('艾米傾向', 1), ('風格', 1), ('神力女超人', 1), ('派蒂珍金斯', 1), ('編劇', 1), ('導演', 1), ('女主角', 1), ('找起', 1), ('美國', 1), ('安海瑟薇', 1), ('編導', 1), ('情況', 1), ('小安', 1), ('配合下去', 1), ('拿回來', 1), ('老娘叫譚雅', 1), ('奧斯卡', 1), ('消息', 1), ('取行動試圖', 1), ('飾演', 1), ('演員', 1), ('身份', 1), ('聯繫', 1), ('丈夫', 1), ('好友', 1), ('製作', 1), ('推動', 1), ('女性', 1), ('老娘', 1), ('譚雅', 1), ('範例', 1), ('商業', 1), ('潛力', 1), ('玩偶', 1), ('所有', 1), ('面對', 1), ('處理', 1), ('議題', 1), ('對待', 1), ('歷史', 1), ('觀眾', 1), ('溝通', 1), ('理念', 1), ('事實', 1), ('娃娃', 1), ('自發性', 1), ('小時', 1), ('事業', 1), ('夥伴', 1), ('出資', 1), ('拿到', 1), ('泰兒', 1), ('華納兄弟', 1), ('搞定', 1), ('葛莉塔潔薇', 1), ('玩到', 1), ('國中', 1), ('時期', 1), ('接下', 1), ('挑戰', 1), ('伴侶諾亞包姆巴赫', 1), ('名字', 1), ('創作', 1), ('自由', 1), ('問題', 1), ('計畫', 1), ('達成', 1), ('協議', 1), ('諾亞能', 1), ('干擾', 1), ('寫作', 1), ('事情', 1), ('大綱', 1), ('諾亞', 1), ('經紀人', 1), ('聯合人', 1), ('傑瑞米巴柏', 1), ('丟出', 1), ('葛莉塔和諾亞', 1), ('莉塔', 1), ('引述', 1), ('高層安心', 1), ('想法', 1), ('寫完', 1), ('男女主角', 1), ('莉塔跟瑪格', 1), ('心目中', 1), ('蓋兒', 1), ('加朵', 1), ('兒美到', 1), ('美貌', 1), ('熱情', 1), ('傻氣', 1), ('程度', 1), ('傻子', 1), ('能量', 1), ('特質', 1), ('檔期', 1), ('衝突', 1), ('參與', 1), ('版權給', 1), ('看中', 1), ('明星', 1), ('人氣', 1), ('演技', 1), ('實力', 1), ('開發', 1), ('項目', 1), ('宣傳', 1), ('布萊德彼特', 1), ('瑪格立刻', 1), ('貼文', 1), ('海倫', 1), ('米蘭', 1), ('看過', 1), ('金髮', 1), ('碧眼', 1), ('外表', 1), ('企圖心', 1), ('詮釋', 1), ('形象', 1), ('消息一釋出', 1), ('世界', 1), ('大讚', 1), ('搬上', 1), ('銀幕實為', 1), ('行銷', 1), ('網友', 1), ('網路', 1), ('現象', 1), ('票房', 1), ('成績', 1), ('打破', 1), ('神力女', 1), ('超人', 1), ('紀錄', 1), ('加上', 1), ('口碑', 1), ('好評', 1), ('延燒', 1), ('黑馬', 1)]|0.0|"瑪格自己則從來都不是芭比的粉絲 | 任何在Luckychap、美泰兒、華納兄弟的人都沒有看過劇本 | 但在與美泰兒開會時"
電影專題/電影背後_2023-07-14_112|2023-07-14|《變身少女露比》海怪大揭密：影史裡海怪的亮眼時刻！海怪是真實存在的嗎？|電影專題|動畫電影《變身少女露比》的主角露比不是普通少女，現在爆雷你，她其實是擁有「海怪」(Kraken) 血脈的少女。海怪，是由古至今令人深感不祥的海中巨獸。但世界上真的有海怪嗎？神話與傳說裡的海怪又有多恐怖呢？讓我們從不同角度來談談，這隻讓露比十分困擾的神奇怪物。《變身少女露比》。內容目錄你不是在《變身少女露比》裡才第一次看過海怪，電影可以說是宣揚海怪神話最賣力的傳播管道之一。百年影史裡有數不清的名台詞，其中一句台詞就與海怪有關：「釋放海怪！」 (Release The Kraken!)。這句台詞來自 1981 年的特效神怪電影《諸神恩仇錄》(The Clash of the Titans)，這部電影描述希臘神話裡宙斯之子柏修斯 (Perseus) 斬妖除魔的故事。當柏修斯發現衣索比亞公主安朵美達被綁在海邊礁石上，並且即將獻祭給海怪時，不確定是因為柏修斯有過人正義感，或是因為安朵美達公主實在太美，總之柏修斯挺身而出幹掉了海怪。《諸神恩仇錄》：海怪。在《諸神恩仇錄》與 2010 年重拍的《創世紀封神榜》裡，你都能聽到這句宙斯怒吼的「釋放海怪」。這句名台詞從此變成了流行文化的慣用語，當你準備鬆開褲帶大吃一頓之前、或是當你準備大發雷霆之前，通通都可以向天怒吼一聲「釋放海怪」以證明自己的決心。這句台詞裡的海怪，代表著你的胃口跟想吃公主的海怪一樣大、或者你的怒氣比海怪還要兇猛，這句台詞實在非常好用。不過，在以實物特效為主的《諸神恩仇錄》，以及電腦動畫特效為主的《創世紀封神榜》裡，兩部電影描繪的海怪有很大的不同：在 80 年代的《諸神恩仇錄》裡，海怪是一頭人身蛇尾的怪獸，它的頭部實在很像 1954 年經典恐怖電影《黑湖妖譚》裡的半魚人，兩頰都有類似鰓的結構。而且《諸神恩仇錄》裡的海怪上半身幾乎就是人類，它甚至還有兩個乳頭與浮凸的肋骨。唯一與人類不同的，是海怪有四隻手，可以左右前後四手開弓；另外它的下半身是一條長長的蛟龍尾，用來解釋海怪能在海中快速移動的原因──事實是，《諸神恩仇錄》確實是在致敬《黑湖妖譚》。《黑湖妖譚》（左）魚人與《諸神恩仇錄》的海怪。《創世紀封神榜》的海怪就不一樣了，它的頭部看起來有點像烏龜……事實上它的胸腹也有厚厚的甲殼，這讓海怪看起來更像是《大怪獸卡美拉》的飛天神龜卡美拉。不過這個版本的海怪有個獨特特徵：它有數條超長觸手，它的足部是類似螃蟹的節肢足。其實，《變身少女露比》的海怪少女，更像是《創世紀封神榜》裡的海怪，它們的身體一樣有觸手。在《創世紀封神榜》裡的柏修斯，駕馭著飛馬穿梭在海怪襲來的觸手空隙之中。可以說，這個版本的海怪比起四隻手的版本，更有威嚇性──四隻觸手加上兩隻手與四隻爪子，《創世紀封神榜》勝。《創世紀封神榜》：海怪。不只如此，你在《神鬼奇航》系列這套 80% 鏡頭都在海上的電影系列裡，也能見到海中霸主海怪。在《神鬼奇航 2：加勒比海盜》裡出現的海怪有十艘船那麼長、它的強勁觸手可以將任何船隻拉入海中，而且，這隻海怪很聽話，它遵從「深海閻王」戴維瓊斯的命令。只要你被瓊斯下了黑點詛咒（掌心會出現一個黑色記號），那麼無論你在哪裡，海怪都會找上你、並且吞了你──建議你最好跑到不靠海的都市去。當然，有人比較倒楣，就像可憐的傑克史派羅船長，最後海怪就將傑克船長與他的黑珍珠號，一起吞進肚子裡。《神鬼奇航 2：加勒比海盜》: 海怪。在《神鬼奇航 2：加勒比海盜》結局，我們看到威力全開的海怪……數條滿佈吸盤的觸手爬上黑珍珠號，以為逃過一劫的傑克船長還喜出望外，但當他感受到背後海怪大嘴傳來的腥風……一回頭，就看到海怪大嘴裡密密麻麻的尖牙。傑克船長微笑地說著：「哈嘍，畜生！」然後揮刀衝進海怪的口中……觸手看來是海怪的特徵，這並不奇怪，因為自古以來，全世界的海洋國家都有類似的海怪傳說，而這些各種文化裡的海怪……都有驚人的觸手，而深海裡，哪種生物有令人印象深刻的觸手呢？當然就是巨大章魚或巨大烏賊。在古希臘的亞里斯多德筆下，有名為「特索斯」 (Teuthos) 的六腳大烏賊；加勒比海傳說裡有名為「拉斯卡」(Lusca) 的半鯊半章魚海怪；北海道蝦夷族傳說裡，有可以吞噬船隻與鯨魚的火紅大章魚アッコロカムイ……這些地方傳說綜合出一個可能：海怪是真實存在的。アッコロカムイ。1857 年，西方科學界正式證實了巨大烏賊的存在，這種烏賊最長有 13 公尺左右……超過四層樓的長度，感覺似乎很嚇人，但科學家仍然對牠們了解不多。英國倫敦自然歷史博物館的軟體動物資深策展人強亞伯列 (Jon Ablett) 就表示：「我們確實了解牠們是真實存在的，牠們不是人們想像的傳說怪獸，但我們對牠們也才剛開始進行研究……我們仍然不了解牠們如何繁殖、壽命多長、如何生長，牠們仍然是非常神秘的生物，這讓許多科學家充滿好奇心，想要查明牠們的祕密。」真實的巨大烏賊。《變身少女露比》可能是海怪在影壇獲得平反的第一次機會，這部電影裡的海怪不但是偉大的保護者，而且還是主角。在迪士尼動畫電影裡的《小美人魚》，人魚族才是海洋的保護者，而《變身少女露比》做了徹頭徹尾的顛覆，讓影史怪物與人魚保衛者身份對調了。但說實話，正如同巨大烏賊，我們人類其實對許多遠古海洋巨大生物的了解並不夠，海怪為何一定是邪惡的？根據科學家了解，這些深海物種浮上海面時，通常代表牠們壓力過大，或甚至已經瀕死……而這並不如人們或傳說裡的描寫，是海怪浮上海面準備吃人。海怪會不會有下次平反機會？可能很難，海盜電影或怪獸電影目前都不是好萊塢的主流……它們可能比海怪更加瀕臨絕種……也許，《變身少女露比》至少開創了一個全新的可能？延伸閱讀 >>【影評】《變身少女露比》：觸角海怪出頭天！擊敗了人魚，怎麼贏不過美人魚？|https://news.agentm.tw/259479/|https://news.agentm.tw/wp-content/uploads/cover-1-2195-390x219.jpg|['動畫', '電影', '少女', '露比', '主角', '露比', '少女', '海怪', '血脈', '少女', '海怪', '巨獸', '世界', '神話', '傳說', '海怪', '角度', '露比', '怪物', '少女', '露比', '內容', '目錄', '少女', '露比', '海怪', '電影', '宣揚', '海怪', '神話', '傳播', '管道', '影史', '台詞', '台詞', '海怪', '釋放', '海怪', '特效神怪', '電影', '諸神恩仇錄', '電影', '描述', '希臘', '神話裡宙斯', '斬妖除魔', '故事', '柏修斯', '衣索比亞', '公主', '安朵美達', '海邊', '礁石', '海怪', '修斯', '正義感', '安朵美達', '公主', '柏修斯', '海怪', '諸神恩仇錄', '海怪。在', '諸神恩仇錄', '重拍', '創世', '紀封神榜', '宙斯', '釋放海怪', '名台詞', '文化', '用語', '鬆開褲帶大吃一頓', '準備', '釋放', '海怪', '決心', '台詞', '海怪', '胃口', '公主', '海怪', '怒氣', '海怪', '台詞', '實物', '特效為主', '諸神恩仇錄', '電腦', '動畫', '特效', '創世紀', '封神榜', '電影', '描繪', '海怪', '諸神恩仇錄', '海怪', '人身蛇尾', '怪獸', '頭部', '經典', '電影', '黑湖妖譚', '結構', '海怪', '人類', '乳頭', '肋骨', '人類', '海怪', '蛟龍尾', '海怪能', '原因', '事實', '致敬', '黑湖妖譚', '黑湖妖譚', '諸神恩仇錄', '海怪', '紀封神', '海怪', '頭部', '烏龜……', '事實', '甲殼', '海怪', '卡美拉', '卡美拉', '版本', '海怪', '足部', '螃蟹', '少女', '海怪', '少女', '封神', '海怪', '身體', '觸手', '封神', '柏修斯', '駕馭', '飛馬', '海怪', '觸手', '空隙', '版本', '海怪', '版本', '威嚇性', '觸手', '加上', '爪子', '封神', '封神', '海怪', '神鬼', '奇航', '系列', '鏡頭', '電影', '系列', '霸主', '海怪', '神鬼', '奇航', '加勒比', '海盜', '海怪', '船隻', '海怪', '遵從', '深海', '閻王', '戴維瓊斯', '命令', '瓊斯', '詛咒', '掌心', '黑色', '記號', '海怪', '找上', '都市', '傑克史派羅', '船長', '海怪就', '傑克', '船長', '黑珍珠號', '吞進', '肚子裡', '神鬼奇航', '加勒比', '海盜', '海怪。', '神鬼奇航', '加勒比', '海盜', '結局', '威力', '海怪', '黑珍珠號', '傑克', '船長', '背後', '海怪', '腥風', '海怪', '嘴裡', '尖牙', '船長', '畜生', '海怪', '海怪', '特徵', '世界', '海洋', '國家', '海怪', '傳說', '文化', '海怪', '深海', '生物', '印象', '烏賊', '古希臘', '亞里斯多德', '筆下', '特索斯', '加勒比海', '傳說', '拉斯卡', '半鯊', '海怪', '北海道蝦夷族', '傳說', '吞噬', '船隻', '鯨魚', '地方', '傳說', '綜合', '海怪', '科學界', '烏賊', '長度', '科學家', '英國', '倫敦', '自然', '歷史', '博物館', '軟體', '動物', '策展人強', '亞伯列 ', '人們', '傳說', '怪獸', '進行', '繁殖', '壽命', '生物', '科學家', '祕密', '烏賊', '少女', '露比', '海怪', '機會', '電影', '海怪', '保護者', '主角', '迪士尼', '動畫', '電影', '小美人魚', '人魚族', '海洋', '保護者', '少女', '露比', '顛覆', '影史怪物', '人魚', '保衛', '身份', '烏賊', '人類', '生物', '了解', '海怪', '科學家', '物種', '海面', '壓力', '人們', '傳說', '描寫', '海怪', '海面', '機會', '海盜', '電影', '電影', '萊塢', '主流', '海怪', '少女', '開創', '可能', '閱讀', '影評', '少女露', '海怪出頭天', '擊敗', '人魚', '美人魚']|[('海怪', 44), ('電影', 11), ('少女', 10), ('露比', 7), ('傳說', 7), ('諸神恩仇錄', 6), ('台詞', 4), ('封神', 4), ('海盜', 4), ('船長', 4), ('烏賊', 4), ('動畫', 3), ('柏修斯', 3), ('公主', 3), ('黑湖妖譚', 3), ('人類', 3), ('版本', 3), ('觸手', 3), ('加勒比', 3), ('生物', 3), ('科學家', 3), ('主角', 2), ('世界', 2), ('神話', 2), ('釋放', 2), ('安朵美達', 2), ('文化', 2), ('怪獸', 2), ('頭部', 2), ('事實', 2), ('卡美拉', 2), ('神鬼', 2), ('奇航', 2), ('系列', 2), ('船隻', 2), ('深海', 2), ('傑克', 2), ('黑珍珠號', 2), ('神鬼奇航', 2), ('海洋', 2), ('人們', 2), ('機會', 2), ('保護者', 2), ('人魚', 2), ('海面', 2), ('血脈', 1), ('巨獸', 1), ('角度', 1), ('怪物', 1), ('內容', 1), ('目錄', 1), ('宣揚', 1), ('傳播', 1), ('管道', 1), ('影史', 1), ('特效神怪', 1), ('描述', 1), ('希臘', 1), ('神話裡宙斯', 1), ('斬妖除魔', 1), ('故事', 1), ('衣索比亞', 1), ('海邊', 1), ('礁石', 1), ('修斯', 1), ('正義感', 1), ('海怪。在', 1), ('重拍', 1), ('創世', 1), ('紀封神榜', 1), ('宙斯', 1), ('釋放海怪', 1), ('名台詞', 1), ('用語', 1), ('鬆開褲帶大吃一頓', 1), ('準備', 1), ('決心', 1), ('胃口', 1), ('怒氣', 1), ('實物', 1), ('特效為主', 1), ('電腦', 1), ('特效', 1), ('創世紀', 1), ('封神榜', 1), ('描繪', 1), ('人身蛇尾', 1), ('經典', 1), ('結構', 1), ('乳頭', 1), ('肋骨', 1), ('蛟龍尾', 1), ('海怪能', 1), ('原因', 1), ('致敬', 1), ('紀封神', 1), ('烏龜……', 1), ('甲殼', 1), ('足部', 1), ('螃蟹', 1), ('身體', 1), ('駕馭', 1), ('飛馬', 1), ('空隙', 1), ('威嚇性', 1), ('加上', 1), ('爪子', 1), ('鏡頭', 1), ('霸主', 1), ('遵從', 1), ('閻王', 1), ('戴維瓊斯', 1), ('命令', 1), ('瓊斯', 1), ('詛咒', 1), ('掌心', 1), ('黑色', 1), ('記號', 1), ('找上', 1), ('都市', 1), ('傑克史派羅', 1), ('海怪就', 1), ('吞進', 1), ('肚子裡', 1), ('海怪。', 1), ('結局', 1), ('威力', 1), ('背後', 1), ('腥風', 1), ('嘴裡', 1), ('尖牙', 1), ('畜生', 1), ('特徵', 1), ('國家', 1), ('印象', 1), ('古希臘', 1), ('亞里斯多德', 1), ('筆下', 1), ('特索斯', 1), ('加勒比海', 1), ('拉斯卡', 1), ('半鯊', 1), ('北海道蝦夷族', 1), ('吞噬', 1), ('鯨魚', 1), ('地方', 1), ('綜合', 1), ('科學界', 1), ('長度', 1), ('英國', 1), ('倫敦', 1), ('自然', 1), ('歷史', 1), ('博物館', 1), ('軟體', 1), ('動物', 1), ('策展人強', 1), ('亞伯列 ', 1), ('進行', 1), ('繁殖', 1), ('壽命', 1), ('祕密', 1), ('迪士尼', 1), ('小美人魚', 1), ('人魚族', 1), ('顛覆', 1), ('影史怪物', 1), ('保衛', 1), ('身份', 1), ('了解', 1), ('物種', 1), ('壓力', 1), ('描寫', 1), ('萊塢', 1), ('主流', 1), ('開創', 1), ('可能', 1), ('閱讀', 1), ('影評', 1), ('少女露', 1), ('海怪出頭天', 1), ('擊敗', 1), ('美人魚', 1)]|0.9999999999999998|"或甚至已經瀕死……而這並不如人們或傳說裡的描寫 | 而且《諸神恩仇錄》裡的海怪上半身幾乎就是人類 | 《黑湖妖譚》（左）魚人與《諸神恩仇錄》的海怪"
電影專題/電影背後_2023-06-01_113|2023-06-01|【電影背後】《獨家腥聞》：傑克葛倫霍餓瘦 15 公斤，交出生涯最癲狂演出！直視現代媒體的黑暗之心|電影專題|說到傑克葛倫霍的最佳演出，你會想到哪部電影呢？賺人熱淚卻不受奧斯卡待見的《斷背山》？驚悚燒腦、所有人都被逼到極限的《索命黃道帶》？或是真正深入夜色與人性黑暗的《獨家腥聞》？《獨家腥聞》透過一位不擇手段的攝影師路易斯布魯，赤裸揭露了新聞產業不堪的那一面，也間接暗示現代觀眾其實也同樣貪婪，想看到重口味影像以刺激感官，才因此養活了一群「夜行者」。《獨家腥聞》2014 年上映的《獨家腥聞》可說是傑克葛倫霍的代表作之一，他在片中近乎癲狂的演出，會讓觀眾不寒而慄，而他也為了演出這個角色下了不少工夫，而整部電影更跟一位真實世界的攝影師相關。以下是那些關於《獨家腥聞》你可能不知道的事：內容目錄傑克葛倫霍和導演丹吉洛伊開拍《獨家腥聞》前一起腦力激盪了 3 個月，絞盡腦汁打造主人翁路易斯的造型。傑克認為這個角色是一個在生理和心理上都相當飢渴的人，外型削瘦更能一眼看出他的偏執，於是他從 180 磅（約 82 公斤）體重一口氣減去 30 磅（約 13.6 公斤）。「我能少攝取熱量就盡量少攝取，如果我感覺餓到爆，就是在正確的演出狀態中。這其實對我來說也滿掙扎的，但這是迷人的一段旅程。」《獨家腥聞》傑克還在《獨家腥聞》片場放了一大碗調味很重的口香糖，邊運動邊嚼，製造有進食的錯覺騙過大腦。儘管正在把自己餓瘦，傑克葛倫霍每個晚上都還是會出門跑個 25 公里左右的步，讓身材保持削瘦。晚上他可能什麼都不吃，或是只抓一小片肉、餅乾或是甘藍菜沙拉。在《獨家腥聞》中飾演路易斯小助理瑞克的里茲阿邁德表示，傑克葛倫霍其實有意識到自己因為餓肚子而性情暴躁，也對此感到抱歉。「他會說：『對不起我剛剛那麼機車，我真的啥東西都沒吃。』」《獨家腥聞》他們共同演出這部驚悚電影，當然也一起為電影做出準備。他們真的實際搭上了狗仔 (Nightcrawler) 的車，衝往事故現場，體驗在夜裡狂飆只為獨家照片的驚人時刻。「那時候有一台車翻下 101 公路、撞到牆上，我們衝過去，比警察還早 30 秒抵達現場！」傑克葛倫霍一讀到《獨家腥聞》的劇本就愛不釋手（這個劇本也獲得了當年奧斯卡最佳劇本獎的提名），決心要演好這個角色。這麼多年過去了，他依然認為演出路易斯布魯是他生命中難以忘懷的一次經歷。《獨家腥聞》「當你拿到寫的這麼棒、這麼稀有的角色，你會對他掏心掏肺、掏出一切。我完全沉浸在人物和故事裡，當然啦，副作用就是會有點難走出來。」他也認為，會有路易斯布魯這樣的人和職業出現，你我都推了一把：「我覺得人們在事故現場放慢腳步觀看，是非常原始的本能。有人抓準了這種本能，因此取得成功，路易斯布魯就是其中一個。但他的成功有賴於妮娜，也就是購買並剪接這些素材的人，而她又是受到電視台主管的資助，媒體主管的決策則都是受到我們（觀眾）影響的。你可以責怪任何人，但我認為真正的問題是，我們都有責任。很多人看完電影後會說，『哇，真是一場驚險之旅』他們對這部電影和路易斯這個人物的想法，都在某種程度上反映了自己。」《獨家腥聞》是導演丹吉洛伊的處女作，他早在 1988 年就構思了這部電影的想法。他的靈感來自 40 年代傳奇攝影師維加（Weegee，本名 Arthur H. Fellig），他是第一位警方同意可在座車上配備警用無線電頻道的攝影師，後車廂還有簡易的暗房，常在警察趕到犯罪現場前，就拍攝完畢並開始沖洗照片。Weegee 拍攝的照片他在城市中的陰暗角落拍下犯罪現場、黑幫火拚、交通死亡意外、盛裝的名流，以及都會的男女，滿足社會大眾的窺淫癖好。丹吉洛伊原先寫好了劇本，但在維加的傳記電影《攝影師和他的情人》於 1992 年上映之後，就先束之高閣，但始終著迷於煽情的影像的力量。大部分專注於單一人物的電影中，主角會有一個完整的角色曲線 (character arc)，讓觀眾一起經歷主角的成長或是墮落，但在《獨家腥聞》中並不是如此。導演刻意讓路易斯布魯維持同樣的性格，還在開場安排了他襲擊並搶劫保全的戲，讓觀眾知道，並不是因為這個工作讓他變成禽獸，而是他一直都是這樣。《獨家腥聞》同樣的，《獨家腥聞》幾乎沒有交代路易斯布魯的身世背景，他只活在現在，沒有過去也沒有未來。這樣的設計讓觀眾不會同理他，也更凸顯他是一種現代生活的象徵。距離《獨家腥聞》已過十年，媒體的型態或許因為社群媒體興起而產生了一些變化，但是觀眾和新聞提供者之間的惡性循環並沒有改善，再怎麼獵奇的、恐怖的事件新聞，只要有人願意看，就永遠有人願意賠上道德原則，將其端上檯面。《獨家腥聞》將於 6 月 9 日於 Netflix 下架。|https://news.agentm.tw/256791/|https://news.agentm.tw/wp-content/uploads/template-3-60-390x219.png|['傑克葛倫霍', '演出', '電影', '熱淚', '奧斯卡', '待見', '所有人', '極限', '道帶', '夜色', '人性', '攝影師', '路易斯布魯', '揭露', '新聞', '產業', '觀眾', '口味', '影像', '刺激', '感官', '養活', '傑克葛倫霍', '代表作', '演出', '觀眾', '演出', '角色', '工夫', '電影', '世界', '攝影師', '內容', '目錄', '傑克葛倫霍', '導演', '丹吉洛伊', '開拍', '腦汁', '打造主人', '翁路易斯', '造型', '傑克', '角色', '生理', '心理', '外型', '體重', '減去', '攝取', '熱量', '攝取', '演出', '狀態', '旅程', '傑克', '口香糖', '製造', '錯覺', '大腦', '傑克葛倫霍', '身材', '片肉', '餅乾', '甘藍菜', '沙拉', '飾演', '路易斯', '瑞克', '傑克葛倫霍', '性情', '機車', '東西', '演出', '電影', '電影', '做出', '準備', '搭上', '狗仔 ', '事故', '現場', '體驗', '照片', '時刻', '時候', '翻下', '公路', '撞到', '警察', '現場', '傑克葛倫霍', '劇本', '劇本', '奧斯卡', '劇本獎', '提名', '演好', '角色', '演出', '路易斯布魯', '生命', '角色', '心掏肺', '掏出', '人物', '故事', '副作用', '易斯布魯', '職業出現', '人們', '事故', '現場', '放慢', '腳步', '觀看', '本能', '抓準', '本能', '取得', '路易斯布魯', '妮娜', '購買', '剪接', '素材', '電視台', '主管', '媒體', '主管', '決策', '觀眾', '影響', '責怪', '問題', '責任', '看完', '電影', '電影', '路易斯', '人物', '想法', '程度', '導演', '丹吉洛伊', '處女作', '電影', '想法', '靈感', '傳奇', '攝影師維加', '本名', '警方', '座車上', '配備', '無線電', '頻道', '攝影師', '暗房', '警察', '現場', '拍攝', '沖洗', '照片', '拍攝', '照片', '城市', '拍下', '現場', '黑幫', '火拚', '交通', '意外', '名流', '都會', '男女', '社會', '窺淫', '癖好', '丹吉洛伊', '寫好', '劇本', '維加', '傳記', '電影', '攝影師', '情人', '影像', '力量', '電影', '主角', '角色', '曲線', '觀眾', '主角', '導演', '路易斯布魯', '性格', '襲擊', '觀眾', '工作', '禽獸', '路易斯布魯', '身世', '背景', '設計', '觀眾', '生活', '象徵', '媒體', '型態', '社群', '媒體', '興起', '變化', '觀眾', '新聞', '循環', '改善', '事件', '新聞', '道德', '原則', '端上', '檯面']|[('電影', 9), ('觀眾', 7), ('傑克葛倫霍', 6), ('演出', 6), ('路易斯布魯', 5), ('角色', 5), ('現場', 5), ('攝影師', 4), ('新聞', 3), ('導演', 3), ('丹吉洛伊', 3), ('照片', 3), ('劇本', 3), ('媒體', 3), ('奧斯卡', 2), ('影像', 2), ('傑克', 2), ('攝取', 2), ('路易斯', 2), ('事故', 2), ('警察', 2), ('人物', 2), ('本能', 2), ('主管', 2), ('想法', 2), ('拍攝', 2), ('主角', 2), ('熱淚', 1), ('待見', 1), ('所有人', 1), ('極限', 1), ('道帶', 1), ('夜色', 1), ('人性', 1), ('揭露', 1), ('產業', 1), ('口味', 1), ('刺激', 1), ('感官', 1), ('養活', 1), ('代表作', 1), ('工夫', 1), ('世界', 1), ('內容', 1), ('目錄', 1), ('開拍', 1), ('腦汁', 1), ('打造主人', 1), ('翁路易斯', 1), ('造型', 1), ('生理', 1), ('心理', 1), ('外型', 1), ('體重', 1), ('減去', 1), ('熱量', 1), ('狀態', 1), ('旅程', 1), ('口香糖', 1), ('製造', 1), ('錯覺', 1), ('大腦', 1), ('身材', 1), ('片肉', 1), ('餅乾', 1), ('甘藍菜', 1), ('沙拉', 1), ('飾演', 1), ('瑞克', 1), ('性情', 1), ('機車', 1), ('東西', 1), ('做出', 1), ('準備', 1), ('搭上', 1), ('狗仔 ', 1), ('體驗', 1), ('時刻', 1), ('時候', 1), ('翻下', 1), ('公路', 1), ('撞到', 1), ('劇本獎', 1), ('提名', 1), ('演好', 1), ('生命', 1), ('心掏肺', 1), ('掏出', 1), ('故事', 1), ('副作用', 1), ('易斯布魯', 1), ('職業出現', 1), ('人們', 1), ('放慢', 1), ('腳步', 1), ('觀看', 1), ('抓準', 1), ('取得', 1), ('妮娜', 1), ('購買', 1), ('剪接', 1), ('素材', 1), ('電視台', 1), ('決策', 1), ('影響', 1), ('責怪', 1), ('問題', 1), ('責任', 1), ('看完', 1), ('程度', 1), ('處女作', 1), ('靈感', 1), ('傳奇', 1), ('攝影師維加', 1), ('本名', 1), ('警方', 1), ('座車上', 1), ('配備', 1), ('無線電', 1), ('頻道', 1), ('暗房', 1), ('沖洗', 1), ('城市', 1), ('拍下', 1), ('黑幫', 1), ('火拚', 1), ('交通', 1), ('意外', 1), ('名流', 1), ('都會', 1), ('男女', 1), ('社會', 1), ('窺淫', 1), ('癖好', 1), ('寫好', 1), ('維加', 1), ('傳記', 1), ('情人', 1), ('力量', 1), ('曲線', 1), ('性格', 1), ('襲擊', 1), ('工作', 1), ('禽獸', 1), ('身世', 1), ('背景', 1), ('設計', 1), ('生活', 1), ('象徵', 1), ('型態', 1), ('社群', 1), ('興起', 1), ('變化', 1), ('循環', 1), ('改善', 1), ('事件', 1), ('道德', 1), ('原則', 1), ('端上', 1), ('檯面', 1)]|0.9999999999999808|"《獨家腥聞》透過一位不擇手段的攝影師路易斯布魯 | 但在《獨家腥聞》中並不是如此 | 傑克認為這個角色是一個在生理和心理上都相當飢渴的人"
電影專題/電影背後_2023-05-16_114|2023-05-16|橋本環奈、生田斗真「泡湯」了？從電影《湯道》一探日本獨特的錢湯歷史與泡澡文化|電影專題|2023 年 5 月在台灣上映的日本電影《湯道》，劇情故事中，東京的建築師三浦史朗（生田斗真 飾），在事業不順的時候接到父親的訃聞，回到家鄉處理遺產。身為錢湯「丸金溫泉」老闆長子的他，認為錢湯是個夕陽產業而想收掉錢湯、賣土地，改建成高樓大廈。弟弟悟朗（濱田岳 飾）代替擅自離家的哥哥繼承家業，對突然跑回家的哥哥冷眼相待，兩人多次發生衝突。悟朗在某次衝突中受傷住院，在圓金溫泉工讀的和泉（橋本環奈 飾）建議下，史朗開始幫忙錢湯的營運，此舉也左右了丸金錢湯的存廢命運……長男三浦史朗回到老家錢湯。內容目錄日本的泡湯歷史可溯及 6 世紀佛教傳入，僧侶們為了淨身而在寺院裡設置「浴室」。到了 13 世紀鎌倉時代，出現開放給庶民免費使用浴室的寺社，在 2022 年大河劇《鎌倉殿的 13 人》第二集中的蒸式風呂場景，亦可感受到日本入浴文化的深植。不久後莊園制度破壞，開始出現收取入浴費，據說是錢湯的起源。步入 14~16 世紀室町時代後，京都經營入浴的錢湯增加，室町末期的〈洛中洛外圖屏風〉就畫有當時的錢湯。（類似我們熟悉的《清明上河圖》般，可看到當時達官貴人乃至庶民百姓在都城內外的生活風俗與街景樣貌。）洛中洛外図屏風（上杉本）Folding Screens of Scenes In and Around Kyoto (Uesugi Version)狩野永徳Kano Eitoku安土桃山時代 16世紀風呂男の頭を洗う湯女#屏風 #日本美術 #狩野永徳 #洛中洛外図 #狩野派#art #Japaneseart #byobu #foldingscreens #kanoschool pic.twitter.com/XqiGw5cJB7— 風俗画・寓意画＆絵巻＆文様 (@aruglu0810) October 7, 2020在 17~19 世紀的江戶時代，為了防止火災，禁止一般百姓家裡設置室內浴池，錢湯這才真正融入平民生活。考量到男女有別的設置成本，一開始的錢湯其實是混浴的。直到 1791 年頒布禁令後，才開始分男女時段，不過這禁令好像也沒有強制效力。一直到 19-20 世紀初的明治時期，才真正嚴格禁止混浴。最早的錢湯，為了不讓熱氣逸散，入口狹窄沒有窗戶，所以不但通風不佳，室內昏暗也常發生偷竊。明治時期將錢湯的屋頂拉高，增加流通窗口、寬敞澡堂的設計，是現代錢湯的雛形。大正時代採用瓷磚鋪設，昭和時期改用水龍頭，一步步演變成現代錢湯的模樣。負責設計丸金溫泉場景的塩谷步波，熱愛錢湯文化，甚至出了本《錢湯圖解》，據說是打工仔和泉的原型。在錢湯多項特色中，最知名的就屬「富士山壁畫」。根據日本錢湯文化協會資料，最初的設計始於 1912 年，東京神田的「Kikai 湯」為了讓小朋友們開心，拜託油畫家川越廣四郎繪製壁畫，這位靜岡縣出身的畫家便畫上故鄉的富士山景色，沒想到廣受好評，其他錢湯也紛紛仿效。浴池的水和壁畫中的富士山連成一線，讓人聯想是在富士山下洗澡，多少帶有點淨化的意味。錢湯裡少不了富士山的壁畫。雖說圖樣是由浴場主人決定，但男湯多採富士山為主體的圖樣，女湯則較多用小朋友喜歡的汽車或電車類的圖案。不過，距離富士山較遠的關西錢湯就不太流行富士山壁畫，反而偏好磁磚拼貼的圖樣。另外，關西與關東的浴槽位置也不一樣，有興趣走訪各地錢湯時，可以留意一下。打工仔和泉坐的位置是稱作「番台」的地方。設在男女湯中間的高台，類似海水浴場救生員的位置，可監視兩側以防盜竊或違規的發生。近年來越來越多人不喜歡裸身被人看見，不少錢湯將視線朝內的番台，修改成面朝正門或獨立的櫃檯模式。史朗後來負責番台工作，筆者注意到鏡頭裡的史朗盡量面朝男湯側。二戰後，都市人口暴增，錢湯也迎來了鼎盛時期，1965 年全日本有 22,000 間錢湯。但住家浴室的普及，重擊錢湯市場，2016 年全日本剩下不到 4,000 間。加上常客和經營者高齡化、設備更新裝修費用高昂的原因，以及近年面臨世紀最嚴重的疫情、烏俄戰爭影響天然氣成本，加速錢湯的消失。截至 2021 年底，全日本的錢湯數僅剩 3,120 間──一如片中的溫泉評論家所言：「『錢湯』這昭和時代的遺物，至今仍存在，根本就是個不可思議的事。」不少業者就算想為了客人們的笑容繼續努力，卻也真的苦到難以持續。《湯道》片中，在父親過世後，三浦兄弟倆也將思索圓金溫泉的存廢。雖然錢湯正面臨嚴峻考驗，但依然有新血懷抱著對錢湯文化的熱愛投入。他們改裝錢湯、增設合併飲食或桑拿的設施，賦予錢湯新的可能，在業界吹起一波新風潮。又或是在充滿現代感的東京街區中，努力維持著老錢湯，像是新書裡夾的泛黃書籤，為這座城市留住片刻。電影《湯道》雖在標題點名了「錢湯」，但貫穿全劇的其實是「太陽」。風呂仙人說熱水就是太陽。泡個熱水澡，不只暖和身體，也溫暖心靈，就和太陽一樣。暮紅茶屋的老太太提到，自己每天都會對著夕陽感謝今日給予的能量。而在日落後提供泡澡的錢湯，不正是接替白晝太陽的工作，以適當的溫度在夜晚持續給人們能量？最後集體合唱著〈You Are My Sunshine〉更是將泡澡與太陽的連結劃下完美句點。以太陽為線索，提示錢湯之於生活的重要性，給了「泡湯」全新的詮釋角度。另外，也要特別感謝中文翻譯努力翻出原文的雙關語，即使不諳日文也能抓到重點。「湯道溫心」的理念，連結至太陽、對大自然的感謝，將「泡湯」與「道之實踐」串連一氣呵成。泡澡的文化深植日本人心中，筆者認識的一些日本長輩們天天都要在家泡個澡；在日本戲劇作品中也時常見到主角去錢湯放鬆，如《派遣女醫 X》（ドクターX〜外科醫・大門未知子〜）的大門未知子。或是劇中角色趁在泡澡的獨處時刻，思考生活難題，也是種靜心之表現。本片片名《湯道》看似對泡湯之道十分講究，然而最後仍歸於個人的心領神授。有人喜歡在澡堂卸下外衣、沒有頭銜的坦誠相見，有人到澡堂是懷念故人，也有人是在澡堂構築默契或維持社交。於是，無論是高級泉質的溫泉，還是柴火加熱的錢湯，又或是在自家浴缸，只要享受泡湯的片刻，就能悟出自我的泡湯哲學。有機會到日本旅遊，不妨體驗一下難得的錢湯文化。以下列舉幾個禮儀須知，更能享受泡湯樂趣：亦可參考京都錢湯規則。泡完湯，記得來瓶玻璃罐的牛奶！根據調查發現，日本人多半喜歡泡完湯喝一瓶冰冰涼涼的咖啡牛乳，但在近畿地區則是偏好水果牛乳。近年來不少地方將玻璃罐改成鋁箔包或紙包裝的牛乳，然而多數人還是喜歡泡得暖和和時，碰觸冰涼玻璃瓶帶來的刺激感。最後推薦幾間東京、京都的錢湯，有機會也請排入行程，洗去旅途的疲憊，跟《派遣女醫 X》的大門未知子一樣在錢湯浴池放鬆，體驗「浴 are my sunshine」！【東京】位在東京的押上温泉大黒湯。【京都】你可能會有興趣 >> 置身溫暖療癒的大浴池之中，洗去商務出差或是觀光旅遊的疲憊吧！|https://news.agentm.tw/255633/|https://news.agentm.tw/wp-content/uploads/橋本環奈、生田斗真「泡湯」了？從電影《湯道》一探日本獨特的錢湯歷史與泡澡文化-390x219.jpeg|['台灣', '日本', '電影', '湯道', '劇情', '故事', '東京', '建築師', '三浦史朗', '生田斗真', '事業', '時候', '接到', '父親', '家鄉', '處理', '遺產', '錢湯', '金溫泉', '老闆', '長子', '錢湯', '夕陽', '產業', '收掉', '錢湯', '土地', '高樓大廈', '弟弟', '悟朗', '濱田岳', '代替', '哥哥', '繼承', '家業', '哥哥', '衝突', '悟朗', '衝突', '圓金溫泉', '和泉', '橋本環奈 ', '史朗', '幫忙', '錢湯', '金錢湯', '命運', '三浦史朗', '老家', '錢湯', '內容', '目錄', '日本', '歷史', '世紀', '佛教', '僧侶', '寺院', '設置', '浴室', '鎌倉', '時代', '庶民', '使用', '浴室', '寺社', '鎌倉殿', '蒸式風呂', '場景', '日本', '文化', '莊園', '制度', '破壞', '收取入浴費', '錢湯', '起源', '世紀室町', '時代', '京都', '經營', '錢湯', '室町', '洛中洛外圖', '屏風', '錢湯', '達官貴人', '庶民', '百姓', '都城', '生活', '風俗', '街景', '樣貌', '屏風', '杉本', '狩野永徳', '安土桃山', '時代', '世紀', '呂男', '洗う', '湯女', '屏風', '日本', '美術', '野永徳', '洛中洛外', '野派', '風俗画', '寓意', '絵巻', '火災', '百姓家', '設置', '浴池', '錢湯', '融入', '平民生活', '男女', '成本', '錢湯其', '混浴的', '頒布', '禁令', '男女', '時段', '禁令', '效力', '時期', '混浴', '錢湯', '熱氣', '窗戶', '時期', '錢湯', '屋頂', '拉高', '澡堂', '設計', '錢湯', '雛形', '時代', '採用', '瓷磚', '鋪設', '時期', '龍頭', '錢湯', '模樣', '設計', '丸金', '溫泉', '場景', '塩谷', '步波', '錢湯', '文化', '錢湯', '圖解', '打工仔和', '原型', '錢湯', '特色', '富士山', '壁畫', '日本', '錢湯文化', '協會', '資料', '設計', '東京', '神田', '小朋友', '拜託', '油畫家', '川越廣', '四郎', '繪製', '壁畫', '靜岡縣', '畫家', '畫上', '故鄉', '富士山', '景色', '好評', '錢湯', '仿效', '浴池', '富士山', '富士山', '意味', '錢湯裡', '富士山', '壁畫', '圖樣', '浴場', '主人', '男湯', '富士山', '主體', '圖樣', '女湯', '小朋友', '汽車', '電車類', '圖案', '富士山', '關西錢湯', '富士山', '壁畫', '磁磚', '拼貼', '圖樣', '關西', '關東', '浴槽', '位置', '興趣', '錢湯', '打工', '泉坐', '位置', '番台', '地方', '男女湯', '高台', '海水', '浴場', '救生員', '位置', '監視', '盜竊', '湯將', '視線', '面朝正門', '櫃檯', '模式', '番台', '鏡頭', '史朗', '男湯側', '都市', '人口', '錢湯', '迎來', '時期', '日本', '錢湯', '住家', '浴室', '重擊', '錢湯', '市場', '日本', '常客', '經營', '設備', '更新', '裝修', '費用', '原因', '世紀', '疫情', '烏俄', '戰爭', '影響', '天然氣', '成本', '加速', '錢湯', '湯數', '溫泉', '評論家', '錢湯', '時代', '遺物', '業者', '客人', '笑容', '湯道', '父親', '三浦', '兄弟倆', '溫泉', '存廢', '錢湯', '考驗', '新血', '錢湯', '文化', '投入', '改裝', '錢湯', '增設', '合併', '飲食', '桑拿', '設施', '錢湯', '可能', '業界', '吹起', '風潮', '現代感', '東京街區', '錢湯', '書籤', '城市', '留住', '電影', '湯道', '標題點名', '錢湯', '貫穿', '風呂', '仙人', '熱水', '太陽', '身體', '太陽', '茶屋', '老太太', '夕陽', '能量', '錢湯', '接替', '太陽', '工作', '溫度', '人們', '能量', '集體', '合唱', '太陽', '連結', '劃下', '句點', '太陽', '線索', '錢湯', '生活', '重要性', '詮釋', '角度', '中文', '翻譯', '翻出', '原文', '雙關語', '日文', '抓到', '重點', '湯道溫心', '理念', '連結', '太陽', '自然', '實踐', '文化', '深植', '日本人', '日本', '長輩們', '日本', '劇作品', '主角', '錢湯放鬆', '外科醫', '大門', '大門', '未知', '劇中', '角色', '難題', '表現', '片名', '湯道', '澡堂', '卸下', '外衣', '頭銜', '澡堂', '故人', '澡堂', '構築', '默契', '社交', '溫泉，', '柴火加熱的', '錢湯', '自家浴缸', '哲學', '機會到', '日本', '體驗', '錢湯', '文化', '列舉', '禮儀須知', '樂趣', '參考', '京都錢湯', '規則', '泡完湯', '玻璃罐', '牛奶', '日本人', '泡完', '咖啡', '牛乳', '近畿', '地區', '水果', '牛乳', '地方', '玻璃罐', '鋁箔包', '包裝', '牛乳', '碰觸', '玻璃瓶', '帶來', '刺激感', '推薦', '東京', '京都', '錢湯', '機會', '排入', '行程', '洗去', '旅途', '女醫', '大門', '浴池', '體驗', '東京', '東京', '押上', '京都', '興趣', '療癒', '浴池', '洗去', '商務']|[('錢湯', 34), ('日本', 10), ('富士山', 8), ('太陽', 6), ('東京', 5), ('時代', 5), ('文化', 5), ('湯道', 4), ('浴池', 4), ('時期', 4), ('澡堂', 4), ('壁畫', 4), ('世紀', 3), ('浴室', 3), ('京都', 3), ('屏風', 3), ('設計', 3), ('溫泉', 3), ('圖樣', 3), ('位置', 3), ('大門', 3), ('牛乳', 3), ('電影', 2), ('三浦史朗', 2), ('父親', 2), ('夕陽', 2), ('悟朗', 2), ('哥哥', 2), ('衝突', 2), ('史朗', 2), ('設置', 2), ('庶民', 2), ('場景', 2), ('經營', 2), ('生活', 2), ('男女', 2), ('成本', 2), ('禁令', 2), ('小朋友', 2), ('浴場', 2), ('興趣', 2), ('番台', 2), ('地方', 2), ('能量', 2), ('連結', 2), ('日本人', 2), ('體驗', 2), ('玻璃罐', 2), ('洗去', 2), ('台灣', 1), ('劇情', 1), ('故事', 1), ('建築師', 1), ('生田斗真', 1), ('事業', 1), ('時候', 1), ('接到', 1), ('家鄉', 1), ('處理', 1), ('遺產', 1), ('金溫泉', 1), ('老闆', 1), ('長子', 1), ('產業', 1), ('收掉', 1), ('土地', 1), ('高樓大廈', 1), ('弟弟', 1), ('濱田岳', 1), ('代替', 1), ('繼承', 1), ('家業', 1), ('圓金溫泉', 1), ('和泉', 1), ('橋本環奈 ', 1), ('幫忙', 1), ('金錢湯', 1), ('命運', 1), ('老家', 1), ('內容', 1), ('目錄', 1), ('歷史', 1), ('佛教', 1), ('僧侶', 1), ('寺院', 1), ('鎌倉', 1), ('使用', 1), ('寺社', 1), ('鎌倉殿', 1), ('蒸式風呂', 1), ('莊園', 1), ('制度', 1), ('破壞', 1), ('收取入浴費', 1), ('起源', 1), ('世紀室町', 1), ('室町', 1), ('洛中洛外圖', 1), ('達官貴人', 1), ('百姓', 1), ('都城', 1), ('風俗', 1), ('街景', 1), ('樣貌', 1), ('杉本', 1), ('狩野永徳', 1), ('安土桃山', 1), ('呂男', 1), ('洗う', 1), ('湯女', 1), ('美術', 1), ('野永徳', 1), ('洛中洛外', 1), ('野派', 1), ('風俗画', 1), ('寓意', 1), ('絵巻', 1), ('火災', 1), ('百姓家', 1), ('融入', 1), ('平民生活', 1), ('錢湯其', 1), ('混浴的', 1), ('頒布', 1), ('時段', 1), ('效力', 1), ('混浴', 1), ('熱氣', 1), ('窗戶', 1), ('屋頂', 1), ('拉高', 1), ('雛形', 1), ('採用', 1), ('瓷磚', 1), ('鋪設', 1), ('龍頭', 1), ('模樣', 1), ('丸金', 1), ('塩谷', 1), ('步波', 1), ('圖解', 1), ('打工仔和', 1), ('原型', 1), ('特色', 1), ('錢湯文化', 1), ('協會', 1), ('資料', 1), ('神田', 1), ('拜託', 1), ('油畫家', 1), ('川越廣', 1), ('四郎', 1), ('繪製', 1), ('靜岡縣', 1), ('畫家', 1), ('畫上', 1), ('故鄉', 1), ('景色', 1), ('好評', 1), ('仿效', 1), ('意味', 1), ('錢湯裡', 1), ('主人', 1), ('男湯', 1), ('主體', 1), ('女湯', 1), ('汽車', 1), ('電車類', 1), ('圖案', 1), ('關西錢湯', 1), ('磁磚', 1), ('拼貼', 1), ('關西', 1), ('關東', 1), ('浴槽', 1), ('打工', 1), ('泉坐', 1), ('男女湯', 1), ('高台', 1), ('海水', 1), ('救生員', 1), ('監視', 1), ('盜竊', 1), ('湯將', 1), ('視線', 1), ('面朝正門', 1), ('櫃檯', 1), ('模式', 1), ('鏡頭', 1), ('男湯側', 1), ('都市', 1), ('人口', 1), ('迎來', 1), ('住家', 1), ('重擊', 1), ('市場', 1), ('常客', 1), ('設備', 1), ('更新', 1), ('裝修', 1)]|0.0|"身為錢湯「丸金溫泉」老闆長子的他 | 不妨體驗一下難得的錢湯文化 | 而在日落後提供泡澡的錢湯"
電影專題/電影背後_2023-05-10_115|2023-05-10|《星際異攻隊3》導演「置入」自己老婆？這些影史最喜愛「裙帶關係」的搭檔，告訴你沒有公私不分這件事|電影專題|完結三部曲歷史的電影《星際異攻隊3》終於上映，湧起許多觀眾的回憶與不捨之情。但是有些觀眾不太滿意：他們抱怨導演詹姆斯岡恩在電影裡「置入」了太太珍妮佛霍蘭德，讓她演出了一個小角色，批評這是「裙帶關係」。這種批評不只在海外推特上看得到，台灣也有一些網友有同樣聲音。那麼，岡恩是不是假公濟私？大家見仁見智，但是，其他導演身上難道沒有類似的例子嗎？當然有，而且很多……讓我們來看看這些「公私不分」的導演，如何「舉人不避親」？詹姆斯岡恩與珍妮佛霍蘭德不過，我們先回顧一下事主的「劣跡」：詹姆斯岡恩與珍妮佛霍蘭德在 2015 年交往，對一向習慣在社群網路上開大砲的岡恩而言，這種私人大喜當然要公諸天下，2015 年他在 FB 上，分享了與珍妮佛交往的喜悅。到了2019 年，岡恩監製，岡恩弟弟布萊恩與堂弟馬克編劇的超英雄恐怖電影《靈異乍現》裡，就選角了珍妮佛。接下來，詹姆斯岡恩就開始「無恥」地讓女友出演他執導或監製的作品，包括了 2021 年《自殺突擊隊：集結》、2022 年影集《和平使者》、乃至今年的《星際異攻隊3》。這樣算起來有四部作品，詹姆斯你太無恥了！兩人在2022年成婚問題是，放眼影史，岡恩與珍妮佛的四次例子實在不算什麼。我們由淺入深，就先從合作過四次的這對韓國影壇搭檔聊起。奉俊昊（右）與宋康昊在坎城影展奉俊昊到目前總共執導了 7 部長片電影，其中 2019 年的《寄生上流》，令他全球知名，不但勇奪奧斯卡四項大獎，而且還讓主演的宋康昊，入圍了全球多達 30 幾個大大小小影展的演員獎項。奉導演很喜歡重複使用一些他熟悉的演員，例如李姃垠（《非常母親》、《哭聲》等等）或是邊希峰（《駭人怪物》、《殺人回憶》等）。但要說到奉俊昊電影裡最重要的演員，那只能是宋康昊了。他們合作過《殺人回憶》、《駭人怪物》、《末日列車》、以及《寄生上流》等四部電影，而這四部電影對他們雙方而言，都是非常重要的作品。宋康昊主演奉俊昊執導的《駭人怪物》這四部電影讓宋康昊獲得了兩次大鐘獎、韓國電影評論家協會獎、亞洲電影大獎、韓國導演選擇獎、美國演員工會獎等等重要獎項，但回想奉俊昊與宋康昊第一次在 1997 年認識時，那時宋康昊才剛剛踏進電影圈，最出色的表演，是李滄東執導 1997 年電影《青魚》裡的一個小角色，但這個小角色令奉俊昊十分著迷，那時還在為朴起鏞導演做副導的奉俊昊，便積極地請朴導演穿針引線，想與宋康昊見上一面。朴起鏞當時壓根不在意宋康昊是誰，也不明白他的副導兼編劇為何如此熱情。《JSA安全地帶》宋康昊但很快地宋康昊便火紅了起來，他演出的《No. 3》與《瘋狂飯店殺人夜》都受到歡迎，而《魚》和《JSA安全地帶》更成為大熱之作。相反地，奉俊昊當時的導演處女作《綁架門口狗》，卻不受市場青睞。而當奉俊昊預備執導第二部電影《殺人回憶》時，他想到了自己的偶像：「我真的很想跟宋康昊合作，但是《綁架門口狗》真的賣得太爛了，我覺得我都快被韓國影壇踢出圈子了，而他現在已經是個超級巨星了……還好他還記得，我們當年見面的感覺很不錯。」奉俊昊（右）與宋康昊《殺人回憶》成為了韓國影史經典，而且還很賺錢，幾乎跟大咖雲集、企業大力投資的《魚》一樣賣，這兩位在 1997 年相談甚歡的好朋友，最終也一起攜手踏進世界影壇，在奧斯卡頒獎典禮上分享榮耀——韓國媒體稱他們「昊昊兄弟」（Ho-ho brothers），這可不是亂取名。昆汀塔倫提諾（左）與山繆傑克森一位腥羶色不忌的大膽導演、一位有話直說的 MDFK ，昆汀與山繆似乎是天生一對。他倆的相遇似乎是 1993 年的《絕命大煞星》，山繆在電影裡演出一個小角色，而昆汀是該片編劇。身為編劇，應該每天拿著劇本在片場晃來晃去。但是事實並非如此，至少山繆從來沒在《絕命大煞星》片場見過昆汀。一直要等到山繆跑去試鏡《霸道橫行》，兩人才真正見面（所以這是+1的由來）。山繆本來試鏡要與哈維凱托（白先生）和提姆羅斯（橘先生）對戲……但這兩位優異的演員當天不在狀況內，表演爛透了，這讓山繆在還不確定自己會不會入選之前，就對《霸道橫行》留下了極糟的印象。《八惡人》昆汀與山繆但後來山繆去參加了日舞影展，而《霸道橫行》在那裡首映，他一眼就見到了那個試鏡的傢伙——山繆一開始並不知道昆汀就是導演，但在閒聊之後，昆汀表示要為山繆寫一部電影，而這更令山繆感到荒謬……所以說你還記得我去試鏡《霸道橫行》嗎？昆汀當然記得。而幾個月後，山繆收到了一件包裹，上頭有張便利貼，寫著「如果你告訴別人這部電影，我們會宰了你」，那是一大本厚厚的《黑色追緝令》的劇本……後來的事我們都知道了，昆汀與山繆合作了多達六部電影，兩人的名字時常黏在一起。甚至當《從前有個好萊塢》公佈超繁華的卡司名單，而其中沒有山繆的名字時，還掀起觀眾一陣嘩然。山繆表示：《黑色追緝令》昆汀（右）與山繆「我不知道，（昆汀）有時會給我工作，有時不會，當他拍《從前有個好萊塢》時，他完全沒聯絡我，通常他會打給我，告訴我他在做什麼，然後問我要不要參加……就像他在拍那部納粹電影（《惡棍特工》）時，他說這部電影沒有你的角色，我說我可以去學法文（電影裡有大量法文），他說他們有找到法國演員了，所以最後我在電影裡擔任旁白工作。」昆汀（右）與山繆昆汀說過很多次，他拍完十部長片電影之後就不做電影導演了，他還剩下最後一部電影的配額，他會讓自己的正宗男主角山繆，主演這部告別之作嗎？我們等著瞧。|https://news.agentm.tw/255396/|https://news.agentm.tw/wp-content/uploads/未命名-1-186-390x219.png|['完結', '三部曲', '歷史', '電影', '星際', '觀眾', '觀眾', '詹姆斯岡恩', '電影', '置入', '太太', '珍妮佛', '霍蘭德', '演出', '角色', '批評', '關係', '批評', '海外', '推特', '台灣', '網友', '聲音', '岡恩', '導演', '例子', '看看', '導演', '舉人', '避親', '詹姆斯岡恩', '珍妮佛霍蘭德', '劣跡', '詹姆斯岡恩', '珍妮佛霍蘭德', '社群', '網路', '大砲', '岡恩而', '珍妮佛', '岡恩', '監製', '岡恩', '弟弟', '萊恩', '堂弟馬克', '編劇', '電影', '選角', '珍妮佛', '詹姆斯岡恩', '女友', '執導', '監製', '作品', '突擊隊', '使者', '星際異攻隊3', '詹姆斯', '問題', '岡恩', '珍妮佛', '例子', '韓國', '影壇', '搭檔', '宋康昊', '坎城', '影展', '執導', '長片', '電影', '全球', '勇奪', '斯卡', '大獎', '主演', '宋康昊', '全球', '影展', '演員', '獎項', '奉導演', '重複', '使用', '演員', '李姃垠', '母親', '哭聲', '邊希峰', '駭人', '怪物', '殺人', '電影', '演員', '宋康昊', '殺人', '末日列車', '寄生上流', '電影', '電影', '作品', '宋康昊', '主演', '執導', '電影', '宋康昊', '韓國', '電影', '評論家', '協會獎', '亞洲', '電影', '大獎', '韓國', '導演', '選擇獎', '美國', '演員', '工會獎', '獎項', '俊昊', '宋康昊', '宋康昊', '電影圈', '表演', '李滄東', '執導', '電影', '青魚》', '角色', '角色', '朴起鏞', '副導', '俊昊', '導演', '宋康昊', '朴起鏞', '宋康昊', '副導', '編劇', '地帶', '宋康昊', '宋康昊', '演出', '飯店', '地帶', '導演', '處女', '綁架', '市場', '執導', '電影', '殺人', '偶像', '宋康昊', '綁架', '門口狗', '韓國', '影壇', '踢出', '圈子', '巨星', '感覺', '宋康昊', '殺人', '韓國', '影史', '經典', '企業', '投資', '好朋友', '世界', '影壇', '奧斯卡頒獎', '典禮', '榮耀', '韓國', '媒體', '昊昊兄弟', '汀塔倫提諾', '山繆傑克森', '腥羶色不忌', '導演', '昆汀', '山繆似', '山繆在', '電影', '演出', '角色', '昆汀', '編劇', '編劇', '劇本', '片場', '事實', '山繆', '大煞星', '片場', '昆汀', '霸道', '由來', '山繆', '哈維凱托', '先生', '提姆羅斯', '先生', '演員', '狀況', '表演', '山繆', '留下', '印象', '昆汀', '山繆', '山繆', '參加', '日舞影展', '傢伙', '山繆', '昆汀', '導演', '閒聊', '昆汀', '山繆', '電影', '試鏡', '霸道', '昆汀', '收到', '包裹', '電影', '黑色追緝令', '劇本', '昆汀', '山繆合作', '電影', '名字', '好萊塢', '卡司', '名單', '山繆', '名字', '山繆', '黑色追緝', '山繆', '昆汀', '好萊塢', '聯絡', '參加', '納粹', '電影', '惡棍', '特工', '電影', '角色', '法文', '電影', '法文', '找到', '法國', '演員', '電影', '旁白', '工作', '昆汀', '山繆昆汀', '拍完', '電影', '電影', '導演', '電影', '配額', '正宗男', '主角', '山繆', '主演', '告別']|[('電影', 23), ('宋康昊', 13), ('山繆', 11), ('昆汀', 10), ('導演', 8), ('韓國', 6), ('演員', 6), ('角色', 5), ('執導', 5), ('詹姆斯岡恩', 4), ('珍妮佛', 4), ('岡恩', 4), ('編劇', 4), ('殺人', 4), ('演出', 3), ('影壇', 3), ('主演', 3), ('觀眾', 2), ('批評', 2), ('例子', 2), ('珍妮佛霍蘭德', 2), ('監製', 2), ('作品', 2), ('影展', 2), ('全球', 2), ('大獎', 2), ('獎項', 2), ('俊昊', 2), ('表演', 2), ('朴起鏞', 2), ('副導', 2), ('地帶', 2), ('綁架', 2), ('劇本', 2), ('片場', 2), ('霸道', 2), ('先生', 2), ('參加', 2), ('名字', 2), ('好萊塢', 2), ('法文', 2), ('完結', 1), ('三部曲', 1), ('歷史', 1), ('星際', 1), ('置入', 1), ('太太', 1), ('霍蘭德', 1), ('關係', 1), ('海外', 1), ('推特', 1), ('台灣', 1), ('網友', 1), ('聲音', 1), ('看看', 1), ('舉人', 1), ('避親', 1), ('劣跡', 1), ('社群', 1), ('網路', 1), ('大砲', 1), ('岡恩而', 1), ('弟弟', 1), ('萊恩', 1), ('堂弟馬克', 1), ('選角', 1), ('女友', 1), ('突擊隊', 1), ('使者', 1), ('星際異攻隊3', 1), ('詹姆斯', 1), ('問題', 1), ('搭檔', 1), ('坎城', 1), ('長片', 1), ('勇奪', 1), ('斯卡', 1), ('奉導演', 1), ('重複', 1), ('使用', 1), ('李姃垠', 1), ('母親', 1), ('哭聲', 1), ('邊希峰', 1), ('駭人', 1), ('怪物', 1), ('末日列車', 1), ('寄生上流', 1), ('評論家', 1), ('協會獎', 1), ('亞洲', 1), ('選擇獎', 1), ('美國', 1), ('工會獎', 1), ('電影圈', 1), ('李滄東', 1), ('青魚》', 1), ('飯店', 1), ('處女', 1), ('市場', 1), ('偶像', 1), ('門口狗', 1), ('踢出', 1), ('圈子', 1), ('巨星', 1), ('感覺', 1), ('影史', 1), ('經典', 1), ('企業', 1), ('投資', 1), ('好朋友', 1), ('世界', 1), ('奧斯卡頒獎', 1), ('典禮', 1), ('榮耀', 1), ('媒體', 1), ('昊昊兄弟', 1), ('汀塔倫提諾', 1), ('山繆傑克森', 1), ('腥羶色不忌', 1), ('山繆似', 1), ('山繆在', 1), ('事實', 1), ('大煞星', 1), ('由來', 1), ('哈維凱托', 1), ('提姆羅斯', 1), ('狀況', 1), ('留下', 1), ('印象', 1), ('日舞影展', 1), ('傢伙', 1), ('閒聊', 1), ('試鏡', 1), ('收到', 1), ('包裹', 1), ('黑色追緝令', 1), ('山繆合作', 1), ('卡司', 1), ('名單', 1), ('黑色追緝', 1), ('聯絡', 1), ('納粹', 1), ('惡棍', 1), ('特工', 1), ('找到', 1), ('法國', 1), ('旁白', 1), ('工作', 1), ('山繆昆汀', 1), ('拍完', 1), ('配額', 1), ('正宗男', 1), ('主角', 1), ('告別', 1)]|4.440892098500626e-14|"宋康昊主演奉俊昊執導的《駭人怪物》這四部電影讓宋康昊獲得了兩次大鐘獎、韓國電影評論家協會獎、亞洲電影大獎、韓國導演選擇獎、美國演員工會獎等等重要獎項 | 但要說到奉俊昊電影裡最重要的演員 | 山繆在電影裡演出一個小角色"
電影專題/電影背後_2023-05-08_116|2023-05-08|2023 美國編劇大罷工：編劇在抗議什麼？ChatGPT也是抗議目標？今年將會是另一個好萊塢「災難元年」|電影專題|去年 7 月，Netflix旗艦級作品《怪奇物語》推出了第四季，當然，這可是超熱門的《怪奇物語》，所以Netflix早早在去年春天二月，就續約了也是最後一季的第五季。過了一年的現在，《怪奇物語》第五季卻仍然尚未開鏡，為什麼？另一方面，預計明年 9 月上映的漫威電影《刀鋒戰士》，原本計畫在這個五月開鏡……但漫威這幾天已經宣佈，《刀鋒戰士》暫停製作。這樣的消息還有很多，而為什麼好萊塢看起來似乎提早過年了？答案很簡單：美國編劇工會發動了睽違 15 年的大型罷工，現在讓我們來看看這場逼好萊塢「不給薪就關門」的罷工運動，究竟是怎麼開始的？抗議：「亮刀子了，把筆放下」內容目錄大部分電影無法少了劇本，而大部分劇本都來自於編劇。編劇是一部電影的核心工作人員，很多時候他也必須負責一部整部電影的成敗。而當編劇決定離開寫字檯走上街頭，將對電影圈帶來極大的影響，這些影響大到可以毀滅一部電影、或甚至斷絕一套系列電影的命脈：1988 年好萊塢編劇大罷工，導致《機器戰警 2：企業大戰》劇本難產，最終觀眾永遠看不到這部延續第一集精神的續集；2007-2008年編劇大罷工，導致沒有編劇能修改《X戰警：金鋼狼》、《007：量子危機》、《沙贊！》、《魔鬼終結者：未來救贖》、《天使與魔鬼》等等電影劇本，最終這些電影的品質都發生問題，或者劇本乾脆打掉重練、停止電影所有製作進度。2007 年加州柏本克迪士尼片場前的編劇抗議2007-2008年這次的好萊塢編劇大罷工，持續了一百天，這一百天不但差點殺死了詹姆士龐德（差點）、魔鬼終結者（真的瀕死）、與金鋼狼（整套X-men外傳計畫死亡確定），還包括了整個電視圈：例如《超異能英雄》等等大熱影集，全面停止製作。而有on檔壓力的電視台，為了不讓頻道開天窗，大幅引進了在當時還年輕的實境秀類型節目，這成為了實境秀日後稱霸美國電視圈的緣由。《X戰警：金鋼狼》被罷工害慘了而在好萊塢無論大小銀幕通通遭殃的狀況下，根據估計，這全長一百天、共有 11,000 名美國編劇工會（Writers Guild of America，WGA）成員參與、並且上街頭抗議要求更公平的薪水合約的歷史性大型罷工，造成了超過 20 億美金的天價損失。但如果還要算上像《X戰警：金鋼狼》導致《X戰警：萬磁王》取消製作的間接影響，則損失程度無法估計。這是一次慘痛的業界回憶——當然最痛的是電影公司與電視台主管，那麼，15 年後的現在，編劇們為何又再次發動了這樣的大型罷工呢？原因一樣是因為薪資。難道電影公司們沒有從上次教訓學乖嗎？不，這次不太一樣。一張抗議牌公開了編劇媽媽的Netflix密碼，另塊牌子寫著「HBO max給薪只有 HBO minimum」2023 開年，這個理應是「後疫情元年」、電影市場全面復甦的希望之年，編劇工會內部卻充滿焦慮：好萊塢薪資方與美國編劇工會的三年合約，即將在今年 5 月 1 日到期。可是，工會內早先在 2 月開始表決、而且在 3 月有高達 98% 的會員編劇們投票通過的新合約應修改事項，卻似乎無法讓這份新合約的甲方——也就是代表電影公司的薪資方——滿意。勞方與資方自 3 月 20 日起展開溝通，但是到了舊合約期滿的 5 月 1 日，仍然沒有達成最後的共識。而就在 5 月 2 日凌晨 12:01，工會宣佈罷工正式開始……停下你們的筆與鍵盤，編劇們要上街了。好萊塢大道上的抗議舉起抗議牌的編劇們，開始走向華納影業、漫威影業、派拉蒙影業、索尼影業與環球影業等等高大上的企業總部。當然，這就大幅影響了《怪奇物語》或是《刀鋒戰士》這些片商重點作品的製作進度。但是，罷工第一波衝擊影響最大的對象，其實是電視台的直播節目，而許多熱門直播節目，包括了《吉米法隆今夜秀》、《賽斯梅爾深夜秀》、《史蒂芬科貝特深夜秀》與《吉米基默夜現場》等等，都已經宣佈將停播一週新內容，改以「精彩重播內容」上陣。而像是吉米法隆與賽斯梅爾這樣的大牌主持人，他們甚至自掏腰包支薪給節目編劇，作為他們罷工時期的補貼。聽起來，這些作為電視台招牌的受歡迎直播秀都受到影響，電視台應該急得跳腳，此後觀眾可能只能觀賞這些節目的重播內容。但這種可能會導致觀眾轉台的重播策略，能持續到何時呢？NBC電視台已經表示，他們的經典綜藝節目《週末夜現場》，將會「持續重播下去」。《週末夜現場》編劇參與抗議吉米法隆與賽斯梅爾人真好，願意付錢給沒錢的編劇。薪資，是這一次大罷工的抗議重點之一，但與過去幾次工會抗議不同，2023 年的狀況更加令人不忍卒睹。最好的例子，是《冰與火之歌：權力遊戲》與《龍族前傳》的製作人之一布萊恩科克曼（Bryan Cogman）在 3 月時的一串推文，而他在那時就相信，罷工即將很快變成進行式。根據他的了解，今時今日，即便是貴為一部影集的「主創」（showrunner），也可能因為電視台狗屁倒灶的原因，而被迫好幾個月拿不到薪水。羅伯勞（右）與兒子第一天就參加抗議遊行「我才剛聽說某家主流電視網的某部影集的某位主創——是真的主創喔，她被告知，接下來兩個月她與助理們都拿不到薪水，因為電視台把預算花在某個明星的渡假行程上了。當然，編劇組幾個月前早就全部被fire了，而當然，還留下來的主創與助理們，仍然癡癡地在等待機會……你懂的，她們還期望自己的節目能繼續製作下去。現在你就了解為什麼可能會有罷工了。」如果企業經營不順，告訴身為員工的你需要放兩個月無薪假，這一點當然令人憤怒，但不是完全無法理解；可是，現在的狀況不同，電視台很明顯認為明星比身為主創的你更重要——主創，通常被視為一部影集最重要的靈魂。然後電視台寧可把錢花在別的地方，甚至是花在某個國外知名旅遊勝地的飯店房價上。這已經是明晃晃地踐踏主創的尊嚴，而且連遮羞費也不會付給他們。但這還是「高大上」的主創所遭受的待遇，身為一位編劇組裡的小小編劇，他們的待遇當然是更等而下之。科克曼繼續幹譙：「編劇在這個產業裡普遍被看扁了，他媽的電視台會花幾百萬大洋在一部垃圾劇上，然後說他們付不起編劇薪水，這真是他媽的神經病。」《俄羅斯娃娃：派對迴旋》主演娜塔莎雷昂也參與抗議科克曼不是第一個提前發出警告的人，事實上，這起罷工遲來了好幾年：2017 年這樣的問題已很嚴重，當時已經傳出有罷工的風聲，但在勞資雙方談判即將破裂的前夕，雙方終於同意勞方將支付盈餘之中超過1.3億美金的金額，提供給編劇們，藉以提昇串流影集編劇的收入。但是很明顯地，這只是杯水車薪，而且近幾年來又因為疫情問題，許多已經確認製作、而且編劇已經完成劇本的作品，卻因為疫情而停拍、刪減集數、甚至撤銷製作，導致已經被欠薪數月的編劇可能只會拿到部份薪水或甚至沒有薪水，這使得編劇心中的怒火更加熾烈。珍妮佛安妮斯頓與伊莉莎白歐森都發聲支持罷工|https://news.agentm.tw/255052/|https://news.agentm.tw/wp-content/uploads/GettyImages-1252569159-390x219.webp|['旗艦級', '作品', '怪奇', '物語', '推出', '怪奇', '物語', '續約', '漫威', '電影', '刀鋒', '戰士', '刀鋒戰士', '製作', '消息', '好萊塢', '答案', '美國', '編劇工', '發動', '大型', '看看', '萊塢', '運動', '放下', '目錄', '電影', '劇本', '劇本', '編劇', '編劇', '電影', '核心', '工作', '人員', '時候', '電影', '成敗', '編劇', '離開', '寫字檯', '街頭', '電影圈', '帶來', '影響', '影響', '毀滅', '電影', '斷絕', '系列', '電影', '命脈', '好萊塢', '機器', '戰警 2', '企業', '大戰', '劇本', '觀眾', '精神', '續集', '編劇', '修改', '戰警', '鋼狼', '量子', '危機', '魔鬼', '終結', '救贖', '天使', '魔鬼', '電影', '劇本', '電影', '品質', '問題', '劇本', '打掉', '重練', '電影', '製作', '進度', '加州', '柏本克迪士尼', '片場', '編劇', '好萊塢', '殺死', '詹姆士龐德', '魔鬼', '終結', '金鋼狼', '外傳', '計畫', '電視圈', '英雄', '熱影集', '製作', '壓力', '電視台', '頻道', '開天窗', '引進', '實境秀類型', '節目', '實境秀', '美國', '電視圈', '緣由', '金鋼狼', '銀幕', '狀況', '美國', '編劇工會', '成員', '參與', '薪水合約', '歷史性', '大型', '美金', '天價損失。', '戰警', '金鋼狼', '取消製作', '影響', '損失', '程度', '業界', '電影', '公司', '電視台', '主管', '編劇', '大型', '原因', '薪資', '電影', '公司', '教訓', '抗議牌', '編劇', '媽媽', '密碼', '牌子', '疫情', '電影', '市場', '希望', '編劇工會', '好萊塢', '薪資', '美國', '編劇', '工會', '合約', '工會', '會員', '編劇們', '通過', '合約', '修改', '事項', '合約', '電影', '公司', '薪資方——滿意', '勞方', '資方', '展開', '溝通', '合約', '達成', '共識', '工會', '停下', '鍵盤', '編劇', '好萊塢', '大道', '舉起', '抗議', '編劇', '華納影業', '影業', '派拉蒙', '影業', '索尼', '影業', '企業', '總部', '影響', '刀鋒戰士》', '片商', '重點', '作品', '製作', '進度', '衝擊', '影響', '對象', '電視台', '節目', '節目', '吉米法隆', '賽斯梅爾', '史蒂芬科貝特', '深夜秀', '吉米基默夜', '現場', '停播', '內容', '重播', '內容', '吉米法隆', '賽斯梅爾', '主持人', '節目', '時期', '補貼', '電視台', '招牌', '直播秀', '影響', '電視台', '觀眾', '觀賞', '節目', '內容', '觀眾', '策略', '電視台', '經典', '節目', '現場', '現場', '編劇', '參與', '吉米法隆', '賽斯梅爾人', '編劇', '薪資', '重點', '工會', '狀況', '例子', '權力', '遊戲', '龍族', '前傳', '製作人', '布萊恩科克曼', '推文', '進行式', '了解', '主創', '電視台', '狗屁倒灶', '原因', '薪水', '羅伯', '兒子', '參加', '主流', '電視網', '影集', '主創', '主創', '助理', '薪水', '電視台', '預算', '明星', '行程', '編劇組', '主創', '助理', '機會', '節目', '製作', '企業', '經營', '員工', '薪假', '狀況不同', '電視台', '明星', '主創', '靈魂', '電視台', '花在', '地方', '飯店', '踐踏', '主創', '尊嚴', '遮羞', '主創', '待遇', '編劇組裡', '編劇', '待遇當然', '科克曼', '編劇', '產業', '看扁', '電視台', '垃圾劇', '付不', '編劇', '薪水', '神經病', '羅斯娃娃', '主演', '娜塔莎雷昂也', '參與', '克曼', '發出', '警告', '事實', '問題', '傳出', '風聲', '勞資', '談判', '勞方', '盈餘', '美金', '金額', '編劇', '提昇', '影集', '編劇', '收入', '車薪', '疫情', '問題', '製作', '編劇', '完成', '劇本', '作品', '疫情', '刪減', '集數', '撤銷', '製作', '薪數', '編劇', '拿到', '薪水', '薪水', '編劇', '怒火', '珍妮佛安妮斯頓', '伊莉莎白歐森', '支持']|[('編劇', 20), ('電影', 13), ('電視台', 11), ('製作', 7), ('節目', 7), ('主創', 7), ('劇本', 6), ('影響', 6), ('好萊塢', 5), ('薪水', 5), ('美國', 4), ('工會', 4), ('合約', 4), ('作品', 3), ('大型', 3), ('企業', 3), ('觀眾', 3), ('魔鬼', 3), ('問題', 3), ('金鋼狼', 3), ('參與', 3), ('公司', 3), ('薪資', 3), ('疫情', 3), ('影業', 3), ('吉米法隆', 3), ('現場', 3), ('內容', 3), ('怪奇', 2), ('物語', 2), ('修改', 2), ('戰警', 2), ('終結', 2), ('進度', 2), ('電視圈', 2), ('狀況', 2), ('編劇工會', 2), ('美金', 2), ('原因', 2), ('勞方', 2), ('重點', 2), ('賽斯梅爾', 2), ('影集', 2), ('助理', 2), ('明星', 2), ('旗艦級', 1), ('推出', 1), ('續約', 1), ('漫威', 1), ('刀鋒', 1), ('戰士', 1), ('刀鋒戰士', 1), ('消息', 1), ('答案', 1), ('編劇工', 1), ('發動', 1), ('看看', 1), ('萊塢', 1), ('運動', 1), ('放下', 1), ('目錄', 1), ('核心', 1), ('工作', 1), ('人員', 1), ('時候', 1), ('成敗', 1), ('離開', 1), ('寫字檯', 1), ('街頭', 1), ('電影圈', 1), ('帶來', 1), ('毀滅', 1), ('斷絕', 1), ('系列', 1), ('命脈', 1), ('機器', 1), ('戰警 2', 1), ('大戰', 1), ('精神', 1), ('續集', 1), ('鋼狼', 1), ('量子', 1), ('危機', 1), ('救贖', 1), ('天使', 1), ('品質', 1), ('打掉', 1), ('重練', 1), ('加州', 1), ('柏本克迪士尼', 1), ('片場', 1), ('殺死', 1), ('詹姆士龐德', 1), ('外傳', 1), ('計畫', 1), ('英雄', 1), ('熱影集', 1), ('壓力', 1), ('頻道', 1), ('開天窗', 1), ('引進', 1), ('實境秀類型', 1), ('實境秀', 1), ('緣由', 1), ('銀幕', 1), ('成員', 1), ('薪水合約', 1), ('歷史性', 1), ('天價損失。', 1), ('取消製作', 1), ('損失', 1), ('程度', 1), ('業界', 1), ('主管', 1), ('教訓', 1), ('抗議牌', 1), ('媽媽', 1), ('密碼', 1), ('牌子', 1), ('市場', 1), ('希望', 1), ('會員', 1), ('編劇們', 1), ('通過', 1), ('事項', 1), ('薪資方——滿意', 1), ('資方', 1), ('展開', 1), ('溝通', 1), ('達成', 1), ('共識', 1), ('停下', 1), ('鍵盤', 1), ('大道', 1), ('舉起', 1), ('抗議', 1), ('華納影業', 1), ('派拉蒙', 1), ('索尼', 1), ('總部', 1), ('刀鋒戰士》', 1), ('片商', 1), ('衝擊', 1), ('對象', 1), ('史蒂芬科貝特', 1), ('深夜秀', 1), ('吉米基默夜', 1), ('停播', 1), ('重播', 1), ('主持人', 1), ('時期', 1), ('補貼', 1), ('招牌', 1), ('直播秀', 1), ('觀賞', 1), ('策略', 1), ('經典', 1), ('賽斯梅爾人', 1), ('例子', 1), ('權力', 1), ('遊戲', 1), ('龍族', 1), ('前傳', 1), ('製作人', 1), ('布萊恩科克曼', 1), ('推文', 1), ('進行式', 1), ('了解', 1), ('狗屁倒灶', 1), ('羅伯', 1), ('兒子', 1), ('參加', 1), ('主流', 1), ('電視網', 1), ('預算', 1), ('行程', 1), ('編劇組', 1), ('機會', 1), ('經營', 1), ('員工', 1), ('薪假', 1), ('狀況不同', 1), ('靈魂', 1), ('花在', 1), ('地方', 1), ('飯店', 1), ('踐踏', 1), ('尊嚴', 1), ('遮羞', 1), ('待遇', 1), ('編劇組裡', 1), ('待遇當然', 1), ('科克曼', 1), ('產業', 1), ('看扁', 1), ('垃圾劇', 1), ('付不', 1), ('神經病', 1), ('羅斯娃娃', 1), ('主演', 1)]|0.0|"現在讓我們來看看這場逼好萊塢「不給薪就關門」的罷工運動 | 編劇工會內部卻充滿焦慮：好萊塢薪資方與美國編劇工會的三年合約 | 這些影響大到可以毀滅一部電影、或甚至斷絕一套系列電影的命脈：1988 年好萊塢編劇大罷工"
電影專題/電影背後_2023-04-07_117|2023-04-07|【電影背後】《魔球》電影中與事實出入或忽略的5個小細節：電影沒提的MVP得主、Carlos Pena 的交易過程是？|電影專題|轉載自：運動視界 作者：辰海身為一位棒球迷，你很可能看過《魔球》這部 Brad Pitt 在 2011 年出演的電影，他在電影中飾演前運動家總經理 Billy Beane，也就是現在球隊的副總裁。但你知道這部電影裡有哪些地方，其實與事實並不相符嗎？《魔球》以 2003 年 Michael Lewis 所著《Moneyball》為基礎，描寫運動家隊在 2002 賽季的種種經歷。賽季初他們失去了一些大牌球員，包括台灣球迷因王建民而熟知，當年洋基號稱「早餐店打線」中的 Jason Giambi，以及 Johnny Damon 和 Jason Isringhausen 等人。Beane 當時的任務是重建一支在 2001 賽季拿下 102 場勝利，卻在季後賽敗給洋基的球隊。加上奧克蘭運動家向來沒有太多資金與預算，讓重建過程看似遙遙無期，但在 Peter Brand 的幫助下，儘管經常與 Art Howe 產生爭執（主要是有關於錢），以及隊上幾乎沒有球星，運動家仍以103勝拿下美聯西區冠軍，甚至還創下20連勝的紀錄（電影將這段過程描述的相當精采）。這就是好萊塢所描述的《魔球》故事，這部電影的確大部分與事實相符，但還是有些地方出了些差錯，無論是省略重要訊息沒提或是加入一些額外效果（畢竟這是電影，對吧！）以下是這部電影中的一些與事實出入或忽略的小細節，例如 Peter Brand 其實沒有那麼自私跋扈，只是電影總需要一個反派襯托主角。《魔球》中喬納希爾飾演的角色叫做 Peter Brand ，但其實他名字是 Paul DePodesta ，《魔球》說他是 2002 年加入運動家團隊，但他事實上早在 1999 年就進入運動家體系。而且他是從哈佛大學畢業，而不是電影裡所說的耶魯大學，儘管這兩所學校都是相當知名的學校。事實上他本人也絕非如電影中的形象般不太會運動，他在哈佛踢過足球，也對自己非常有自信。他不希望電影中提到自己的本名，但仍很喜歡飾演他的 Jonah Hill。他在 2004 年離開運動家前往洛杉磯道奇，現在則任職於美式足球克里夫蘭布朗隊。主角 Billy Beane 討論要追隨的球員時，提到想找 Jason Giambi 的弟弟 Jeremy Giambi 來取代他，但事實上這對兄弟檔曾同時在運動家隊中，他也是親眼見證 2001 年輸給洋基的球員之一。另外該場景中提到 Scott Hatteberg 和 David Justice 的過程也與事實有所出入：Beane 和 Ron Washington 從未於聖誕節當天去Hatteberg 家找他加盟，一切都是通過電話就完成招募；而 Justice 在電影中令人印象深刻的在俱樂部花一美元買蘇打汽水也從未發生過。Carlos Pena 的確是為了讓 Scott Hatteberg 在一壘有更多發揮空間而被交易，在電影中他在五月下旬被交易走，但現實中他是先被下放到小聯盟中，直到7月份才被交易至底特律老虎隊。在《魔球》中 Billy Beane 解雇球探 Grady Fuson，沒錯，Fuson 的確是在 2002 年離開運動家，但其實是為了在德州遊騎兵取得更好的工作，其實不久之後他又離開遊騎兵，重新回到運動家當 Beane 的特別助理。電影專注於 Billy Beane 以及那些不曾被期待成為明星的球員們，因此並沒有演到當年運動家陣中擁有美聯 MVP 得主 Miguel Tejada，以及拿下賽揚獎的 Barry Zito 。Tejada 當年 162 場全勤出賽，繳出 34 轟以及 0.308 打擊率，Zito 則以 2.75 ERA、182 次三振拿下 23 勝 5 敗， 229.1 局中僅投出 78 次保送，擊敗紅襪的 Pedro Martínez 奪下賽揚獎殊榮。儘管有上述這些不夠完美的地方，但《魔球》這部電影大部分內容都正確無誤，與歷史相符，奧克蘭運動家的老總 Steve Vucinich 曾在電影上映時向星報《The Star》證實這點。對於觀眾來說，我們得以透過這部電影重新回味運動家曾創下的傳奇故事，證明小蝦米也是有機會扳倒大鯨魚，更能了解當今棒球之所以更注重進階數據的過程及由來。看更多職棒相關文章>>【下一個世代】潛藏在江坤宇後的游擊新星：中信兄弟張仁瑋|https://news.agentm.tw/252610/|https://news.agentm.tw/wp-content/uploads/moneyball-390x219.png|['轉載', '運動視界', '作者', '辰海', '棒球迷', '看過', '魔球', '出演', '電影', '電影', '飾演', '運動家', '總經理', '球隊', '總裁', '電影', '地方', '事實', '魔球', '基礎', '描寫', '運動家隊', '球員', '台灣', '球迷', '王建民', '洋基', '早餐店', '任務', '重建', '拿下', '季後賽', '洋基', '球隊', '奧克蘭', '運動家', '資金', '預算', '重建過程', '幫助', '爭執', '球星', '運動家', '拿下', '美聯', '西區', '冠軍', '創下20', '紀錄', '電影', '過程', '描述', '好萊塢', '描述', '魔球', '故事', '電影', '事實', '地方', '差錯', '訊息', '加入', '效果', '電影', '電影', '事實', '細節', '電影', '反派', '主角', '魔球', '喬納希爾', '飾演', '角色', '名字', '魔球', '加入', '運動家', '團隊', '事實', '運動家', '體系', '哈佛', '大學', '電影', '耶魯', '大學', '學校', '學校', '事實', '電影', '形象', '哈佛', '足球', '自信', '電影', '本名', '飾演', '離開', '運動家', '洛杉磯', '道奇', '足球', '里夫蘭布朗隊', '主角', '追隨', '球員', '弟弟', '取代', '事實', '運動家', '洋基', '球員', '場景', '過程', '事實', '出入', '加盟', '通過', '電話', '完成', '招募', '電影', '印象深刻', '俱樂部', '蘇打汽水', '一壘', '空間', '交易', '電影', '交易', '現實', '下放到', '聯盟', '交易', '底特律', '魔球', '解雇', '離開', '德州', '取得', '工作', '離開', '遊騎兵', '運動家', '助理', '電影', '明星', '球員', '運動', '美聯', '拿下', '賽揚獎', '繳出', '打擊率', '三振', '拿下', '投出', '擊敗', '紅襪', '奪下', '賽揚獎', '殊榮', '上述', '地方', '魔球', '電影', '內容', '歷史', '奧克蘭', '運動家', '電影', '上映', '星報', '觀眾', '電影', '運動', '創下', '傳奇', '故事', '蝦米', '機會', '扳倒', '棒球', '數據', '過程', '由來', '職棒', '文章', '世代', '江坤宇', '游擊', '新星', '中信', '兄弟', '張仁瑋']|[('電影', 17), ('運動家', 9), ('魔球', 7), ('事實', 7), ('球員', 4), ('拿下', 4), ('飾演', 3), ('地方', 3), ('洋基', 3), ('過程', 3), ('離開', 3), ('交易', 3), ('球隊', 2), ('奧克蘭', 2), ('美聯', 2), ('描述', 2), ('故事', 2), ('加入', 2), ('主角', 2), ('哈佛', 2), ('大學', 2), ('學校', 2), ('足球', 2), ('運動', 2), ('賽揚獎', 2), ('轉載', 1), ('運動視界', 1), ('作者', 1), ('辰海', 1), ('棒球迷', 1), ('看過', 1), ('出演', 1), ('總經理', 1), ('總裁', 1), ('基礎', 1), ('描寫', 1), ('運動家隊', 1), ('台灣', 1), ('球迷', 1), ('王建民', 1), ('早餐店', 1), ('任務', 1), ('重建', 1), ('季後賽', 1), ('資金', 1), ('預算', 1), ('重建過程', 1), ('幫助', 1), ('爭執', 1), ('球星', 1), ('西區', 1), ('冠軍', 1), ('創下20', 1), ('紀錄', 1), ('好萊塢', 1), ('差錯', 1), ('訊息', 1), ('效果', 1), ('細節', 1), ('反派', 1), ('喬納希爾', 1), ('角色', 1), ('名字', 1), ('團隊', 1), ('體系', 1), ('耶魯', 1), ('形象', 1), ('自信', 1), ('本名', 1), ('洛杉磯', 1), ('道奇', 1), ('里夫蘭布朗隊', 1), ('追隨', 1), ('弟弟', 1), ('取代', 1), ('場景', 1), ('出入', 1), ('加盟', 1), ('通過', 1), ('電話', 1), ('完成', 1), ('招募', 1), ('印象深刻', 1), ('俱樂部', 1), ('蘇打汽水', 1), ('一壘', 1), ('空間', 1), ('現實', 1), ('下放到', 1), ('聯盟', 1), ('底特律', 1), ('解雇', 1), ('德州', 1), ('取得', 1), ('工作', 1), ('遊騎兵', 1), ('助理', 1), ('明星', 1), ('繳出', 1), ('打擊率', 1), ('三振', 1), ('投出', 1), ('擊敗', 1), ('紅襪', 1), ('奪下', 1), ('殊榮', 1), ('上述', 1), ('內容', 1), ('歷史', 1), ('上映', 1), ('星報', 1), ('觀眾', 1), ('創下', 1), ('傳奇', 1), ('蝦米', 1), ('機會', 1), ('扳倒', 1), ('棒球', 1), ('數據', 1), ('由來', 1), ('職棒', 1), ('文章', 1), ('世代', 1), ('江坤宇', 1), ('游擊', 1), ('新星', 1), ('中信', 1), ('兄弟', 1), ('張仁瑋', 1)]|3.574918139293004e-14|"但事實上這對兄弟檔曾同時在運動家隊中 | 這部電影的確大部分與事實相符 | 他在電影中飾演前運動家總經理 Billy Beane"
電影專題/電影背後_2023-04-06_118|2023-04-06|【電影背後】羅賓威廉斯起初猶豫與勞勃狄尼洛合作《睡人》，卻成了他生涯最精采的演出之一|電影專題|羅賓威廉斯是一個至今依舊會被提起的名字，他帶給觀眾歡笑跟淚水，總是展現詼諧的幽默跟溫暖的笑容，讓他演出的每一個角色都是深植人心。每個人都有各自擁護的電影——可能是《早安越南》、《春風化雨》、《心靈捕手》或《阿拉丁》——但有一部也很值得並列其中，那就是 1990 年的《睡人》。《睡人》就在《春風化雨》隔年上映，那時的他已證明自己不只有喜劇細胞，也能夠撐起複雜的角色與更深刻的情感戲。電影改編自1973年的同名書籍，由英國腦神經學家奧利佛薩克斯撰寫的親身經歷，描述他研究及嘗試治療「嗜睡性腦炎」病患的片段，隨後更擔任本片顧問以合乎事件真實度。威廉斯飾演的那位醫生化名為塞爾，與他過去演出的角色有著不同的性格：害羞內向、不善言詞、有點社交障礙、甚至是一個知識宅。能夠展現與以往不同的演技層次，這對他的演藝生涯肯定有加分的效果，不過他在加入劇組時卻有一個疑慮：勞勃狄尼洛。內容目錄當時的狄尼洛已經演出夠多赫赫有名的作品，《教父2》、《計程車司機》、《越戰獵鹿人》、《蠻牛》、《四海兄弟》、《教會》等，任何一部都是經典，已經達到難以企及的高度，觀眾也早已熟悉他陽剛的銀幕形象。他在《睡人》飾演病患雷納則不相同，是一個因病被困在成人身軀的青少年。在突然接受治療而「甦醒」的時候，他必須接受自己的人生已經快轉了 30 年，適應一夜長大的世界，本質上就跟導演潘妮馬歇爾前作《飛越未來》差不多。狄尼洛同時收到兩個主角的演出邀約，而他選擇飾演的就是病患；於是醫生的角色就到了威廉斯手上。當時《春風化雨》尚未上映，大家還不知道威廉斯纖細的另一面，又要跟著名戲精狄尼洛對戲，恐怕是壓力不小。威廉斯擔心在狄尼洛身旁會失去光環，擔心自己的演技無法勝任醫生這舉足輕重的角色。不過電影上映後，他們兩位都各自獲得十分正面的評價，傳奇影評人羅傑伊伯特稱威廉斯的演出「純粹而不雜亂，並沒有讓時而出現的熱情洋溢干擾表演」，也讓他入圍金球獎戲劇類最佳男主角。可惜最後，奧斯卡提名的依舊只有狄尼洛。如果説《睡人》原著提供的是難以置信的真實事件，電影則像是包裹著溫潤的糖衣，讓震撼與悲傷不那麼直接。威廉斯選擇的內斂路線正與狄尼洛擅長的大鳴大放形成對比，能夠給觀眾一個喘息與思索的空間，更讓戲劇效果達到了良好的平衡。這是被嚴重低估的表演：畢竟塞爾醫生幾乎出現在每一幕裡，他的個性奠定了電影調性，其角色曲線甚至呼應了整個故事：他太自我封閉了，活在自己的世界而不自知，錯過了多少生命中的喜怒哀樂。這就是為什麼威廉斯的「純粹」在這裡就顯得重要，首先他要讓無趣的角色有吸引力，能夠讓觀眾相信他有渾然天成的同理心，願意看著他協助與醫治病患，更打從心底想看著他們成功。若少了前段的鋪陳，結局就無法達到應有的後勁與感觸。《睡人》的目的並非催淚，更像是向大眾介紹不為人知的故事，以及審視人類醫治疾病的一段進程。或許在拿捏敘事角度時會犧牲議題的複雜度，不過光是威廉斯跟狄尼洛的表演就能夠打動觀眾，才是電影成功的關鍵。更重要的是，看完《睡人》會讓人驚覺，生命中的乍然靈光有多值得珍視。就像是羅賓威廉斯太過短暫的人生一樣，到了盡頭才想把握就來不及了，最後只能在吉光片羽中好好珍藏。|https://news.agentm.tw/252367/|https://news.agentm.tw/wp-content/uploads/AAAABe7KHc__vEvPWxz2RleM9W7JsCFW21mpXs8lXYa1v9I-yM2JzJB3F5V24IoVyBev1yBUakYp6wdZ6J1yDyMu2MzyWMeEYnSjuoJ9-390x219.jpg|['羅賓威廉斯', '名字', '觀眾', '淚水', '展現', '笑容', '演出', '角色', '深植人心', '擁護', '電影', '早安', '越南', '心靈', '捕手', '阿拉丁', '睡人', '睡人', '喜劇', '細胞', '撐起', '角色', '情感戲', '電影', '改編', '書籍', '英國', '神經學家', '奧利佛薩克斯', '撰寫', '描述', '治療', '嗜睡性腦炎', '病患', '片段', '顧問', '事件', '真實度', '威廉斯', '飾演', '醫生', '塞爾', '演出', '角色', '性格', '障礙', '知識宅', '展現', '演技', '層次', '生涯', '效果', '加入', '劇組', '疑慮', '勞勃狄尼洛', '內容', '目錄', '狄尼洛', '演出', '作品', '教父2', '計程車司機', '越戰', '人》', '四海兄弟', '教會', '經典', '銀幕', '形象', '睡人', '飾演', '病患', '雷納', '身軀', '青少年', '接受', '治療', '時候', '接受', '人生', '世界', '本質', '導演', '潘妮馬歇爾', '狄尼洛', '收到', '主角', '演出', '邀約', '選擇', '飾演', '病患', '醫生', '角色', '威廉斯', '威廉斯', '名戲精', '狄尼洛', '壓力', '威廉斯', '狄尼洛', '光環', '演技', '醫生', '輕重', '角色', '電影', '評價', '傳奇', '影評', '羅傑伊伯特', '威廉斯', '演出', '熱情', '干擾', '表演', '金球獎', '戲劇類', '主角', '奧斯卡', '提名', '狄尼洛', '原著', '事件', '電影', '包裹', '糖衣', '威廉斯', '選擇', '狄尼洛', '對比', '觀眾', '空間', '戲劇', '效果', '表演', '塞爾醫生', '奠定', '電影調性', '角色曲線', '呼應', '故事', '封閉', '世界', '生命', '喜怒', '哀樂', '威廉斯', '角色', '吸引力', '觀眾', '同理', '協助', '醫治病患', '鋪陳', '結局', '後勁', '感觸', '睡人', '目的', '故事', '審視', '醫治', '疾病', '進程', '拿捏', '角度', '議題', '複雜度', '威廉斯', '尼洛', '表演', '觀眾', '電影', '關鍵', '看完', '睡人', '生命', '靈光', '羅賓威廉斯', '人生', '把握', '吉光片']|[('威廉斯', 8), ('角色', 6), ('狄尼洛', 6), ('演出', 5), ('電影', 5), ('睡人', 5), ('觀眾', 4), ('病患', 3), ('飾演', 3), ('醫生', 3), ('表演', 3), ('羅賓威廉斯', 2), ('展現', 2), ('治療', 2), ('事件', 2), ('演技', 2), ('效果', 2), ('接受', 2), ('人生', 2), ('世界', 2), ('主角', 2), ('選擇', 2), ('故事', 2), ('生命', 2), ('名字', 1), ('淚水', 1), ('笑容', 1), ('深植人心', 1), ('擁護', 1), ('早安', 1), ('越南', 1), ('心靈', 1), ('捕手', 1), ('阿拉丁', 1), ('喜劇', 1), ('細胞', 1), ('撐起', 1), ('情感戲', 1), ('改編', 1), ('書籍', 1), ('英國', 1), ('神經學家', 1), ('奧利佛薩克斯', 1), ('撰寫', 1), ('描述', 1), ('嗜睡性腦炎', 1), ('片段', 1), ('顧問', 1), ('真實度', 1), ('塞爾', 1), ('性格', 1), ('障礙', 1), ('知識宅', 1), ('層次', 1), ('生涯', 1), ('加入', 1), ('劇組', 1), ('疑慮', 1), ('勞勃狄尼洛', 1), ('內容', 1), ('目錄', 1), ('作品', 1), ('教父2', 1), ('計程車司機', 1), ('越戰', 1), ('人》', 1), ('四海兄弟', 1), ('教會', 1), ('經典', 1), ('銀幕', 1), ('形象', 1), ('雷納', 1), ('身軀', 1), ('青少年', 1), ('時候', 1), ('本質', 1), ('導演', 1), ('潘妮馬歇爾', 1), ('收到', 1), ('邀約', 1), ('名戲精', 1), ('壓力', 1), ('光環', 1), ('輕重', 1), ('評價', 1), ('傳奇', 1), ('影評', 1), ('羅傑伊伯特', 1), ('熱情', 1), ('干擾', 1), ('金球獎', 1), ('戲劇類', 1), ('奧斯卡', 1), ('提名', 1), ('原著', 1), ('包裹', 1), ('糖衣', 1), ('對比', 1), ('空間', 1), ('戲劇', 1), ('塞爾醫生', 1), ('奠定', 1), ('電影調性', 1), ('角色曲線', 1), ('呼應', 1), ('封閉', 1), ('喜怒', 1), ('哀樂', 1), ('吸引力', 1), ('同理', 1), ('協助', 1), ('醫治病患', 1), ('鋪陳', 1), ('結局', 1), ('後勁', 1), ('感觸', 1), ('目的', 1), ('審視', 1), ('醫治', 1), ('疾病', 1), ('進程', 1), ('拿捏', 1), ('角度', 1), ('議題', 1), ('複雜度', 1), ('尼洛', 1), ('關鍵', 1), ('看完', 1), ('靈光', 1), ('把握', 1), ('吉光片', 1)]|0.9999999999017746|"不過電影上映後 | 傳奇影評人羅傑伊伯特稱威廉斯的演出「純粹而不雜亂 | 看完《睡人》會讓人驚覺"
電影專題/電影背後_2023-03-17_119|2023-03-17|【電影幕後】重看一次《八惡人》：當昆汀小迷弟期待多年，終於等到大師顏尼歐莫利克奈幫他配樂|電影專題|2015年上映的《八惡人》是美國名導昆汀塔倫提諾的第8部電影，由山繆傑克森、寇特羅素、珍妮佛傑森李等人主演。故事設定於懷俄明州的南北戰爭之後，一群各懷鬼胎的人在冰天雪地的荒地碰頭。這是他最鍾愛的西部類型，精妙的劇本維持一貫暴力美學的惡趣味，電影上映後也獲得許多好評。不過相較於其他獲獎連連或名留青史的作品，《八惡人》似乎沒那麼響亮。這部電影倒是有一個最重要的紀錄，可說是好萊塢史上前無古人、後無來者的成就：義大利作曲大師顏尼歐莫利克奈，在高齡 86 歲之時終於獲得了奧斯卡最佳配樂獎。昆汀在拍攝《八惡人》之前，從未聘用作曲家或使用過原創配樂，幾乎都親自選擇要搭配哪首曲子；並且《追殺比爾》、《追殺比爾2》、《惡棍特工》、《決殺令》中都用了顏尼歐創作的作品。正是過去幾十年來對於顏尼歐的崇敬，加上《八惡人》的西部主題，讓他終於「投降」，主動尋求大師的合作。《黃昏雙鏢客》他最喜歡的義式西部片《黃昏雙鏢客》及《黃金三鏢客》皆由顏尼歐創作，他收藏最多的黑膠唱片正屬顏尼歐的作品。於是他決定將劇本翻譯成義大利文寄過去，並且在得知大師與其妻子都喜愛這個故事之後，馬上飛到羅馬與之會面，討論《八惡人》為什麼需要原創配樂：「我聽到一個小小的耳語聲，說著這個題材，特別是這一個值得要有原創配樂。我的耳邊從來沒有想起這種聲音，就只有這一次。因此我認為我們應該繼續探索。」顏尼歐起初猶豫著是否要答應為《八惡人》配樂——首先，當時的他已經40年沒有為類似的故事創作。再者，他已經說好要跟《新天堂樂園》《海上鋼琴師》的導演朱塞佩托納多雷再度共事，因此可能沒有多餘的時間。另一方面，昆汀已經拍好《八惡人》，他需要在一個月內就有配樂。他以為事情就要這樣崩塌了。不過事實是，顏尼歐在閱讀劇本的時候就已經想好可能的主旋律，而且不是西部片的那種——因為他想要襯托昆汀獨樹一幟的風格。於是神奇的事情發生了：「好吧，你知道，朱塞佩通常需要兩週才能把初剪给我，所以或許在這段時間裡，我可以先做一個主旋律，給你一整個主題、一個銅管版的跟弦樂版的。然後你就去做你通常在做的事，把這段音樂搭配到最好。」昆汀當然接受了這個協議。就在隔一天，顏尼歐抓著他的手說「我會給你更多音樂」，於是原本的10分鐘版本變成16分鐘、22分鐘、32分鐘，越來越長。因為大師源源不斷的靈感，讓配樂有了自己的生命。最後的成果是，顏尼歐用古典樂的架構讓電影有一點義大利邪典 (Giallo) 的味道，加上一點音樂盒的工藝感。顏尼歐相信昆汀對音樂的敬重，並且認為他是「有能力剪輯音樂的人」，並不會因為場景不夠用就犧牲裁切才配樂，而是在兩造調整過後適當地剪輯。因此在《八惡人》中，配樂如同有著旁白一般的敘事功能，除了烘托氣氛以外也幫助推進故事前進，預告著即將到來的事件與轉折。後來《八惡人》在獎季中入圍了多項最佳女配角、最佳攝影及最佳配樂，並且幾乎橫掃了最後一項。當昆汀代替顏尼歐上台領取金球獎最佳配樂時，他直接表達了對大師的敬愛：「顏尼歐莫利克奈，對我而言，是我最喜歡的作曲家。當我說『最喜歡的作曲家』，我不是說電影配樂⋯⋯我說的是莫札特、貝多芬、舒伯特那種作曲家。」也於是，在 2007 年的奧斯卡終身成就獎，顏尼歐莫利克奈終於獲得了最佳配樂。他跟另一位電影配樂傳奇約翰威廉斯的那一抱，堪稱是好萊塢頒獎史上最美好的畫面之一。在這次的愉快經驗之後，昆汀跟顏尼歐原本說好了要再合作下一部電影。雖然這兩位大師已無緣再共事一次，不過他們的確替《八惡人》在茫茫西部片類型中，找到了最適當的位置。這或許是《八惡人》最讓影迷最津津樂道的一段佳話。|https://news.agentm.tw/250974/|https://news.agentm.tw/wp-content/uploads/ew-390x219.png|['八惡人', '美國', '昆汀塔倫提諾', '電影', '山繆傑克森', '寇特羅素', '珍妮佛傑森李', '主演', '故事', '設定', '懷俄明州', '南北', '戰爭', '鬼胎', '荒地', '類型', '劇本', '暴力', '美學', '趣味', '電影', '好評', '作品', '八惡人', '電影', '紀錄', '好萊塢', '古人', '成就', '義大利', '大師', '顏尼歐莫利克奈', '高齡', '斯卡', '配樂獎', '昆汀', '拍攝', '惡人', '聘用', '作曲家', '使用', '配樂', '選擇', '搭配', '曲子', '追殺', '比爾', '追殺', '比爾2', '惡棍', '特工', '決殺令', '顏尼歐', '創作', '作品', '顏尼歐', '惡人', '主題', '尋求', '大師', '鏢客', '西部片', '鏢客', '黃金三鏢客', '顏尼歐', '創作', '收藏', '黑膠唱片', '顏尼歐', '作品', '劇本', '義大利文', '大師', '妻子', '故事', '羅馬與之', '惡人', '耳語聲', '題材', '配樂', '聲音', '顏尼歐', '八惡人', '配樂', '故事', '創作', '天堂', '樂園', '鋼琴師', '導演', '塞佩托納多雷', '時間', '昆汀', '拍好', '惡人', '配樂', '事情', '事實', '顏尼歐', '閱讀', '劇本', '時候', '旋律', '西部片', '昆汀', '風格', '事情', '塞佩', '時間', '旋律', '主題', '銅管版', '音樂', '搭配', '昆汀', '接受', '協議', '顏尼歐', '音樂', '版本', '靈感', '配樂', '生命', '成果', '顏尼歐', '古典樂', '架構', '電影', '義大利', '邪典', '味道', '加上', '音樂', '工藝感', '顏尼歐', '昆汀', '音樂', '能力', '剪輯', '音樂', '場景', '調整', '剪輯', '八惡人', '配樂', '旁白', '功能', '烘托', '氣氛', '幫助', '推進', '故事', '事件', '轉折', '八惡人', '配角', '攝影', '配樂', '昆汀', '代替', '顏尼歐', '金球獎', '配樂', '表達', '大師', '顏尼歐莫利克奈', '作曲家', '作曲家', '電影', '札特', '貝多芬', '伯特', '作曲家', '奧斯卡', '終身成', '就獎', '顏尼歐莫利克奈', '配樂', '電影', '配樂', '傳奇', '約翰威廉斯', '好萊塢頒獎', '畫面', '經驗', '昆汀', '顏尼歐', '電影', '大師', '惡人', '西部片', '類型', '找到', '位置', '惡人', '影迷', '佳話']|[('顏尼歐', 11), ('配樂', 10), ('電影', 7), ('昆汀', 7), ('惡人', 6), ('八惡人', 5), ('大師', 5), ('音樂', 5), ('故事', 4), ('作曲家', 4), ('劇本', 3), ('作品', 3), ('顏尼歐莫利克奈', 3), ('創作', 3), ('西部片', 3), ('類型', 2), ('義大利', 2), ('搭配', 2), ('追殺', 2), ('主題', 2), ('鏢客', 2), ('時間', 2), ('事情', 2), ('旋律', 2), ('剪輯', 2), ('美國', 1), ('昆汀塔倫提諾', 1), ('山繆傑克森', 1), ('寇特羅素', 1), ('珍妮佛傑森李', 1), ('主演', 1), ('設定', 1), ('懷俄明州', 1), ('南北', 1), ('戰爭', 1), ('鬼胎', 1), ('荒地', 1), ('暴力', 1), ('美學', 1), ('趣味', 1), ('好評', 1), ('紀錄', 1), ('好萊塢', 1), ('古人', 1), ('成就', 1), ('高齡', 1), ('斯卡', 1), ('配樂獎', 1), ('拍攝', 1), ('聘用', 1), ('使用', 1), ('選擇', 1), ('曲子', 1), ('比爾', 1), ('比爾2', 1), ('惡棍', 1), ('特工', 1), ('決殺令', 1), ('尋求', 1), ('黃金三鏢客', 1), ('收藏', 1), ('黑膠唱片', 1), ('義大利文', 1), ('妻子', 1), ('羅馬與之', 1), ('耳語聲', 1), ('題材', 1), ('聲音', 1), ('天堂', 1), ('樂園', 1), ('鋼琴師', 1), ('導演', 1), ('塞佩托納多雷', 1), ('拍好', 1), ('事實', 1), ('閱讀', 1), ('時候', 1), ('風格', 1), ('塞佩', 1), ('銅管版', 1), ('接受', 1), ('協議', 1), ('版本', 1), ('靈感', 1), ('生命', 1), ('成果', 1), ('古典樂', 1), ('架構', 1), ('邪典', 1), ('味道', 1), ('加上', 1), ('工藝感', 1), ('能力', 1), ('場景', 1), ('調整', 1), ('旁白', 1), ('功能', 1), ('烘托', 1), ('氣氛', 1), ('幫助', 1), ('推進', 1), ('事件', 1), ('轉折', 1), ('配角', 1), ('攝影', 1), ('代替', 1), ('金球獎', 1), ('表達', 1), ('札特', 1), ('貝多芬', 1), ('伯特', 1), ('奧斯卡', 1), ('終身成', 1), ('就獎', 1), ('傳奇', 1), ('約翰威廉斯', 1), ('好萊塢頒獎', 1), ('畫面', 1), ('經驗', 1), ('找到', 1), ('位置', 1), ('影迷', 1), ('佳話', 1)]|0.0001507429933484|"」顏尼歐起初猶豫著是否要答應為《八惡人》配樂——首先 | 後來《八惡人》在獎季中入圍了多項最佳女配角、最佳攝影及最佳配樂 | 當昆汀代替顏尼歐上台領取金球獎最佳配樂時"
電影專題/電影背後_2023-03-15_120|2023-03-15|【電影背後】《怪談比留子》的誕生：愛、勇氣與人頭蜘蛛的夏日回憶|電影專題|1990 年八月，織田尚躲在富山縣的旅館，整日揮汗如雨的工作。悶熱的房間散落著噴槍、保鮮膜、顏料、溶劑，還有慘白的人頭。他的兩位同伴深谷陽與高濱幹臉色凝重的坐在他身旁，三人都因缺乏睡眠而憔悴不堪。織田捧起頭顱端詳時，深谷與高濱撥弄手上的遙控器，聽著馬達的運轉，與一種奇特的咖嚓咖嚓聲，他面前的長桌上放著一隻腹部朝天的甲殼動物，活像是被吃乾抹淨的大螃蟹，牠的臟器早已消失無蹤，六隻腳卻仍陰森地緩緩挪動。假使有冒失鬼誤闖這個恐怖房間，織田可能要花不少時間解釋自己的工作內容。但他恐怕連這閒工夫也沒有。幾個小時後，他們就要將拼裝好的怪物送至外景用的校舍，讓牠們在走廊地板爬來爬去。在導演塚本晉也的要求下，這些生物必須從尾部寄生人體，與頭部融合後切斷分離，然後頂著偽裝用的人臉衝刺與飛翔。這個光聽就令人咋舌的生態系統預計在一個月內完成，接著移師到東寶片廠完成巢穴鏡頭的拍攝。包括導演在內，現場的七十多名工作人員都身兼數職，將土法煉鋼的精神發揮到極致。眾人用遙控飛機、電子玩偶、線控人偶，讓片中的怪物「比留子」獲得無窮的精力，他們甚至親身上陣，演出在烈焰中哀嚎的人面蜘蛛。塚本組的三劍客：深谷陽、織田尚與高濱幹。內容目錄這兵荒馬亂的夏天，讓剛入行不久的織田、深谷與高濱建立了堅定的革命情誼，他們正式參與的首部作品《怪談比留子》彷彿成了某種半自傳，描述三位男孩的恐怖夏日冒險。而領頭的塚本宛如片中的學者稗田禮二郎的化身，令他們既恐懼又困惑，卻仍想追隨他的腳步前進，因此他們又與塚本合作了《鐵男 2》才各奔東西。日後深谷陽成為知名漫畫家，高濱幹變成《卡美拉》等片的造型師。織田則繼續活躍於電影特效領域，他在《怪談比留子》裡打造惟妙惟肖、生物感強烈的邪惡怪物，使它至今仍被譽為不朽的恐怖傑作，帶給海內外各世代的影迷無盡的夢魘。慶祝《怪談比留子》三十週年而展示的機械道具，由於外殼輕量化，人臉的部分已經破損散失。時間拉回十六年前，二十五歲的漫畫家諸星大二郎以新人作品《生物都市》奪下集英社主辦的手塚獎。它描述三位太空人在木星的驚人遭遇，與回到地球後引發的大浩劫。故事裡人體與機械融合的詭異景象、充滿奔放的奇想，及似曾相識的恐怖片情懷。之後諸星以新秀之姿開始連載《妖怪獵人》（妖怪ハンター），他的獨特世界觀結合未知恐怖、歷史虛實與人文科幻，廣受超自然或科幻題材的讀者歡迎⋯⋯這些讀者也包括以科幻恐怖片《鐵男》一鳴驚人的塚本晉也。諸星大二郎的出道作《生物都市》。塚本與諸星出道的年齡相近，兩人都對身體與空間的變異興趣濃厚，而且作品皆帶有難以預測的詭譎創意。事實上，有不少人認為《生物都市》或許是啟發創作《電線桿男孩的冒險》（電柱小僧の冒険）與《鐵男》的靈感。《鐵男》的主角某天突然變成肉體與金屬融合的怪物，在快節奏的黑白攝影襯托下，展開狂暴的同類相殘。雖然本片像是高壓電過載的視覺風格，與諸星描述日常異變的冷靜口吻截然不同，不過它的好成績倒是吸引了片商的注意。於是塚本也搭上了九零年代的小品恐怖片列車，接下將《妖怪獵人》改編成恐怖喜劇《怪談比留子》的重責大任。塚本也是相當活躍的演員，他在《正宗哥吉拉》飾演的古怪學者，意外地與《怪談比留子》的稗田禮二郎有不少相似之處。塚本對故事的詮釋方式，與織田尚設計的怪物造型，都令《妖怪獵人》的書迷們又愛又恨。主角稗田禮二郎追蹤的妖怪是一種與地球萬物分庭抗禮的黑暗生命體，它們像大自然的影子，走上截然不同的進化道路，隱匿在歷史與日常生活的夾縫中。它們的模樣也跳脫我們對生物的印象，呈現未知的詭異氛圍。例如在《妖怪獵人》的序章〈黑衣探索者〉（黒い探求者）登場的比留子，像是古文字或器皿紋路長出了手腳，而在塚本取材的另一個章節〈紅唇〉（赤い唇）裡，擬態為嘴唇的邪惡生物寄生在學生月島令子身上，將獵物洗腦後殺害吸血。〈紅唇〉。然而織田在製作怪物道具時從未讀過原作，唯一的參考只有塚本繪製的概念圖。而塚本一旦進入創作模式，便會習慣性的「將原作拋在腦後」（塚本在訪問時的自述）。因此他的比留子反而像魚類、鯨豚、昆蟲與《異形》的綜合體，反映了他對海洋公園吉祥物的童年印象，以及對美國恐怖片的熱愛。人頭比留子最初在漫畫是意外誕生的產物，塚本卻將其作為主打的視覺形象，也讓不少評論者懷疑他的設計受到電影《突變第三型》的重度影響。塚本繪製的比留子設計圖。《怪談比留子》的怪物固然駭人，參考現有生物的造型卻少了一些原作的神秘感，令書迷感到悵然若失。另一方面，從電影模仿《屍變》的第一人稱追蹤鏡頭，及突如其來的血腥幽默，都可看出他試圖拍出一部融合美日元素的恐怖作品。塚本更將原著的考古探奇路線，改成充滿浪漫及鄉愁的校園冒險。雖然電影故事大致跟〈黑衣探索者〉相仿，不過劇本卻將考古學家之子尋找失蹤父親的過程，變成一場失敗的拯救初戀對象行動，以符合角色年齡的變更。至於協助他的稗田，也從沉著憂鬱的冷漠旁觀者，成了手持警報器抓妖、舉止彷彿來自《魔鬼剋星》的甘草人物。飾演稗田的澤田研二展現生涯最具突破性的演出，完美地隱藏他在開工首日鎮壓全場的巨星鋒芒，不過他與原著角色的巨大落差，至今仍有正反兩面的評價。但它的背後其實有不得已的苦衷，塚本原本屬意的是科幻恐怖片的傳奇演員岸田森。由於岸田已於開拍前逝世，他只好配合接棒的澤田修改劇本。這是澤田首次替代其他知名演員上場，他在三十年後也接替了志村健演出《電影之神》。岸田森與原作的稗田禮二郎。另一方面，即使《妖怪獵人》的原味盡失，塚本的劇本仍靈巧地抓住諸星作品的精髓。《怪談比留子》聰明地融合〈黑衣探索者〉與〈紅唇〉這兩則風格相異的經典短篇，並成功保留月島令子這個角色的妖異氣息與複雜面，使他既令人疼惜，又令人顫慄。 諸星在〈紅唇〉的悲劇結尾留下一個令讀者深思的問題，月島表面上是被妖怪附身而教唆同學自相殘殺，但飽受欺凌的他是否借用妖怪的力量，以宣洩自身的報復心及對權力的渴望？從飾演月島的上野惠（現改名深山凜）出場的第一個畫面開始，鏡頭就透過對嘴唇的特寫，暗示了這層不安的情緒。在月島與比留子融合之前，他是考古學家之子正雄的暗戀對象，也是同學們仰望與遠眺的理想人物，但片中從未有人瞭解他的真正想法，或是他在其他被害者人性尚存的當下，仍一意孤行地讓比留子入侵的動機。塚本與諸星一樣，將這個疑問留給觀眾自行解讀，取而代之的是月島現身時伴隨的不祥歌曲〈月之夜〉。清麗的曲風搭配殘酷的死亡，電影營造的反差感就像月島的本性，充滿曖昧與矛盾。《怪談比留子》片尾的月島靈魂，是塚本對諸星的另一部短篇〈海龍祭之夜〉（海竜祭の夜）的短暫致敬。在諸星筆下化身為海蛇神的安德天皇，或許也反映了月島的孤獨及無奈。〈海龍祭之夜〉詭異又悲傷的結尾。2000 年四月，諸星大二郎的《西遊妖猿傳》榮獲手塚治虫文化獎，並宣告新章〈西域篇〉開始連載。諸星在發表會上替讀者簽名時，織田尚主動向他自我介紹，並遞上手中的藏書。我們不清楚後續的細節，不過諸星除了簽上《西遊妖猿傳》的悟空，還淘氣地加上一隻塚本與織田設計的人頭蜘蛛。事實上，諸星很少提過對《怪談比留子》「竄改」原著的看法，但這個舉動似乎已代替了千言萬語，讓織田感到如釋重負。就像稗田禮二郎在片尾終於克服對亡妻的罪惡感，或許這位在日本恐怖片史寫下新頁的特效藝術家，在十年後終於找到他內心的平靜了。織田尚拿到的簽名上寫著：「獻給《比留子》的特效化妝師，諸星大二郎上。」延伸閱讀 >> 人頭蜘蛛我怕了！童年陰影電影《怪談比留子》修復版重返大銀幕|https://news.agentm.tw/250662/|https://news.agentm.tw/wp-content/uploads/template-336-390x219.png|['織田', '富山縣', '旅館', '工作', '房間', '噴槍', '保鮮膜', '顏料', '溶劑', '人頭', '同伴', '高濱幹', '臉色', '睡眠', '織田', '捧起', '頭顱', '端詳', '深谷', '撥弄', '遙控器', '馬達', '咖嚓', '咖嚓', '面前', '腹部', '朝天', '甲殼', '動物', '螃蟹', '臟器', '挪動', '房間', '織田', '時間', '工作', '內容', '小時', '拼裝好', '怪物', '外景用', '校舍', '走廊', '地板', '導演', '塚本晉', '要求', '生物', '尾部', '人體', '頭部', '融合', '切斷', '偽裝用', '衝刺', '生態', '系統', '完成', '東寶片廠', '完成', '巢穴', '鏡頭', '拍攝', '導演', '現場', '人員', '土法煉鋼', '精神', '發揮到', '極致', '遙控飛機', '電子', '玩偶', '線控人偶', '怪物', '精力', '演出', '烈焰', '人面', '蜘蛛', '塚本組的', '三劍客', '高濱幹', '內容', '目錄', '織田', '深谷', '高濱', '建立', '情誼', '參與', '作品', '怪談比留子', '自傳', '描述', '男孩', '塚本宛', '學者', '稗田禮二郎', '化身', '追隨', '腳步', '塚本合', '鐵男 2', '東西', '深谷陽', '漫畫家', '高濱幹', '卡美拉', '造型師', '織田', '電影', '特效', '領域', '怪談比留子', '打造', '生物感', '怪物', '傑作', '世代', '影迷', '夢魘', '怪談比留子', '展示', '機械', '道具', '人臉', '時間', '拉回', '漫畫家', '新人', '作品', '生物', '都市', '集英社主辦', '塚獎', '描述', '太空', '人在木星', '地球', '引發', '浩劫', '故事', '人體', '機械', '融合', '景象', '奇想', '恐怖片', '情懷', '新秀', '連載', '妖怪獵人', '妖怪', '世界觀', '歷史', '實與', '科幻', '題材', '讀者', '讀者', '恐怖片', '鐵男', '出道作', '生物', '都市', '塚本', '年齡', '身體', '空間', '變異', '興趣', '作品', '創意', '事實', '生物', '都市', '啟發', '創作', '電線桿', '男孩', '小僧', '鐵男', '靈感', '鐵男', '主角', '肉體', '金屬', '融合', '怪物', '節奏', '攝影', '展開', '高壓', '視覺', '風格', '描述', '口吻', '成績', '片商', '塚本', '搭上', '小品', '恐怖片', '列車', '接下', '妖怪', '獵人', '喜劇', '比留子', '大任', '塚本', '演員', '正宗哥吉拉', '飾演', '留子', '稗田禮二郎', '塚本', '故事', '詮釋', '方式', '織田尚', '設計', '怪物', '造型', '妖怪', '獵人', '書迷', '主角稗田禮二郎', '追蹤', '妖怪', '地球', '萬物分庭抗禮', '生命體', '自然', '影子', '道路', '隱匿', '歷史', '生活', '夾縫', '模樣', '印象', '氛圍', '妖怪獵人', '序章', '黑衣', '黒い', '探求者', '留子', '文字', '器皿', '紋路', '手腳', '塚本取材', '章節', '赤い唇）裡', '嘴唇', '生物', '學生', '月島令子', '獵物', '殺害', '織田', '製作', '怪物', '道具', '原作', '參考', '塚本', '繪製', '概念圖', '塚本', '創作', '模式', '習慣性', '原作', '塚本在', '訪問', '比留子', '魚類', '鯨豚', '昆蟲', '異形', '綜合體', '海洋', '公園', '吉祥物', '童年', '印象', '美國', '恐怖片', '人頭比留子', '漫畫', '產物', '塚本', '視覺', '形象', '評論', '設計', '電影', '塚本繪製', '比留子', '設計圖', '怪談比留子', '參考', '生物', '造型', '原作', '神秘感', '電影', '模仿', '屍變', '人稱', '鏡頭', '拍出', '融合', '美日元素', '作品', '塚本更', '原著', '探奇', '路線', '鄉愁', '校園', '電影', '故事', '劇本', '考古', '學家', '尋找', '父親', '過程', '拯救', '初戀', '對象', '行動', '角色', '年齡', '變更', '協助', '觀者', '警報器', '抓妖', '舉止', '魔鬼', '剋星', '甘草人物', '飾演', '稗田', '澤田研二展現', '生涯', '突破性', '演出', '隱藏', '鎮壓', '巨星', '鋒芒', '原著', '角色', '落差', '正反', '評價', '背後', '苦衷', '塚本', '恐怖片', '傳奇', '演員', '岸田森', '岸田已', '開拍', '配合', '澤田', '修改', '劇本', '澤田', '演員', '接替', '志村健', '演出', '電影', '岸田森', '原作', '稗田禮二郎', '妖怪', '獵人', '原味', '劇本', '抓住', '作品', '精髓', '融合', '黑衣', '紅唇', '風格相', '經典', '保留', '月島令子', '角色', '氣息', '複雜面', '悲劇', '結尾', '留下', '讀者', '問題', '月島', '表面', '妖怪附身', '同學自相殘殺', '欺凌', '借用', '妖怪', '力量', '宣洩', '報復心', '權力', '渴望', '飾演', '上野惠', '深山凜', '畫面', '鏡頭', '嘴唇', '特寫', '情緒', '月島與比留子', '融合', '考古學家', '同學', '仰望', '遠眺', '人物', '想法', '害者人性', '比留子', '動機', '疑問', '觀眾', '解讀', '月島', '伴隨', '歌曲', '曲風', '搭配', '電影', '營造', '反差感', '月島', '本性', '怪談比留子', '片尾', '月島', '靈魂', '塚本', '短篇', '海龍祭', '海竜', '海蛇神', '安德', '天皇', '月島', '海龍', '結尾', '妖猿傳', '文化獎', '西域篇', '連載', '發表', '讀者', '織田尚', '藏書', '細節', '悟空', '加上', '塚本', '織田', '設計', '人頭蜘蛛', '事實', '原著', '看法', '舉動', '代替', '千言萬語', '織田', '稗田禮二郎', '亡妻', '罪惡感', '日本', '恐怖', '片史', '寫下', '特效藝術家', '找到', '內心', '織田尚', '拿到', '留子', '化妝師', '蜘蛛', '電影', '怪談比留子', '修復版', '銀幕']|[('塚本', 10), ('織田', 8), ('電影', 7), ('怪物', 6), ('生物', 6), ('融合', 6), ('怪談比留子', 6), ('妖怪', 6), ('作品', 5), ('恐怖片', 5), ('月島', 5), ('稗田禮二郎', 4), ('讀者', 4), ('比留子', 4), ('原作', 4), ('高濱幹', 3), ('鏡頭', 3), ('演出', 3), ('描述', 3), ('都市', 3), ('故事', 3), ('鐵男', 3), ('獵人', 3), ('演員', 3), ('飾演', 3), ('留子', 3), ('織田尚', 3), ('設計', 3), ('原著', 3), ('劇本', 3), ('角色', 3), ('工作', 2), ('房間', 2), ('深谷', 2), ('咖嚓', 2), ('時間', 2), ('內容', 2), ('導演', 2), ('人體', 2), ('完成', 2), ('蜘蛛', 2), ('男孩', 2), ('漫畫家', 2), ('機械', 2), ('道具', 2), ('地球', 2), ('連載', 2), ('妖怪獵人', 2), ('歷史', 2), ('年齡', 2), ('事實', 2), ('創作', 2), ('視覺', 2), ('造型', 2), ('印象', 2), ('黑衣', 2), ('嘴唇', 2), ('月島令子', 2), ('參考', 2), ('岸田森', 2), ('澤田', 2), ('結尾', 2), ('富山縣', 1), ('旅館', 1), ('噴槍', 1), ('保鮮膜', 1), ('顏料', 1), ('溶劑', 1), ('人頭', 1), ('同伴', 1), ('臉色', 1), ('睡眠', 1), ('捧起', 1), ('頭顱', 1), ('端詳', 1), ('撥弄', 1), ('遙控器', 1), ('馬達', 1), ('面前', 1), ('腹部', 1), ('朝天', 1), ('甲殼', 1), ('動物', 1), ('螃蟹', 1), ('臟器', 1), ('挪動', 1), ('小時', 1), ('拼裝好', 1), ('外景用', 1), ('校舍', 1), ('走廊', 1), ('地板', 1), ('塚本晉', 1), ('要求', 1), ('尾部', 1), ('頭部', 1), ('切斷', 1), ('偽裝用', 1), ('衝刺', 1), ('生態', 1), ('系統', 1), ('東寶片廠', 1), ('巢穴', 1), ('拍攝', 1), ('現場', 1), ('人員', 1), ('土法煉鋼', 1), ('精神', 1), ('發揮到', 1), ('極致', 1), ('遙控飛機', 1), ('電子', 1), ('玩偶', 1), ('線控人偶', 1), ('精力', 1), ('烈焰', 1), ('人面', 1), ('塚本組的', 1), ('三劍客', 1), ('目錄', 1), ('高濱', 1), ('建立', 1), ('情誼', 1), ('參與', 1), ('自傳', 1), ('塚本宛', 1), ('學者', 1), ('化身', 1), ('追隨', 1), ('腳步', 1), ('塚本合', 1), ('鐵男 2', 1), ('東西', 1), ('深谷陽', 1), ('卡美拉', 1), ('造型師', 1), ('特效', 1), ('領域', 1), ('打造', 1), ('生物感', 1), ('傑作', 1), ('世代', 1), ('影迷', 1), ('夢魘', 1), ('展示', 1), ('人臉', 1), ('拉回', 1), ('新人', 1), ('集英社主辦', 1), ('塚獎', 1), ('太空', 1), ('人在木星', 1), ('引發', 1), ('浩劫', 1), ('景象', 1), ('奇想', 1), ('情懷', 1), ('新秀', 1), ('世界觀', 1), ('實與', 1), ('科幻', 1), ('題材', 1), ('出道作', 1), ('身體', 1), ('空間', 1), ('變異', 1), ('興趣', 1), ('創意', 1), ('啟發', 1), ('電線桿', 1), ('小僧', 1), ('靈感', 1), ('主角', 1), ('肉體', 1), ('金屬', 1), ('節奏', 1), ('攝影', 1), ('展開', 1), ('高壓', 1), ('風格', 1), ('口吻', 1), ('成績', 1), ('片商', 1), ('搭上', 1), ('小品', 1), ('列車', 1), ('接下', 1), ('喜劇', 1), ('大任', 1), ('正宗哥吉拉', 1), ('詮釋', 1), ('方式', 1), ('書迷', 1), ('主角稗田禮二郎', 1), ('追蹤', 1), ('萬物分庭抗禮', 1), ('生命體', 1), ('自然', 1), ('影子', 1), ('道路', 1)]|0.1178663450331736|"還淘氣地加上一隻塚本與織田設計的人頭蜘蛛 | 接下將《妖怪獵人》改編成恐怖喜劇《怪談比留子》的重責大任 | 《怪談比留子》聰明地融合〈黑衣探索者〉與〈紅唇〉這兩則風格相異的經典短篇"
電影專題/電影背後_2023-03-12_121|2023-03-12|《媽的多重宇宙》入圍最佳原創配樂！幕後的紐約電子樂鬼才，為每個宇宙打造 49 首近 2 小時配樂|電影專題|要駕馭兼顧科幻、動作、喜劇、驚悚類型的《媽的多重宇宙》配樂不容易，仔細聽原聲帶確實有這樣的能耐：〈This is Life〉從宇宙中心爆炸內心吶喊後，瞬間平復伴隨弦樂與女聲淡淡道出人生的無奈與樸實的幸福 ; 〈Wang Family Portrait〉則相反，以鋼琴為基底疊上嘎吱小提琴，最終加入合成器綻放諾大宇宙，在電影中溫馨時刻反覆出現，成為整部作品的主旋律 ; 〈The Fanny Pack〉貝斯快節奏粗暴地提醒觀眾正在看的是一部動作片。隨著《媽的多重宇宙》劇情帶到亞裔背景設定，實驗性質音樂滲入中國傳統樂器的蹤跡，幕後配樂團體 Son Lux 如上帝玩弄著多元宇宙中的音樂宇宙。內容目錄Son Lux 創團者 Ryan Lott 以自己的綽號在 2008 年創立「Son Lux」個人實驗性質音樂招牌，出版首張專輯《At War With Walls & Mazes》即獲得 NPR 最佳新人。2015 年邀請先前合作過的東非印第安血統吉他手 Rafiq Bhatia 以及亞裔鼓手 Ian Chang 加入成為現在的 Son Lux。擅長使用傳統樂器的不同彈奏方式建構實驗音樂，融合爵士音樂的隨性，被稱為紐約電子音樂鬼才。「丹丹導演」本來就是 Son Lux 的粉絲，表示常常受到他們的啟發，早在 2019 年秋天就聯繫了他們加入電影計畫，此時劇本已構思 6 年，Son Lux 認為是「愛的勞動」大受感動加入，當時僅有劇本未拍攝任何素材，與一般後期才加入製作的方式不同，對 Son Lux 是一大挑戰。左起：鼓手 Ian Chang、創團者 Ryan Lott、吉他手 Rafiq Bhatia。導演看上 Son Lux 三人不同特性，問他們「你如何為一百萬個宇宙寫音樂？」為每個宇宙建立清晰的非常重要，希望看似不相關的東西聚集在一起，凝聚成統一的、有情感分量的配樂，就像為五部不同的電影配樂，但必須讓它融合成一部，需要既粗獷、險惡、詭譎，又甜美俏皮且溫馨的氛圍。Son Lux 看過劇本後，一致認為應該拿「駭客任務系列電影」作為參考，尤其第一部曲，從劇本結構來看這兩部電影有很多相似之處，大膽猜測這絕對是導演 Daniels 在創作《媽的多重宇宙》時的靈感。《駭客任務》配樂師唐戴維斯反其道而行使用傳統管弦樂，而非大量電子樂建構出科幻基調，這不僅與 Son Lux 一直以來的創作理念吻合，也很大程度決定了《媽的多重宇宙》作曲走向。Son Lux 為《媽的多重宇宙》製作 49 首、近兩小時的原創音樂，在電影中有超過 100 個 movie cue（音樂落下與結束的時間點）。許多人認為每一個宇宙都只有一閃而過的畫面，幾秒鐘的音樂應該不需要龐大的工作，但實際上這需要大量的組合與建構。Son Lux 認為他們不止是為一個大宇宙配樂，而是為每個宇宙、角色、關係、感情做配樂，不同宇宙的音樂要不同，但都要能收斂，在不同的宇宙中也要以某種方式讓音樂跟隨相同角色。他們最後決定在不同的宇宙遵循相同簡單主題，用每個宇宙的幾秒旋律拼出宇宙主題性的總和。《媽的多重宇宙》原聲帶黑膠版封面。《媽的多重宇宙》原聲帶黑膠版內頁。《媽的多重宇宙》原聲帶黑膠版封底。Son Lux 認為《媽的多重宇宙》雖然故事是以荒誕的喜劇方式切入，但劇情走向從來沒有偏離核心真正美麗的主題，亦即主角穿梭各個宇宙進行生命的救贖，以及對價值的選擇，這是電影最出色的部分，若配樂再用荒誕的曲調去搭配，會破壞電影表面下真正發生的事情！例如：在熱狗宇宙用腳撫摸臉頰，他們選擇用鋼琴設計出漣漪的聲音，像溫柔盛開的花朵，喚醒內核真正的感情。使用德布西〈月光〉作為反派包蒂垂的主題曲是導演的想法，Son Lux 的 Ryan Lott 一開始認為是愚蠢的想法，但在吉他手 Rafiq Bhatia 的引領下，將這樣溫柔、甜美田園詩般的樂曲應用地相當好，成果與 Ryan Lott 想要用反主流概念來完成包蒂垂相關配樂的想法意外吻合，結果來看〈月光〉最後凸顯了包蒂垂和蓮的情誼，而不會有諷刺的意味，反而真誠。2：17 能聽到 Son Lux 用了鑼和鋁製的小提琴重新編曲德布西〈月光〉來呈現包蒂垂和蓮的打畫面改以鋼琴演奏德布西〈月光〉表現包蒂垂和蓮的情誼〈This is Life〉呈現「美麗、寧靜、憂鬱，但同時是解脫的氛圍」，Son Lux 找來歌手 Mitski 和 David Byrne 唱不同聲部，和聲後創造救贖的感覺 ; 與 Moses Sumney 合作〈Fence〉，歌聲漂浮於音樂之上，講述著想要給予愛但被誤解為控制的崩潰情緒 ;  André 3000 在〈Life Without You〉、〈The Boxcutter〉、〈Dog Fight〉和〈Pinky Fight〉中吹奏笛子加深配樂層次。更找來演唱《玩具總動員》：〈You’ve Got a Friend in Me〉的 Randy Newman 配音浣熊與演唱〈Now We’re Cookin’〉向皮克斯致敬。〈Now We’re Cookin’〉向皮克斯致敬。Son Lux 喜愛開發彈奏樂器彈奏的方式，在《媽的多重宇宙》中，使用中國排鼓與鑼，不僅作為打擊樂使用，也利用電腦音樂工程切碎音軌合成進各個曲目中。德布西〈月光〉用了鑼和鋁製的小提琴重新編曲。合作音樂家 André 3000 吹奏笛子的部分則測試過 15 支不同的馬雅長笛，一般這種笛子是陶土做的，但他們使用雪松，將音樂向外推送地更廣，塑造出宇宙的空間感。左起：Mitski、André 3000、David Byrne。Son Lux 憑藉《媽的多重宇宙》多元樂風首次問鼎奧斯卡：〈This is Life〉入圍最佳原創歌曲，而整張專輯則入圍最佳原創音樂，是否能挾帶該片在好萊塢引起的炫風的氣勢，頭一次入圍就抱回獎項呢？讓我們拭目以待！|https://news.agentm.tw/250375/|https://news.agentm.tw/wp-content/uploads/cover-2-206-390x219.jpg|['駕馭', '兼顧', '動作', '喜劇', '類型', '宇宙', '配樂', '原聲', '能耐', '宇宙', '中心', '內心', '伴隨弦樂', '女聲', '人生', '鋼琴', '基底', '提琴', '加入', '合成器', '綻放', '諾大', '宇宙', '電影', '時刻', '作品', '主旋律', '貝斯快', '節奏', '觀眾', '動作片', '宇宙', '劇情帶到', '亞裔', '背景', '設定', '性質', '音樂', '樂器', '蹤跡', '配樂', '團體', '上帝', '宇宙', '音樂', '宇宙', '內容', '目錄', '創團者', '綽號', '創立', '性質', '音樂', '招牌', '出版', '專輯', '新人', '邀請', '東非', '印第安血統', '吉他手', '亞裔', '鼓手', '加入', '使用', '樂器', '方式', '建構', '融合爵士', '音樂', '紐約', '電子', '音樂', '鬼才', '丹丹', '導演', '粉絲', '聯繫', '加入', '電影', '計畫', '劇本', '勞動', '加入', '劇本', '拍攝', '加入', '製作', '方式', '挑戰', '鼓手', '創團者', '吉他手', '導演', '特性', '宇宙', '音樂', '宇宙', '建立', '東西', '分量', '配樂', '電影', '配樂', '氛圍', '劇本', '駭客', '任務', '系列', '電影', '參考', '劇本', '結構', '電影', '導演', '創作', '宇宙', '靈感', '駭客', '任務', '配樂師', '唐戴維斯', '使用', '管弦樂', '電子樂', '建構出', '創作', '理念', '程度', '宇宙', '宇宙', '製作', '小時', '音樂', '電影', '音樂', '時間點', '宇宙', '畫面', '音樂', '工作', '宇宙', '角色', '關係', '感情', '宇宙', '音樂', '宇宙', '方式', '音樂', '跟隨', '角色', '宇宙', '主題', '宇宙', '旋律', '拼出', '宇宙', '題性', '總和', '宇宙', '聲帶', '封面', '媽的', '宇宙', '聲帶', '媽的', '宇宙', '宇宙', '故事', '喜劇', '方式', '劇情', '核心', '主題', '主角', '宇宙', '進行', '生命', '救贖', '價值', '選擇', '電影', '配樂', '曲調', '搭配', '破壞', '電影', '表面', '事情', '熱狗', '宇宙', '選擇', '鋼琴', '設計出', '漣漪', '聲音', '花朵', '喚醒', '感情', '使用', '德布西', '月光', '反派包蒂垂', '主題曲', '導演', '想法', '想法', '吉他手', '引領', '田園', '樂曲', '應用', '成果', '主流', '概念', '完成', '包蒂垂', '配樂', '意外', '月光', '包蒂', '情誼', '諷刺', '意味', '小提琴', '德布西', '月光', '包蒂垂和', '畫面', '鋼琴', '演奏', '德布西', '月光', '表現', '包蒂垂和蓮', '情誼', '解脫', '氛圍', '找來', '歌手', '聲部', '創造救贖', '感覺', '歌聲', '音樂', '控制', '情緒', '吹奏', '笛子', '層次', '找來', '演唱', '浣熊', '演唱', '皮克斯', '皮克斯', '開發', '彈奏', '樂器', '彈奏', '方式', '媽的', '宇宙', '使用', '中國', '排鼓', '打擊樂', '使用', '利用', '電腦', '音樂', '工程', '切碎', '音軌', '曲目', '德布西', '月光', '提琴', '音樂家', '吹奏', '笛子', '測試', '馬雅', '長笛', '笛子', '陶土', '使用', '雪松', '音樂', '推送', '塑造出', '宇宙', '空間感', '媽的', '宇宙', '問鼎', '奧斯卡：', '歌曲', '專輯則', '音樂', '好萊塢', '引起', '炫風', '氣勢', '抱回', '獎項']|[('宇宙', 27), ('音樂', 15), ('電影', 8), ('配樂', 6), ('使用', 6), ('加入', 5), ('方式', 5), ('月光', 5), ('導演', 4), ('劇本', 4), ('媽的', 4), ('德布西', 4), ('鋼琴', 3), ('樂器', 3), ('吉他手', 3), ('笛子', 3), ('喜劇', 2), ('提琴', 2), ('亞裔', 2), ('性質', 2), ('創團者', 2), ('鼓手', 2), ('製作', 2), ('氛圍', 2), ('駭客', 2), ('任務', 2), ('創作', 2), ('畫面', 2), ('角色', 2), ('感情', 2), ('主題', 2), ('聲帶', 2), ('選擇', 2), ('想法', 2), ('情誼', 2), ('找來', 2), ('吹奏', 2), ('演唱', 2), ('皮克斯', 2), ('彈奏', 2), ('駕馭', 1), ('兼顧', 1), ('動作', 1), ('類型', 1), ('原聲', 1), ('能耐', 1), ('中心', 1), ('內心', 1), ('伴隨弦樂', 1), ('女聲', 1), ('人生', 1), ('基底', 1), ('合成器', 1), ('綻放', 1), ('諾大', 1), ('時刻', 1), ('作品', 1), ('主旋律', 1), ('貝斯快', 1), ('節奏', 1), ('觀眾', 1), ('動作片', 1), ('劇情帶到', 1), ('背景', 1), ('設定', 1), ('蹤跡', 1), ('團體', 1), ('上帝', 1), ('內容', 1), ('目錄', 1), ('綽號', 1), ('創立', 1), ('招牌', 1), ('出版', 1), ('專輯', 1), ('新人', 1), ('邀請', 1), ('東非', 1), ('印第安血統', 1), ('建構', 1), ('融合爵士', 1), ('紐約', 1), ('電子', 1), ('鬼才', 1), ('丹丹', 1), ('粉絲', 1), ('聯繫', 1), ('計畫', 1), ('勞動', 1), ('拍攝', 1), ('挑戰', 1), ('特性', 1), ('建立', 1), ('東西', 1), ('分量', 1), ('系列', 1), ('參考', 1), ('結構', 1), ('靈感', 1), ('配樂師', 1), ('唐戴維斯', 1), ('管弦樂', 1), ('電子樂', 1), ('建構出', 1), ('理念', 1), ('程度', 1), ('小時', 1), ('時間點', 1), ('工作', 1), ('關係', 1), ('跟隨', 1), ('旋律', 1), ('拼出', 1), ('題性', 1), ('總和', 1), ('封面', 1), ('故事', 1), ('劇情', 1), ('核心', 1), ('主角', 1), ('進行', 1), ('生命', 1), ('救贖', 1), ('價值', 1), ('曲調', 1), ('搭配', 1), ('破壞', 1), ('表面', 1), ('事情', 1), ('熱狗', 1), ('設計出', 1), ('漣漪', 1), ('聲音', 1), ('花朵', 1), ('喚醒', 1), ('反派包蒂垂', 1), ('主題曲', 1), ('引領', 1), ('田園', 1), ('樂曲', 1), ('應用', 1), ('成果', 1), ('主流', 1), ('概念', 1), ('完成', 1), ('包蒂垂', 1), ('意外', 1), ('包蒂', 1), ('諷刺', 1), ('意味', 1), ('小提琴', 1), ('包蒂垂和', 1), ('演奏', 1), ('表現', 1), ('包蒂垂和蓮', 1), ('解脫', 1), ('歌手', 1), ('聲部', 1), ('創造救贖', 1), ('感覺', 1), ('歌聲', 1), ('控制', 1), ('情緒', 1), ('層次', 1), ('浣熊', 1), ('開發', 1), ('中國', 1), ('排鼓', 1), ('打擊樂', 1), ('利用', 1), ('電腦', 1), ('工程', 1), ('切碎', 1), ('音軌', 1), ('曲目', 1), ('音樂家', 1), ('測試', 1), ('馬雅', 1), ('長笛', 1), ('陶土', 1), ('雪松', 1), ('推送', 1), ('塑造出', 1), ('空間感', 1), ('問鼎', 1), ('奧斯卡：', 1), ('歌曲', 1), ('專輯則', 1), ('好萊塢', 1), ('引起', 1), ('炫風', 1), ('氣勢', 1), ('抱回', 1), ('獎項', 1)]|1.0|"Son Lux 認為他們不止是為一個大宇宙配樂 | Son Lux 為《媽的多重宇宙》製作 49 首、近兩小時的原創音樂 | Son Lux 認為《媽的多重宇宙》雖然故事是以荒誕的喜劇方式切入"
電影專題/電影背後_2023-02-20_122|2023-02-20|【電影背後】《華爾街之狼》上映 10 週年紀念：這部很黃很毒電影的重要 5 個數字|電影專題|2014 年奧斯卡頒獎典禮即將舉辦，馬丁史柯西斯執導、李奧納多狄卡皮歐主演的電影《華爾街之狼》，榮獲五項入圍。說實話這個數字並不算多，但《華爾街之狼》在那個頒獎夜也足夠令人驚訝：這部電影空手而回。它是史柯西斯近年來最有爭議的一部電影，也是製作過程最辛苦與複雜的一部電影，用一篇文章要講清這部電影的幕後故事是不可能的。如今，我們慶祝《華爾街之狼》上映十週年紀念，讓我們從以下幾個數字，來重溫這部太過複雜的電影。《華爾街之狼》內容目錄「我有許多綽號，有人叫我高登蓋柯（電影《華爾街》男主角）、唐科里昂（電影《教父》裡的教父）、凱薩索沙（電影《刺激驚爆點》裡的神秘黑幫老大），有人甚至稱呼我『國王』。但我最喜歡的稱呼，是『華爾街之狼』。」喬登貝爾福這不是你在許多自傳裡會看到的描述，你在真實生活裡可能也很難遇到這樣的人，會自詡是教父或貪婪至上的麥克道格拉斯。但是喬登貝爾福可以，這是他在 2007 年出版的自傳《華爾街之狼》裡的描述，而且不只這句話聽來很狂妄，事實上整本書都很狂妄，它讀起來甚至不太像是一本傳記，更像是發生在真實世界的奇幻小說，描述貝爾福如何在華爾街崛起、賺得盆滿缽滿、過著如何淫樂頹靡的好日子……讓人不禁神往股票經理人的工作。但讀者們可能只是神往而已，李奧納多狄卡皮歐卻決定要買下它。《華爾街之狼》不只皮卡丘，整個好萊塢都瘋狂了，他們求故事若渴，而一個把現實過得如此夢幻、然後又一夕崩塌的傢伙，現在把他的圓夢夢碎記整本寫好了，好萊塢各大片商當然要爭相搶奪喬登貝爾福的自傳，拍成一部現代拜金啟示錄。《華爾街之狼》還沒上市，好萊塢就引爆了競標大戰，最終的勝者是狄卡皮歐，他與華納影業合作，投下了一百萬美金的天價，購入了《華爾街之狼》的翻拍權。《華爾街之狼》狄卡皮歐相信，只有馬丁史柯西斯才能執導這部現代貪婪史詩，但儘管史柯西斯確實協助了劇本改編工作，但是一來史柯西斯手上還有另一個計畫在進行：正是他與狄卡皮歐合作的《隔離島》；二來華納影業對這個選擇也有點意見：史柯西斯很可能將《華爾街之狼》拍成一部長篇史詩（就像 167 分鐘片長的《紐約黑幫》一樣），在院線放映的收益自然下降。總而言之，史柯西斯與狄卡皮歐第 N 度合作的這個組合，並沒有成真。華納甚至想請雷利史考特來執導《華爾街之狼》，同樣沒有成真……但有趣的是，當時史考特的下一部電影，也是與狄卡皮歐合作的《謊言對決》。《華爾街之狼》總之，儘管貝爾福的自傳《華爾街之狼》在 2007 年出版，華納與狄卡皮歐也在 2007 年搶到版權，但是，這部電影距離誕生還有好幾年的光陰——後來華納失去了翻拍權，《華爾街之狼》開始流離失所，甚至流轉到了名不見經傳的小公司手上。最終，由派拉蒙與環球影業共同攜手全球發行，史柯西斯也正式成為了這部多災多難電影的導演。《華爾街之狼》不管你有多喜歡《華爾街之狼》這部電影，全世界最熱愛《華爾街之狼》的人，應該只能是喬納希爾。當他得知史柯西斯最終兜兜轉轉還是回來執導這部電影，他立刻決定這部電影絕不能少了自己。事實上，他早從史柯西斯開始改編劇本的時期，就時常「關心」史柯西斯的進度；他先與狄卡皮歐見面，並且準備了整套說詞，要說服小李子為什麼自己是全天下最適合演這部電影的人；而為了出生自紐約、拍了一堆紐約電影、主要工作據點也都在紐約的史柯西斯，希爾更千里迢迢飛越整個美國去紐約，他不想跪在地上懇求大導演讓他演戲，於是準備好了整套讀劇表演，在史柯西斯演獨角戲。《華爾街之狼》喬納希爾的熱誠在錄取之後更加猛烈：當劇本要他的角色吞下一條活金魚，希爾二話不說就同意了。但是礙於動物保護協會的監督，他只能將金魚含在口中幾秒鐘，等攝影機拍完之後再拿出來——他原本已經準備好讓金魚直達胃酸。而希爾還真的做到了，不過，不幸被他含住的那條金魚，可能是驚嚇過度，在希爾的粉紅舌床上挫了屎，因此……希爾免不了吞了一點金魚屎。《華爾街之狼》另一個例子，當硬漢強柏恩瑟飾演的布萊德，需要狠揍希爾飾演的唐尼一拳時，史柯西斯對伯恩瑟的揮拳借位效果很不滿意，他詢問喬納希爾願不願意真的在臉上挨一拳，而希爾還竟然同意了——這是一個唐尼突然被揍的畫面，代表希爾無法先舉起手來做任何防備。我們不確定強柏恩瑟是否拿出他在演《漫威制裁者》時的猛勁，但看來他的拳頭是真的很猛……喬納希爾為電影製作的假牙，當場爆飛。《華爾街之狼》這麼長的期待、這麼辛苦的拍片過程，最終喬納希爾獲得了 6 萬美金的薪水……而且這還是稅前的金額，還要扣稅、加上扣掉給經紀人的傭金之後，才是希爾在《華爾街之狼》賺到的薪水。2013 年，喬納希爾已經是個咖了，這種台幣一千萬都不到的薪水，幾乎連傭金都不夠。為什麼會這樣？原因很簡單，因為希爾實在太想演這部戲了，即便是無酬演出，他也心甘情願……事實上，6 萬美金是經紀事務所要求的「演員最低薪資」，電影公司再怎麼省，薪水都一定要到達這個數字。喬納希爾表示：《華爾街之狼》「我願意賣掉自己的房子，把所有錢都給他（馬丁史柯西斯），藉以換得跟他一起工作的機會。這樣的電影，不是我拿來賺錢用的。我可以拍《龍虎少年隊》或其他電影去賺錢付房貸，但我願意傾其所有去換一個跟他合作的機會，而且如果還有下一次，我一樣願意這樣做。這跟錢一點關係都沒有，只是做我真心喜歡的工作而已。」|https://news.agentm.tw/248609/|https://news.agentm.tw/wp-content/uploads/cover-2-173-390x219.jpg|['奧斯卡', '典禮', '舉辦', '馬丁史柯西斯', '執導', '李奧納多狄卡皮歐', '主演', '電影', '華爾街', '實話', '數字', '華爾街之', '電影', '史柯西斯', '爭議', '電影', '製作', '過程', '電影', '文章', '電影', '幕後', '故事', '華爾街', '紀念', '數字', '電影', '華爾街', '內容', '目錄', '綽號', '高登蓋柯', '電影', '華爾街', '主角', '唐科里昂', '電影', '教父', '教父', '凱薩索沙', '電影', '刺激', '驚爆', '國王', '稱呼', '華爾街', '喬登貝爾福', '自傳', '描述', '生活', '遇到', '教父', '麥克道格拉斯', '喬登貝爾福', '出版', '自傳', '華爾街之狼', '描述', '事實', '世界', '小說', '描述', '貝爾福', '華爾街', '缽滿', '日子', '股票', '經理人', '工作', '讀者', '李奧納多狄卡皮歐', '買下', '華爾街', '皮卡丘', '好萊塢', '故事', '現實', '夢幻', '傢伙', '夢碎', '寫好', '好萊塢', '片商', '搶奪', '喬登貝爾福', '自傳', '拜金', '啟示', '華爾街', '好萊塢', '引爆', '大戰', '狄卡皮歐', '華納', '影業', '投下', '美金', '天價', '購入', '華爾街', '翻拍權', '華爾街', '狄卡皮歐', '馬丁史柯西斯', '執導', '史詩', '史柯西斯', '協助', '劇本', '工作', '史柯西斯', '計畫', '進行', '狄卡皮歐', '隔離島', '華納', '影業', '選擇', '意見', '史柯西斯', '華爾街', '史詩', '紐約黑幫', '院線', '放映', '收益', '史柯西斯', '狄卡皮歐第', '組合', '華納', '雷利史考特', '華爾街之狼》', '史考特', '電影', '狄卡皮歐', '華爾街之狼', '貝爾福', '自傳', '華爾街之狼》', '出版', '華納', '狄卡皮歐', '搶到', '版權', '電影', '誕生', '光陰', '華納', '拍權', '華爾街', '經傳', '公司', '派拉蒙', '影業', '全球', '發行', '史柯西斯', '災多難', '電影', '導演', '華爾街', '華爾街之', '電影', '世界', '華爾街', '喬納希爾', '史柯西斯', '執導', '電影', '電影', '事實', '史柯西斯', '改編', '劇本', '時期', '史柯西斯', '進度', '狄卡皮歐', '準備', '說詞', '李子', '天下', '電影', '紐約', '紐約', '電影', '工作', '據點', '紐約', '史柯西斯', '希爾', '美國', '紐約', '地上', '導演', '準備好', '讀劇', '表演', '史柯西斯', '獨角戲', '華爾街之狼》', '喬納希爾', '熱誠在', '錄取', '劇本', '角色', '吞下', '金魚', '希爾', '動物', '保護', '協會', '金魚含', '攝影機', '拍完', '金魚直達胃', '希爾', '含住', '金魚', '驚嚇', '希爾', '粉紅', '舌床', '希爾', '金魚屎', '華爾街之狼', '例子', '硬漢強柏恩瑟', '飾演', '布萊德', '希爾', '飾演', '唐尼', '史柯西斯', '伯恩瑟', '效果', '喬納', '希爾', '希爾', '唐尼', '畫面', '希爾', '強柏恩瑟', '拿出', '威制裁', '猛勁', '拳頭', '喬納希爾', '電影', '製作', '假牙', '華爾街', '過程', '喬納希爾', '薪水', '稅前', '金額', '扣掉', '經紀人', '傭金', '希爾', '華爾街之', '薪水。', '喬納希爾', '台幣', '薪水', '原因', '希爾', '酬演出', '事實', '金是', '事務', '演員', '薪資', '電影', '公司', '薪水', '數字', '喬納希爾', '華爾街之狼', '賣掉', '房子', '馬丁', '史柯西斯', '機會', '電影', '拿來', '賺錢', '龍虎', '少年隊', '電影', '機會', '關係', '工作']|[('電影', 21), ('華爾街', 15), ('史柯西斯', 13), ('希爾', 11), ('狄卡皮歐', 6), ('喬納希爾', 6), ('華納', 5), ('自傳', 4), ('華爾街之狼', 4), ('工作', 4), ('紐約', 4), ('執導', 3), ('數字', 3), ('華爾街之', 3), ('教父', 3), ('喬登貝爾福', 3), ('描述', 3), ('事實', 3), ('好萊塢', 3), ('影業', 3), ('劇本', 3), ('華爾街之狼》', 3), ('薪水', 3), ('馬丁史柯西斯', 2), ('李奧納多狄卡皮歐', 2), ('製作', 2), ('過程', 2), ('故事', 2), ('出版', 2), ('世界', 2), ('貝爾福', 2), ('史詩', 2), ('公司', 2), ('導演', 2), ('金魚', 2), ('飾演', 2), ('唐尼', 2), ('機會', 2), ('奧斯卡', 1), ('典禮', 1), ('舉辦', 1), ('主演', 1), ('實話', 1), ('爭議', 1), ('文章', 1), ('幕後', 1), ('紀念', 1), ('內容', 1), ('目錄', 1), ('綽號', 1), ('高登蓋柯', 1), ('主角', 1), ('唐科里昂', 1), ('凱薩索沙', 1), ('刺激', 1), ('驚爆', 1), ('國王', 1), ('稱呼', 1), ('生活', 1), ('遇到', 1), ('麥克道格拉斯', 1), ('小說', 1), ('缽滿', 1), ('日子', 1), ('股票', 1), ('經理人', 1), ('讀者', 1), ('買下', 1), ('皮卡丘', 1), ('現實', 1), ('夢幻', 1), ('傢伙', 1), ('夢碎', 1), ('寫好', 1), ('片商', 1), ('搶奪', 1), ('拜金', 1), ('啟示', 1), ('引爆', 1), ('大戰', 1), ('投下', 1), ('美金', 1), ('天價', 1), ('購入', 1), ('翻拍權', 1), ('協助', 1), ('計畫', 1), ('進行', 1), ('隔離島', 1), ('選擇', 1), ('意見', 1), ('紐約黑幫', 1), ('院線', 1), ('放映', 1), ('收益', 1), ('狄卡皮歐第', 1), ('組合', 1), ('雷利史考特', 1), ('史考特', 1), ('搶到', 1), ('版權', 1), ('誕生', 1), ('光陰', 1), ('拍權', 1), ('經傳', 1), ('派拉蒙', 1), ('全球', 1), ('發行', 1), ('災多難', 1), ('改編', 1), ('時期', 1), ('進度', 1), ('準備', 1), ('說詞', 1), ('李子', 1), ('天下', 1), ('據點', 1), ('美國', 1), ('地上', 1), ('準備好', 1), ('讀劇', 1), ('表演', 1), ('獨角戲', 1), ('熱誠在', 1), ('錄取', 1), ('角色', 1), ('吞下', 1), ('動物', 1), ('保護', 1), ('協會', 1), ('金魚含', 1), ('攝影機', 1), ('拍完', 1), ('金魚直達胃', 1), ('含住', 1), ('驚嚇', 1), ('粉紅', 1), ('舌床', 1), ('金魚屎', 1), ('例子', 1), ('硬漢強柏恩瑟', 1), ('布萊德', 1), ('伯恩瑟', 1), ('效果', 1), ('喬納', 1), ('畫面', 1), ('強柏恩瑟', 1), ('拿出', 1), ('威制裁', 1), ('猛勁', 1), ('拳頭', 1), ('假牙', 1), ('稅前', 1), ('金額', 1), ('扣掉', 1), ('經紀人', 1), ('傭金', 1), ('薪水。', 1), ('台幣', 1), ('原因', 1), ('酬演出', 1), ('金是', 1), ('事務', 1), ('演員', 1), ('薪資', 1), ('賣掉', 1), ('房子', 1), ('馬丁', 1), ('拿來', 1), ('賺錢', 1), ('龍虎', 1), ('少年隊', 1), ('關係', 1)]|0.999999999999996|"馬丁史柯西斯執導、李奧納多狄卡皮歐主演的電影《華爾街之狼》 | 《華爾街之狼》不管你有多喜歡《華爾街之狼》這部電影 | 二來華納影業對這個選擇也有點意見：史柯西斯很可能將《華爾街之狼》拍成一部長篇史詩（就像 167 分鐘片長的《紐約黑幫》一樣）"
電影專題/電影背後_2023-01-17_123|2023-01-17|【電影背後】《魔女嘉莉》那場血腥舞會上的受害者，原本都有機會成為《星際大戰》裡的反抗軍英雄|電影專題|那個時候，絕大多數的人，都還不知道有一部劇情發生在很久很久以前，遙遠的銀河系裡的太空歌劇電影《星際大戰》，正在默默地籌拍當中。那個時候，絕大多數的人，就算曾經在書店裡看過《魔女嘉莉》這本小說的平裝本，也因為封面上根本沒有印出書名與作者是誰，因此對於史蒂芬金這個新進作家的名字，沒有留下半點印象。那個時候，是 1975 年 8 月，也就是《星際大戰》與《魔女嘉莉》這兩部看似無關，就連電影公司也各自不同的作品，竟然合併起來，一同舉辦選角試鏡會的時刻。內容目錄這兩部片的導演，分別是原本便為好友的喬治盧卡斯與布萊恩狄帕瑪。由於《星際大戰》與《魔女嘉莉》主要角色所需的演員年齡層十分接近，再加上雙方都想盡量節省製作費用（《星際大戰》一開始的成本是 800 萬美金，《魔女嘉莉》則僅有 180 萬），因此在討論過後，這才決定以這種方式一同選角。這一場聯合試鏡，以《星際大戰》的角色優先，等盧卡斯決定好名單後，再由狄帕瑪選出《魔女嘉莉》的角色，因此也讓《魔女嘉莉》裡的演員，其實在試鏡階段，確實曾有機會成為日後我們所熟悉的那些反抗軍英雄們。也因為如此，現在回頭去看這兩部電影的選角過程，則成了一件十分有趣的事。一開始，對黑澤明無比推崇的盧卡斯，其實曾想找三船敏郎來飾演歐比王肯諾比，就連艾爾帕西諾，也曾被邀約扮演韓索羅一角。至於莉亞公主的角色，在較為初期時，則設定為年紀更輕的女孩，因而也使茱蒂佛斯特一度雀屏中選，只是由於她的年紀太小，工作時間被勞動法規所嚴格限制，這才讓盧卡斯只得往上調整莉亞公主的年齡，並於那場試鏡會中一併選角。在試鏡會的第一個階段，其實有許多後來十分出名的演員參與試鏡，像是尼克諾特與席維斯史特龍都曾爭取過韓索羅一角，至於莉亞公主這邊的競爭者，據稱則包括了雪歌妮薇佛、葛倫克蘿絲與梅莉史翠普等人。其中最特別的，應該當屬西西史派克。當時史派克在她的丈夫鼓勵下，與大多數參與這場試鏡會的演員不同，打從一開始便將目標放在成本較低的《魔女嘉莉》身上，最後也成功說服了原本打算挑選其他演員的迪帕瑪。西西史派克在《魔女嘉莉》的演出不僅入圍了後來的奧斯卡最佳女主角，同時也為恐怖電影史帶來了一個令人難以忘懷的傑出角色。在第一階段的試鏡結束後，盧卡斯又於後來召回了將近 50 名演員進行第二階段試鏡，最後則從中挑出彼此看起來較為契合的人選，直接組成四個即將扮演路克天行者、莉亞公主與韓索羅的組合，以團體方式進行決選。其中一組人選，自然是後來從中勝出的馬克漢米爾、嘉莉費雪與哈里遜福特。馬克漢米爾與哈里遜福特搭檔的試鏡畫面：而這個組合也正如眾人所知，剛開始福特只是順便協助盧卡斯，在試鏡過程中幫忙念一下韓索羅的台詞而已。但最後，他反倒因為「反正也沒機會」的那種無所謂態度，意外抓住了韓索羅一角的個性特質，因此就這麼在明明沒有參與選角的情況下，自競爭激烈的選角過程中成為脫穎而出的黑馬。嘉莉費雪與哈里遜福特搭檔的試鏡畫面：至於另外的三組人選，也有相當有意思的兩個組合——在其中的一個組合裡，扮演韓索羅的，是我們如今都已十分熟悉，光是聲音便足以讓人辨識出來的演技派老將克里斯多夫華肯，至於扮演莉亞公主的，則是日後成為柏林合唱團 (Berlin) 主唱，並演唱了《捍衛戰士》主題曲〈Take My Breath Away〉的泰芮努恩。泰芮努恩的試鏡畫面：而在另一個組合中擔任路克的，則是後來被迪帕瑪相中，在《魔女嘉莉》裡扮演答應女友要求，因此邀請嘉莉參加學校舞會的陽光男孩威廉凱特。至於與他搭檔的韓索羅人選，則是後來與約翰卡本特展開一連串合作，因而透過《突變第三型》與《紐約大逃亡》等片，讓觀眾留下深刻印象的寇特羅素。威廉凱特與寇特羅素搭檔的試鏡畫面：當然，後來在《魔女嘉莉》裡，試圖幫嘉莉建立自信的艾米歐文，以及霸凌嘉莉，日後在《機器戰警》中也有出色表現的南茜艾倫，自然也曾與眾人競逐過莉亞公主這個角色，然後又紛紛在《魔女嘉莉》中，扮演了個性截然不同的重要人物。艾米歐文的試鏡畫面：而從如今的角度來看，不管是西西史派克的嘉莉、馬克漢米爾的路克、嘉莉費雪的莉亞，以及哈里遜福特的韓索羅，都已經成為了影史上再經典不過的知名選角，因此也讓人難以想像他們被取代的可能性。但在當時，確實一度曾有那樣的可能，讓《魔女嘉莉》裡那場血腥舞會的受害者們，變成與邪惡帝國抗爭的銀河英雄，而那些英雄角色，則可能會在原本熱鬧歡騰的校園舞會上，迎接那個駭人的血腥結局到來。別的不說，其實光是想像一下莉亞公主變成西西史派克，而嘉莉費雪則演出那個與她同名的超能力少女，似乎也就足夠有趣了，不是嗎？|https://news.agentm.tw/246350/|https://news.agentm.tw/wp-content/uploads/template-313-390x219.png|['時候', '劇情', '銀河系', '太空', '歌劇', '電影', '星際', '大戰', '籌拍', '時候', '書店', '魔女', '嘉莉', '小說', '平裝本', '封面', '印出', '書名', '作者', '史蒂芬金', '作家', '名字', '留下', '印象', '時候', '星際大戰', '魔女嘉莉', '電影', '公司', '作品', '合併起來', '選角', '試鏡會', '時刻', '內容', '目錄', '導演', '好友', '喬治盧卡斯', '布萊恩狄帕瑪', '星際大戰', '魔女嘉莉', '角色', '演員', '層十', '製作', '費用', '星際', '大戰', '成本', '魔女嘉莉', '方式', '選角', '試鏡', '星際', '大戰', '角色', '盧卡斯', '名單', '狄帕瑪', '選出', '魔女嘉莉', '角色', '魔女', '嘉莉', '演員', '階段', '機會', '反抗軍英雄們', '電影', '黑澤明', '盧卡斯', '三船敏郎', '飾演', '歐比王肯諾比', '艾爾帕西諾', '邀約', '扮演', '韓索羅', '一角', '莉亞', '公主', '角色', '年紀', '女孩', '茱蒂佛斯特', '年紀', '時間', '勞動', '法規', '盧卡斯', '調整', '莉亞', '公主', '年齡', '試鏡會', '選角', '試鏡會', '階段', '演員', '參與', '尼克諾特', '席維斯史特', '爭取', '韓索羅一角', '莉亞', '公主', '雪歌妮薇佛', '倫克蘿絲', '梅莉史翠普', '西西史派克', '史派克', '丈夫', '參與', '試鏡會', '演員', '目標', '成本', '魔女嘉莉', '挑選', '演員', '迪帕瑪', '西西史派克', '魔女', '嘉莉', '演出', '奧斯卡', '女主角', '電影史', '帶來', '角色', '階段', '盧卡斯', '召回', '演員', '進行', '階段', '試鏡', '挑出', '人選', '扮演路克天行者', '公主', '韓索羅', '組合', '團體', '方式', '進行', '決選', '人選', '馬克漢米爾', '嘉莉費雪', '哈里遜福特', '馬克漢米爾', '哈里遜福特', '畫面', '組合', '福特', '協助', '盧卡斯', '過程', '幫忙', '韓索羅', '台詞', '機會', '態度', '抓住', '韓索羅', '一角', '個性', '特質', '參與', '情況', '競爭', '過程', '黑馬', '嘉莉費雪', '哈里遜福特', '畫面', '人選', '組合', '扮演', '韓索羅', '聲音', '辨識出來', '演技派', '克里斯多夫華肯', '扮演', '莉亞', '公主', '柏林', '合唱團', '主唱', '演唱', '捍衛', '戰士', '主題曲', '泰芮努恩', '泰芮努恩', '組合', '迪帕瑪', '相中', '魔女嘉莉', '扮演', '女友', '邀請', '嘉莉', '參加', '學校', '舞會', '陽光', '男孩', '威廉凱特', '韓索羅', '人選', '約翰卡本特', '展開', '紐約', '觀眾', '留下', '印象', '寇特羅素', '威廉凱特', '寇特羅素', '畫面', '嘉莉', '建立', '自信', '艾米歐文', '嘉莉', '機器', '戰警', '表現', '南茜艾倫', '眾人', '競逐', '莉亞', '公主', '角色', '嘉莉', '扮演', '個性', '人物', '艾米歐文', '畫面', '角度', '西西', '史派克', '嘉莉', '馬克漢米爾', '路克', '嘉莉費雪', '哈里遜', '福特', '韓索羅', '影史', '經典', '選角', '取代', '可能性', '魔女', '嘉莉', '舞會', '帝國', '銀河', '英雄', '英雄', '角色', '校園', '舞會', '迎接', '西西史派克', '嘉莉費雪', '演出', '超能力', '少女']|[('嘉莉', 9), ('角色', 7), ('韓索羅', 7), ('魔女嘉莉', 6), ('演員', 6), ('公主', 6), ('盧卡斯', 5), ('扮演', 5), ('莉亞', 5), ('魔女', 4), ('選角', 4), ('試鏡會', 4), ('階段', 4), ('人選', 4), ('組合', 4), ('嘉莉費雪', 4), ('畫面', 4), ('時候', 3), ('電影', 3), ('星際', 3), ('大戰', 3), ('參與', 3), ('西西史派克', 3), ('馬克漢米爾', 3), ('哈里遜福特', 3), ('舞會', 3), ('留下', 2), ('印象', 2), ('星際大戰', 2), ('成本', 2), ('方式', 2), ('試鏡', 2), ('機會', 2), ('一角', 2), ('年紀', 2), ('史派克', 2), ('迪帕瑪', 2), ('演出', 2), ('進行', 2), ('福特', 2), ('過程', 2), ('個性', 2), ('泰芮努恩', 2), ('威廉凱特', 2), ('寇特羅素', 2), ('艾米歐文', 2), ('英雄', 2), ('劇情', 1), ('銀河系', 1), ('太空', 1), ('歌劇', 1), ('籌拍', 1), ('書店', 1), ('小說', 1), ('平裝本', 1), ('封面', 1), ('印出', 1), ('書名', 1), ('作者', 1), ('史蒂芬金', 1), ('作家', 1), ('名字', 1), ('公司', 1), ('作品', 1), ('合併起來', 1), ('時刻', 1), ('內容', 1), ('目錄', 1), ('導演', 1), ('好友', 1), ('喬治盧卡斯', 1), ('布萊恩狄帕瑪', 1), ('層十', 1), ('製作', 1), ('費用', 1), ('名單', 1), ('狄帕瑪', 1), ('選出', 1), ('反抗軍英雄們', 1), ('黑澤明', 1), ('三船敏郎', 1), ('飾演', 1), ('歐比王肯諾比', 1), ('艾爾帕西諾', 1), ('邀約', 1), ('女孩', 1), ('茱蒂佛斯特', 1), ('時間', 1), ('勞動', 1), ('法規', 1), ('調整', 1), ('年齡', 1), ('尼克諾特', 1), ('席維斯史特', 1), ('爭取', 1), ('韓索羅一角', 1), ('雪歌妮薇佛', 1), ('倫克蘿絲', 1), ('梅莉史翠普', 1), ('丈夫', 1), ('目標', 1), ('挑選', 1), ('奧斯卡', 1), ('女主角', 1), ('電影史', 1), ('帶來', 1), ('召回', 1), ('挑出', 1), ('扮演路克天行者', 1), ('團體', 1), ('決選', 1), ('協助', 1), ('幫忙', 1), ('台詞', 1), ('態度', 1), ('抓住', 1), ('特質', 1), ('情況', 1), ('競爭', 1), ('黑馬', 1), ('聲音', 1), ('辨識出來', 1), ('演技派', 1), ('克里斯多夫華肯', 1), ('柏林', 1), ('合唱團', 1), ('主唱', 1), ('演唱', 1), ('捍衛', 1), ('戰士', 1), ('主題曲', 1), ('相中', 1), ('女友', 1), ('邀請', 1), ('參加', 1), ('學校', 1), ('陽光', 1), ('男孩', 1), ('約翰卡本特', 1), ('展開', 1), ('紐約', 1), ('觀眾', 1), ('建立', 1), ('自信', 1), ('機器', 1), ('戰警', 1), ('表現', 1), ('南茜艾倫', 1), ('眾人', 1), ('競逐', 1), ('人物', 1), ('角度', 1), ('西西', 1), ('路克', 1), ('哈里遜', 1), ('影史', 1), ('經典', 1), ('取代', 1), ('可能性', 1), ('帝國', 1), ('銀河', 1), ('校園', 1), ('迎接', 1), ('超能力', 1), ('少女', 1)]|6.705517724014953e-05|"嘉莉費雪與哈里遜福特搭檔的試鏡畫面：至於另外的三組人選 | 與大多數參與這場試鏡會的演員不同 | 最後則從中挑出彼此看起來較為契合的人選"
電影專題/電影背後_2023-01-11_124|2023-01-11|《詐團圓》隋棠的新娘服與陳淑芳的翡翠，是電影隱藏的魔鬼細節？客家豪門的繼承風雲，如何譜出台美兩地的親情詐騙──|電影專題|說到客家人，是不是第一個想法就是「節儉」、「刻苦」？2023 兔年推出的這部賀歲電影《詐團圓》裡，一反過往樸素形象，描述一個傳統的客家豪門，被來自唐人街的詐騙母子檔（隋棠／陳昊森 飾）盯上，決定瞞天過海，趕在家族女主人「MS. APPLE」（陳淑芳 飾）退休前，無中生有一個冒牌繼承人，加入爭奪遺產的行列！一場勾心鬥角，好笑又感人的詐騙團圓飯就此上演！那麼客家望族對上唐人街詐欺師，她們的穿著又有什麼特色呢？《詐團圓》電影海報。內容目錄隋棠婚後首次擔綱主角，挑戰飾演在舊金山唐人街長大的美女詐欺師「王芸」，靠魔術伎倆與美貌養育兒子成人。其中一場婚宴戲，隋棠藉由外貌跟七旬老翁上演假結婚真詐財，「兒子」陳昊森在台下耍牌技騙熟女，台上台下兩人默契十足合作無間。隋棠與陳昊森在《詐團圓》飾演一對「母子」，從美國行騙到台灣。在這場戲中，隋棠穿著中式婚服扮演美貌新娘。這種中式新娘服又被稱為「裙褂」，由清代禮服中上衣的馬褂與下身的馬面裙演變而來，在清代通常是黑色的褂與紅色的裙一起搭配。到現代則多為大紅色或是粉紅色為底，並一改傳統中式服裝寬袍大袖的剪裁，加入更多西洋修身的設計，呈現新娘美好婀娜的姿態。天資聰穎的隋棠學習魔術技巧時，憑著高超的領悟力全數一次到位，在劇組現場被封「台灣森川葵」。傳統的結婚裙褂又被稱為「龍鳳褂」，在紅底的婚服上以金銀線繡上龍鳳，象徵了吉祥如意與子孫成群的祝福，通常繡紋密度越高、越看不見紅色布料就越矜貴。而到近年來又開始流行起更多新穎的設計，像是這件來自臺灣高級訂製女裝品牌「龍笛 Londee」的「富貴吉祥新娘服」，在過往對襟的裙掛上，改良成旗袍合腰小包袖，不只以金銀繡線裝飾，更以大面積不同顏色的印花圖騰搭配，更顯年輕與活潑。隋棠在《詐團圓》為了施展騙術造型百變，以中式富貴吉祥新娘禮服現身，更有復古女伶、時尚貴婦、清潔員等各種裝扮吸睛亮相。這樣接近更旗袍的新式裙褂，不只更貼近年輕族群，事實上也非常受外國人歡迎，這樣的小細節也符合隋棠飾演的來自唐人街的角色。陳淑芳飾演的豪門女主人「MS. Apple」，年輕時是從閩南人家族嫁入客家望族的媳婦，也因此在電影中清一色使用客語的宅邸裡，唯有「MS. Apple」操著一口流利的台語。為什麼陳淑芳的角色被叫做「MS. Apple」呢？其實「Apple」，就是台語中的「阿婆」的諧音，這是兩家人語言在結合台美兩地的故事背景後，衍生出既傳統又可愛的尊稱。這段細膩而有趣的設定也表現在陳淑芳的首飾配件上，隋棠的角色用了很多閃亮的水鑽金銀，MS. Apple 則更多是翡翠、珍珠等低調的珠寶，透露著當家的不怒自威。陳淑芳飾演的豪門主人「MS. Apple」，以前是從閩南人家族嫁入客家望族的媳婦，位高權重的她散發著女當家的不怒自威。從清代開始，金銀就作為台灣的飾品之一，在連橫的《臺灣通史》書中更有提及，臺南所製作的銀花非常精美輕薄，連外國的女子都忍不住購買當作伴手禮。雖然金銀並非家家戶戶容易取得的貴金屬，但在早期臺灣，仍有不少像是打鐵街、打銀街、白金町的金屬工藝聚落。電影《詐團圓》是導演葉天倫繼《雞排英雄》、《大稻埕》的第三部賀歲片，由隋棠與金馬影后陳淑芳、億萬男星陳昊森等人共同出演而到了一九四九年國民政府來台時，由於物價波動極大，黃金背後的保值意義更為重要，因此許多逃難人口更將黃金視為保命符，甚至引發了搶購風潮；直到社會逐漸安定，並在 1971 年中華民國開放黃金進口後，黃金的買賣才漸趨平穩，並帶動臺灣的銀樓業。傳統的銀樓業多是做熟客與區域的生意，來購買的客人大多是為了典禮喜慶，相較於單純的買賣，更像是搏感情的過程。隨著時代演變，珠寶的購買也不僅限於銀樓，近年來也出現了不少專櫃新興品牌。像是本片《詐團圓》，為了重現客家豪門裡華麗的珠寶配飾，與「TRACEY CHEN 檀僖珠寶」選用高達 20 餘套的設計，為電影中的人物妝點風采。除了角色間精彩的對手戲，每個人的妝髮造型也絕對是這部片的一大看點！為了呈現《詐團圓》兩個家族、5 位女性的交鋒，品牌「TRACEY CHEN」躍上大銀幕，成為電影《詐團圓》美術細節的燦爛亮點。一場因「詐騙」而起的團圓飯，兩個家族的成員帶著各自心中盤算，彼此爾虞我詐、鬥智算計。其中的打扮、珠寶細節、語言，更是讓每個角色的設定更有玩味之處，堪稱是 2023 農曆年最有看頭的賀歲鉅片。《詐團圓》安排自 2023 年 1 月 20 日起全台灣上映，歡迎大家在新年期間一起和家人觀賞這部充滿計中計、笑中帶淚的賀歲電影吧！《詐團圓》海報。延伸閱讀 >> 過年看什麼？Netflix《孤味》《刻在》《返校》《同學麥娜絲》星光陣容「好台」齊拜年|https://news.agentm.tw/245987/|https://news.agentm.tw/wp-content/uploads/《詐團圓》客家豪門的繼承風雲，電影隱藏的魔鬼細節：隋棠的新娘服與陳淑芳的翡翠，如何譜出台美兩地的親情詐騙？-390x219.jpg|['客家人', '想法', '兔年', '推出', '電影', '過往', '形象', '描述', '客家', '豪門', '唐人', '母子檔', '隋棠', '陳昊森', '家族', '女主人', '陳淑芳', '無中', '繼承人', '加入', '爭奪', '遺產', '行列', '團圓', '客家', '望族', '詐欺', '穿著', '特色', '電影', '海報', '內容', '目錄', '隋棠', '主角', '舊金山', '唐人', '美女', '詐欺師', '王芸', '魔術', '伎倆', '美貌', '養育', '兒子', '成人', '婚宴', '外貌', '七旬', '老翁', '兒子', '陳昊森', '牌技騙', '熟女', '默契', '隋棠', '陳昊森', '飾演', '母子', '美國行騙', '台灣', '婚服', '扮演', '美貌', '新娘', '新娘服', '裙褂', '禮服', '上衣', '馬褂', '下身', '馬面裙', '黑色', '紅色', '搭配', '大紅色', '粉紅色為', '服裝', '大袖', '剪裁', '加入', '西洋', '設計', '新娘', '姿態', '天資', '學習', '魔術', '技巧', '領悟力', '劇組', '現場', '台灣', '森川葵', '結婚', '裙褂', '龍鳳褂', '婚服', '金銀線', '龍鳳', '子孫', '祝福', '繡紋', '密度', '紅色', '布料', '設計', '臺灣', '訂製', '女裝', '品牌', '龍笛', '富貴', '新娘服', '過往', '對襟', '裙掛', '旗袍', '金銀', '繡線', '裝飾', '顏色', '印花', '圖騰', '搭配', '隋棠', '施展', '騙術', '造型', '新娘', '禮服', '時尚貴婦', '清潔員', '裝扮', '接近', '裙褂', '族群', '事實', '外國人', '細節', '隋棠', '唐人', '角色', '陳淑芳', '飾演', '豪門', '主人', '閩南', '人家族', '客家望族', '媳婦', '電影', '使用', '客語', '宅邸', '台語', '陳淑芳', '角色', '台語', '阿婆', '諧音', '故事', '背景', '衍生出', '傳統', '尊稱', '表現', '陳淑芳', '首飾', '配件', '隋棠', '角色', '水鑽', '金銀', '翡翠', '珍珠', '珠寶', '陳淑芳', '飾演', '豪門', '主人', '閩南人', '家族', '客家望族', '媳婦', '權重', '散發', '金銀', '台灣', '飾品', '連橫', '臺灣', '通史', '臺南', '製作', '銀花', '外國', '女子', '購買', '伴手禮', '金銀', '家家', '戶戶容', '取得', '臺灣', '打鐵街', '打銀街', '白金町', '金屬', '工藝', '聚落', '電影', '導演', '葉天倫繼', '雞排', '英雄', '大稻埕', '歲片', '影后', '陳淑芳', '男星', '陳昊森', '出演', '國民', '政府', '物價', '黃金', '背後', '意義', '人口', '黃金', '引發', '搶購', '風潮', '社會', '中華民國', '開放', '黃金', '黃金', '買賣', '帶動', '臺灣', '銀樓業', '銀樓', '業多', '熟客', '區域', '生意', '購買', '客人', '典禮', '買賣', '感情', '過程', '時代', '珠寶', '銀樓', '專櫃', '品牌', '客家', '豪門', '珠寶', '配飾', '檀僖珠寶', '選用', '設計', '電影', '人物', '妝點', '風采', '角色', '對手戲', '妝髮', '造型', '看點', '家族', '女性', '品牌', '銀幕', '電影', '美術', '細節', '亮點', '團圓', '家族', '成員', '算計', '打扮', '珠寶', '細節', '語言', '角色', '鉅片', '台灣', '期間', '家人', '觀賞', '賀歲', '電影', '海報', '閱讀', '同學', '麥娜絲', '星光陣容']|[('電影', 7), ('隋棠', 6), ('陳淑芳', 6), ('角色', 5), ('豪門', 4), ('陳昊森', 4), ('家族', 4), ('台灣', 4), ('臺灣', 4), ('金銀', 4), ('珠寶', 4), ('黃金', 4), ('客家', 3), ('唐人', 3), ('飾演', 3), ('新娘', 3), ('裙褂', 3), ('設計', 3), ('品牌', 3), ('細節', 3), ('過往', 2), ('加入', 2), ('團圓', 2), ('海報', 2), ('魔術', 2), ('美貌', 2), ('兒子', 2), ('婚服', 2), ('新娘服', 2), ('禮服', 2), ('紅色', 2), ('搭配', 2), ('造型', 2), ('主人', 2), ('客家望族', 2), ('媳婦', 2), ('台語', 2), ('購買', 2), ('買賣', 2), ('銀樓', 2), ('客家人', 1), ('想法', 1), ('兔年', 1), ('推出', 1), ('形象', 1), ('描述', 1), ('母子檔', 1), ('女主人', 1), ('無中', 1), ('繼承人', 1), ('爭奪', 1), ('遺產', 1), ('行列', 1), ('望族', 1), ('詐欺', 1), ('穿著', 1), ('特色', 1), ('內容', 1), ('目錄', 1), ('主角', 1), ('舊金山', 1), ('美女', 1), ('詐欺師', 1), ('王芸', 1), ('伎倆', 1), ('養育', 1), ('成人', 1), ('婚宴', 1), ('外貌', 1), ('七旬', 1), ('老翁', 1), ('牌技騙', 1), ('熟女', 1), ('默契', 1), ('母子', 1), ('美國行騙', 1), ('扮演', 1), ('上衣', 1), ('馬褂', 1), ('下身', 1), ('馬面裙', 1), ('黑色', 1), ('大紅色', 1), ('粉紅色為', 1), ('服裝', 1), ('大袖', 1), ('剪裁', 1), ('西洋', 1), ('姿態', 1), ('天資', 1), ('學習', 1), ('技巧', 1), ('領悟力', 1), ('劇組', 1), ('現場', 1), ('森川葵', 1), ('結婚', 1), ('龍鳳褂', 1), ('金銀線', 1), ('龍鳳', 1), ('子孫', 1), ('祝福', 1), ('繡紋', 1), ('密度', 1), ('布料', 1), ('訂製', 1), ('女裝', 1), ('龍笛', 1), ('富貴', 1), ('對襟', 1), ('裙掛', 1), ('旗袍', 1), ('繡線', 1), ('裝飾', 1), ('顏色', 1), ('印花', 1), ('圖騰', 1), ('施展', 1), ('騙術', 1), ('時尚貴婦', 1), ('清潔員', 1), ('裝扮', 1), ('接近', 1), ('族群', 1), ('事實', 1), ('外國人', 1), ('閩南', 1), ('人家族', 1), ('使用', 1), ('客語', 1), ('宅邸', 1), ('阿婆', 1), ('諧音', 1), ('故事', 1), ('背景', 1), ('衍生出', 1), ('傳統', 1), ('尊稱', 1), ('表現', 1), ('首飾', 1), ('配件', 1), ('水鑽', 1), ('翡翠', 1), ('珍珠', 1), ('閩南人', 1), ('權重', 1), ('散發', 1), ('飾品', 1), ('連橫', 1), ('通史', 1), ('臺南', 1), ('製作', 1), ('銀花', 1), ('外國', 1), ('女子', 1), ('伴手禮', 1), ('家家', 1), ('戶戶容', 1), ('取得', 1), ('打鐵街', 1), ('打銀街', 1), ('白金町', 1), ('金屬', 1), ('工藝', 1), ('聚落', 1), ('導演', 1), ('葉天倫繼', 1), ('雞排', 1), ('英雄', 1), ('大稻埕', 1), ('歲片', 1), ('影后', 1), ('男星', 1), ('出演', 1), ('國民', 1), ('政府', 1), ('物價', 1), ('背後', 1), ('意義', 1), ('人口', 1), ('引發', 1), ('搶購', 1), ('風潮', 1), ('社會', 1), ('中華民國', 1), ('開放', 1), ('帶動', 1), ('銀樓業', 1), ('業多', 1), ('熟客', 1), ('區域', 1), ('生意', 1), ('客人', 1), ('典禮', 1), ('感情', 1), ('過程', 1), ('時代', 1), ('專櫃', 1), ('配飾', 1), ('檀僖珠寶', 1)]|2.6646684858633307e-11|"隋棠與陳昊森在《詐團圓》飾演一對「母子」 | 一場因「詐騙」而起的團圓飯 | 成為電影《詐團圓》美術細節的燦爛亮點"
電影專題/電影背後_2023-01-10_125|2023-01-10|《鋒迴路轉：抽絲剝繭》的玻璃洋蔥是什麼意思呢？ ——顛覆性的惡作劇與金玉其外敗絮其內|電影專題|《鋒迴路轉：抽絲剝繭》（Glass Onion: A Knives Out Mystery, 2022）是部幽默懸疑偵探電影，由雷恩強生編導，是 2019 年電影《鋒迴路轉》的續集，除了主角大偵探貝諾瓦白朗（Detective Benoit Blanc, 由丹尼爾克雷格飾演）之外，《抽絲剝繭》基本上與《鋒迴路轉》毫無關係，是個完全獨立的故事作品，而且非常具有時代感，因為故事剛好發生在 2020 疫情期間，角色們剛開始出現時，都必須戴著口罩，不過，戴著口罩、少了表情，電影就不夠有趣，於是故事非常有技巧地，透過奇怪的口腔噴液，讓即將前往富商私人小島群聚派對的角色們，都可以合理脫掉口罩。由 2019 第一次的《鋒迴路轉》，我們已經體會到導演強生的文字遊戲技巧，2022年的《抽絲剝繭》當然也暗藏各種文字遊戲，讓人拍案叫絕。《鋒迴路轉：抽絲剝繭》首先，在一群好友要進入富商邁爾斯布朗（Miles Bron，艾德華·諾頓 飾演）的神秘島嶼時，渡輪船長告訴他們，這座小島名叫伊陀思（Pisceshite），邁爾斯的御用科學家萊諾·杜桑（小萊斯利奧多姆 飾演）看著有水中隆起的玻璃雕像，驚訝地問，這是「班克斯（Banksy）」的作品嗎？原來，這兩座處在入口的玻璃雕像，宛若班克斯的《擲花者》。《鋒迴路轉：抽絲剝繭》《擲花者》內容目錄班克斯是位英國塗鴉藝術家，作品充滿顛覆性的諷刺意味，作品多位於城市的街道與牆壁上，創造藐視制度與破壞體制的黑色幽默。大眾對於班克斯的作品中，最為熟悉的應該有《手持氣球的女孩》（Girl With Balloon）與《蒙娜麗莎微笑》（Mona Lisa Smile），都是充滿挑釁與惡作劇意味的作品。（想想電影中的《蒙娜麗莎》，是否有相互輝映的奇妙暗示。）《蒙娜麗莎微笑》或許你會說，氣球女孩很溫馨，沒有挑釁意味呀。確實，《手持氣球的女孩》看起來充滿溫暖與愛，塗鴉畫家怎會拿一個純真小女孩開玩笑呢？於是，真正的挑釁不在畫面，而在思維，就在這幅畫登上蘇富比拍賣會之時。《手持氣球的女孩》在拍賣會上的《手持氣球的女孩》是班克斯本人的複製，他還為此裱框，讓這幅畫在拍賣會上，以 106 萬英鎊成交。只是，在落鎚底定之後沒多久，這幅畫作莫名其妙在畫框內自動下滑攪碎，化為一條條廢紙，現場讓人咋舌。班克斯自言道，這就是他為這幅畫的特別設計：他故意在畫框內設計一個碎紙機，一旦鎚聲落下，就會自動內卷碎紙。可惜，碎紙機當場當機，才會只碎一半，留下愛心氣球漂浮半空中。這幅被碎掉一半的畫，頓時成名，因為這是幅「在拍賣會現場自動創作的畫作」。於是，雖然《手持氣球的女孩》被碎掉一半，反而更有人氣，拍賣得更高價，後來還更名為《在垃圾桶裡的愛》（Love is in the Bin），在2018年以 1850 萬英鎊賣出。故事尚未進入小島，光是在前往小島的途中，我們已經看到導演強生在整部電影的主題伏筆：透過班克斯來呈現「顛覆性的惡作劇」。此外，這崩壞式的黑色幽默，也展現在希臘小島的名稱上——伊陀思（Pisceshite），乍看非常希臘風情，但是仔細拆解英文文字與發音，即會發現這個小島分明是「一陀屎」，“piece of shit”。《鋒迴路轉：抽絲剝繭》在這陀屎樣的小島上，富商邁爾斯自認非常有品味，使用各種高檔裝潢與絕世藝術品，還在島中裝飾有顆玻璃洋蔥，裡面擺放一輛匿名為 Baby Blue 的保時捷 Porshe 918 Spyder。把一顆晶鑽般的玻璃洋蔥放在一陀屎上面，一方面延續「顛覆性惡作劇」的主題，另一方面則是把富商邁爾斯與他的朋友們的真實面貌，透過「假裝真鑽的屎」作為暗示。《鋒迴路轉：抽絲剝繭》於是，隨著故事繼續前進，以及偵探白朗一路的解迷，我們最終會發現，原來邁爾斯與他的朋友們，都跟「屎島」上的玻璃洋蔥一模一樣，全部都是虛有其表的冒牌貨，他們的華麗高尚是種做作，現實反而是「金玉其外敗絮其內。」「玻璃洋蔥」不是導演強生首創，而是來自 1968 年的披頭四歌曲〈玻璃洋蔥〉，一首歌詞極為無厘頭的歌曲，內容讓人捉摸不定，約翰藍儂還將他們之前專輯歌曲中的「海象」「我是海象」「永遠的草莓園」等等，當成關鍵字放在〈玻璃洋蔥〉歌詞裡，然後藍儂解釋，確實沒什麼特別的意思，就是拼拼湊湊兜在一起，宛若一首詩。〈Glass Onion〉：為了致敬披頭四〈玻璃洋蔥〉所帶來的靈感，電影在故事結束的片尾曲，就是採用披頭四的這首歌曲。〈玻璃洋蔥〉歌曲中，除了無裡頭的拼貼之外，也有層層撥開的意思，這是藍儂與他的歌迷之間的遊戲。藍儂知道他的歌迷一定會仔細思量他的歌詞意義，會一層一層撥開他的歌詞，字字句句拆解，想要知道歌詞內部的核心之意。不過，〈玻璃洋蔥〉帶給歌迷的撥洋蔥遊戲，隨著拼湊出披頭四之前的歌名之外，大概只剩下迷惑。這是〈玻璃洋蔥〉所帶來的顛覆遊戲，解構自己歌曲在歌迷中的神話形象。強生的電影題名「玻璃洋蔥」，與藍儂的〈玻璃洋蔥〉一樣，也是個透過無厘頭的玩笑（屎上的鑽石），來解構自身神話的故事——富商只是騙子，名人都是幌子。原來，邁爾斯根本不是天才創業家，而他的四位好朋友們（州長、科學家、男權 Youtuber、服裝設計師）也都是含著邁爾斯金色奶水的機會主義者，雖然他們自稱他們的成功都是來自適時的破壞制度、創造先機（break the rules），但是「事實」是，他們藐視法律、製造偽證（break the law）。《鋒迴路轉：抽絲剝繭》好在有白朗偵探的出現，隨著他的抽絲剝繭，才能撥開這自稱社會精英與成功神話的爛洋蔥，層層解構邁爾斯創建的虛偽城堡，讓我們最後看見其內在的醜陋——偷竊智慧財產與殺人滅證。故事最有趣之處，也是導演強生的幽默，他讓邁爾斯的華麗玻璃皇宮，最後因為自己創造的危險新能源「潔氫」（Klear），而完全內爆炸毀，富商的醜陋內在不僅被掀開，甚且完全炸毀，徹底呼應導演強生事先設計好的故事主題：顛覆、諷刺、惡作劇。原本，邁爾斯想要透過謀殺派對來惡作劇整人，沒料到最後竟是他自己被整。歌手賈奈兒夢內在《抽絲剝繭》飾演雙胞胎姊妹——卡珊卓布蘭德和海倫．布蘭德——，這對姊妹的名字（卡珊卓與海倫，Cassandra and Helen）都是希臘神話中著名的絕世美女，卡珊卓是美女祭司預言家，海倫則是傾國傾城的神級美女，特洛伊戰爭即是因為海倫而起。《鋒迴路轉：抽絲剝繭》不過，強生導演的海倫，不是因為私奔而引發戰爭的弱女子，而是親自站上戰場，為爭取品牌（Brand，雙胞胎的姓氏）的勇氣女性。透過一層又一層的喬裝與詐死，宛若特洛伊戰爭在希臘方派出的木馬策略，總算，邁爾斯所有的陰謀都被破解，海倫也成功地完成「餐巾紙的公司爭奪權」、揭開富商虛偽的真面目、同時也為自己的姊姊復仇。《鋒迴路轉：抽絲剝繭》《抽絲剝繭》已經獲得美國國家評論協會在 2022 年的十大最佳電影之一，是部再看一次就會發現新細節的有趣電影，例如，到處都可以看到費波那契數列（Fibonacci），而那張關鍵餐巾紙，也就剛好是費式數列的核心，而這細節也是在呼應「洋蔥」主題。|https://news.agentm.tw/245820/|https://news.agentm.tw/wp-content/uploads/AAAABekeLR1_UTvm-LGCdAfnoJm8ghWkXLS8izpG3FQ9ok9fwONCMPKSy6iLZz82y9QqnSgbgBBJNw0DsROmZ3Ye3c0ERgCAp7yLMvy5-390x219.jpg|['幽默', '懸疑', '偵探', '電影', '雷恩', '強生', '編導', '電影', '續集', '主角', '偵探', '貝諾瓦白朗', '丹尼爾克雷格', '飾演', '基本', '關係', '故事', '作品', '時代感', '故事', '疫情', '期間', '角色', '口罩', '口罩', '表情', '電影', '故事', '技巧', '口腔', '噴液', '富商', '小島群', '角色', '脫掉', '導演', '強生', '文字', '遊戲技巧', '暗藏', '文字', '遊戲', '好友', '富商', '爾斯布朗', '諾頓 ', '飾演', '島嶼', '渡輪', '船長', '小島名', '伊陀思', '邁爾斯', '御用', '科學家', '萊諾', '杜桑', '萊斯利奧多姆 ', '飾演', '玻璃', '雕像', '班克斯', '作品', '入口', '玻璃', '雕像', '班克斯', '擲花', '擲花者', '內容', '目錄', '班克斯', '英國', '藝術家', '作品', '顛覆性', '意味', '作品', '城市', '街道', '牆壁', '創造', '制度', '破壞', '體制', '黑色', '班克斯', '作品', '氣球', '女孩', '蒙娜麗莎', '微笑', '惡作', '意味', '作品', '電影', '蒙娜麗莎', '暗示', '蒙娜麗莎', '氣球', '女孩', '氣球', '女孩', '畫家', '女孩', '畫面', '思維', '蘇富比', '手持', '氣球', '女孩', '拍賣會', '氣球', '女孩', '班克斯', '複製', '畫作', '廢紙', '現場', '班克斯', '設計', '設計', '碎紙機', '鎚聲', '留下', '愛心', '氣球', '半空', '拍賣會', '現場', '創作', '畫作', '氣球', '女孩', '垃圾桶', '賣出', '故事', '小島', '小島', '途中', '導演', '強生', '電影', '主題', '伏筆', '克斯', '顛覆性', '惡作劇', '崩壞式', '黑色', '展現', '希臘小島', '名稱', '乍看', '風情', '英文', '文字', '發音', '屎樣', '富商', '邁爾斯', '品味', '使用', '裝潢', '藝術品', '裝飾', '玻璃洋蔥', '擺放', '保時捷 Porshe 918 ', '玻璃', '洋蔥', '顛覆', '性惡作劇', '主題', '富商', '邁爾斯', '朋友們', '面貌', '暗示', '故事', '偵探', '白朗', '邁爾斯', '朋友', '屎島', '玻璃洋蔥', '冒牌貨', '金玉', '玻璃洋蔥', '導演', '強生', '首創', ' 1968 年', '披頭四', '歌曲', '玻璃', '洋蔥', '歌詞', '歌曲', '內容', '約翰藍儂', '專輯', '歌曲', '海象', '海象', '草莓園', '關鍵字', '玻璃', '洋蔥', '歌詞', '藍儂', '意思', '拼拼湊湊兜', '頭四', '洋蔥', '帶來', '靈感', '電影', '故事', '片尾曲', '歌曲', '玻璃', '洋蔥', '歌曲', '拼貼', '撥開', '意思', '藍儂', '歌迷', '遊戲', '藍儂', '歌迷', '歌詞', '意義', '撥開', '歌詞', '句句', '拆解', '歌詞', '核心', '玻璃洋蔥', '歌迷', '洋蔥', '遊戲', '拼湊出', '披頭四', '歌名', '洋蔥', '帶來', '顛覆', '遊戲', '解構', '歌曲', '歌迷', '神話', '形象', '強生', '電影題名', '玻璃洋蔥', '藍儂', '玻璃', '洋蔥', '玩笑', '鑽石', '解構', '神話', '故事', '富商', '騙子', '名人', '幌子', '邁爾斯', '天才', '創業家', '好朋友', '州長', '科學家', '男權', '服裝', '設計師', '邁爾斯金色', '奶水', '機會', '主義', '破壞', '制度', '創造', '先機', '事實', '法律', '製造', '偽證', '白朗', '偵探', '絲剝繭', '撥開', '社會', '精英', '神話', '解構', '邁爾斯', '創建', '城堡', '智慧', '財產', '滅證', '故事', '導演', '邁爾斯', '皇宮', '創造', '能源', '爆炸', '富商', '內在', '掀開', '呼應', '導演', '故事', '主題', '顛覆', '諷刺', '邁爾斯', '謀殺派', '歌手', '賈奈兒', '內在', '飾演', '雙胞胎姊妹', '海倫．布蘭德', '姊妹', '名字', '卡珊卓', '海倫', '希臘', '神話', '美女', '卡珊卓', '美女', '祭司', '預言家', '海倫', '神級', '美女', '特洛伊', '戰爭', '海倫', '強生', '導演', '海倫', '引發', '戰爭', '女子', '戰場', '爭取', '品牌', '雙胞胎', '姓氏', '勇氣', '女性', '喬裝', '特洛伊', '戰爭', '希臘', '派出', '木馬', '策略', '邁爾斯', '陰謀', '破解', '海倫', '完成', '餐巾紙', '公司', '爭奪權', '揭開', '富商', '面目', '姊姊', '美國國家', '評論', '協會', '電影', '細節', '電影', '費波那契數列', '關鍵餐巾紙', '核心', '細節', '呼應', '洋蔥', '主題']|[('故事', 9), ('邁爾斯', 9), ('洋蔥', 9), ('電影', 8), ('富商', 7), ('玻璃', 7), ('氣球', 7), ('女孩', 7), ('強生', 6), ('作品', 6), ('導演', 6), ('班克斯', 6), ('歌曲', 6), ('玻璃洋蔥', 5), ('歌詞', 5), ('海倫', 5), ('偵探', 4), ('飾演', 4), ('遊戲', 4), ('主題', 4), ('藍儂', 4), ('歌迷', 4), ('神話', 4), ('文字', 3), ('創造', 3), ('蒙娜麗莎', 3), ('顛覆', 3), ('撥開', 3), ('解構', 3), ('美女', 3), ('戰爭', 3), ('角色', 2), ('口罩', 2), ('科學家', 2), ('雕像', 2), ('內容', 2), ('顛覆性', 2), ('意味', 2), ('制度', 2), ('破壞', 2), ('黑色', 2), ('暗示', 2), ('拍賣會', 2), ('畫作', 2), ('現場', 2), ('設計', 2), ('小島', 2), ('白朗', 2), ('披頭四', 2), ('海象', 2), ('意思', 2), ('帶來', 2), ('核心', 2), ('內在', 2), ('呼應', 2), ('卡珊卓', 2), ('希臘', 2), ('特洛伊', 2), ('細節', 2), ('幽默', 1), ('懸疑', 1), ('雷恩', 1), ('編導', 1), ('續集', 1), ('主角', 1), ('貝諾瓦白朗', 1), ('丹尼爾克雷格', 1), ('基本', 1), ('關係', 1), ('時代感', 1), ('疫情', 1), ('期間', 1), ('表情', 1), ('技巧', 1), ('口腔', 1), ('噴液', 1), ('小島群', 1), ('脫掉', 1), ('遊戲技巧', 1), ('暗藏', 1), ('好友', 1), ('爾斯布朗', 1), ('諾頓 ', 1), ('島嶼', 1), ('渡輪', 1), ('船長', 1), ('小島名', 1), ('伊陀思', 1), ('御用', 1), ('萊諾', 1), ('杜桑', 1), ('萊斯利奧多姆 ', 1), ('入口', 1), ('擲花', 1), ('擲花者', 1), ('目錄', 1), ('英國', 1), ('藝術家', 1), ('城市', 1), ('街道', 1), ('牆壁', 1), ('體制', 1), ('微笑', 1), ('惡作', 1), ('畫家', 1), ('畫面', 1), ('思維', 1), ('蘇富比', 1), ('手持', 1), ('複製', 1), ('廢紙', 1), ('碎紙機', 1), ('鎚聲', 1), ('留下', 1), ('愛心', 1), ('半空', 1), ('創作', 1), ('垃圾桶', 1), ('賣出', 1), ('途中', 1), ('伏筆', 1), ('克斯', 1), ('惡作劇', 1), ('崩壞式', 1), ('展現', 1), ('希臘小島', 1), ('名稱', 1), ('乍看', 1), ('風情', 1), ('英文', 1), ('發音', 1), ('屎樣', 1), ('品味', 1), ('使用', 1), ('裝潢', 1), ('藝術品', 1), ('裝飾', 1), ('擺放', 1), ('保時捷 Porshe 918 ', 1), ('性惡作劇', 1), ('朋友們', 1), ('面貌', 1), ('朋友', 1), ('屎島', 1), ('冒牌貨', 1), ('金玉', 1), ('首創', 1), (' 1968 年', 1), ('約翰藍儂', 1), ('專輯', 1), ('草莓園', 1), ('關鍵字', 1), ('拼拼湊湊兜', 1), ('頭四', 1), ('靈感', 1), ('片尾曲', 1), ('拼貼', 1), ('意義', 1), ('句句', 1), ('拆解', 1), ('拼湊出', 1), ('歌名', 1), ('形象', 1), ('電影題名', 1), ('玩笑', 1), ('鑽石', 1), ('騙子', 1), ('名人', 1), ('幌子', 1), ('天才', 1), ('創業家', 1), ('好朋友', 1), ('州長', 1), ('男權', 1), ('服裝', 1), ('設計師', 1), ('邁爾斯金色', 1), ('奶水', 1), ('機會', 1), ('主義', 1), ('先機', 1), ('事實', 1), ('法律', 1), ('製造', 1), ('偽證', 1), ('絲剝繭', 1), ('社會', 1), ('精英', 1), ('創建', 1), ('城堡', 1), ('智慧', 1), ('財產', 1), ('滅證', 1), ('皇宮', 1), ('能源', 1), ('爆炸', 1), ('掀開', 1), ('諷刺', 1), ('謀殺派', 1), ('歌手', 1)]|0.0|"《鋒迴路轉：抽絲剝繭》在這陀屎樣的小島上 | 都跟「屎島」上的玻璃洋蔥一模一樣 | 因為這是幅「在拍賣會現場自動創作的畫作」"
電影專題/電影背後_2022-11-24_126|2022-11-24|成不了宇宙的「傑克雷恩宇宙」：《獵殺紅色十月》亞歷鮑德溫為什麼只演了一集就被換角？|電影專題|《獵殺紅色十月》、《愛國者遊戲》、《迫切的危機》、《恐懼的總和》這四部電影，再加上 2021 年的電影《冷血悍將》與亞馬遜 Prime Video 製作的影集《傑克雷恩》，這些作品形成了一個以傑克雷恩為中心的「雷恩宇宙」。雷恩宇宙裡有不同男演員飾演主人公傑克雷恩，至今 30 多年來，誰是最完美的影視版傑克雷恩呢？很多人的答案也許不是最有名的哈里遜福特，而是僅演過《獵殺紅色十月》的亞歷鮑德溫。那麼，為什麼他沒有緊接著在第二部雷恩電影《愛國者遊戲》裡演出呢？讓我們來看看這件 30 年前的換角事件——那也許同樣是雷恩宇宙停滯那麼多年的主因之一。《獵殺紅色十月》亞歷鮑德溫。《獵殺紅色十月》的主角是蘇聯核潛艇艦長馬可拉慕斯，他預計竊取蘇聯最先進的核潛艇「紅色十月號」投誠美國。蘇聯當然不允許這種帶槍投誠的背叛行為，可是美軍同樣也無法臆測拉慕斯的意圖：這會不會是一次紅色十月號的祕密攻擊行動？只有 CIA 研究拉慕斯的分析師傑克雷恩知道答案。身居千里之外的他，猜到了拉慕斯的想法，但他必須向自己人證明拉慕斯的清白……就在這個美蘇海戰一觸即發的時刻，紅色十月號上的臥底也開始行動了……《獵殺紅色十月》。大家都是為了史恩康納萊去看《獵殺紅色十月》的，這是派拉蒙影業期望的結果，而康納萊自己也很清楚：他在片場備極尊榮，享受巨星級的待遇，而且對他看不順眼的工作人員毫不客氣。但這位前詹姆士龐德確實是巨星，這部電影裡的大多數劇組人員，都是懷著崇拜景仰的心情參加工作……也對他的粗暴脾氣有了心理準備。但是，亞歷鮑德溫就不一樣了，他飾演的傑克雷恩是這部電影裡的重要角色，有許多需要與康納萊演對手戲的機會，而在這部電影之前，他沒有太多主演經驗。對演戲已經超過 30 年的康納萊而言，鮑德溫只是個菜鳥新手。《獵殺紅色十月》。這位菜鳥回憶開始演出《獵殺紅色十月》前的驚恐心情：「我告訴自己，我死定了，我在這部電影裡完全會是透明人。（康納萊）看起來就是千萬身價的巨星，而且縱橫全場，根本不會有人為了我來看《獵殺紅色十月》。」《獵殺紅色十月》。康納萊的壞脾氣舉世皆知，但很少人能體會康納萊的真性情——只有與他一起對戲的演員才知道。康納萊不是道德無暇的正人君子，但他對工作卻有高度的完美標準，這是他在片場經常吼人的原因。而看來，演藝資歷還很菜的亞歷鮑德溫，他的表演讓康納萊非常滿意。導演約翰麥提南回憶：「當鮑德溫開始與康納萊合作，他就知道康納萊對其他演員其實是很友善的，而且，康納萊很敬重他的表演，所以鮑德溫沒事的。」《獵殺紅色十月》。很少人意識到，《獵殺紅色十月》其實也能算是一部「哥兒們電影」（bromance film）。通常，我們習慣的哥兒們電影都是刑偵電影：兩名個性不同的警探，互相看不順眼，卻因為相同的目標使他們必須放下歧見合作。從《致命武器》、《福將與福星》、《尖峰時刻》、到《絕地戰警》等等例子，這些不打不相識的動作喜劇，似乎成為哥兒們電影的標準公式。但是，沒有槍戰也沒有毒梟的《獵殺紅色十月》，卻同樣傳遞了哥兒們電影的精髓：男人之間不言可喻的情感連結。不管你說那是默契、是義氣、還是英雄惜英雄，這些在《獵殺紅色十月》裡的拉慕斯與雷恩之間都看得到。《獵殺紅色十月》。而這種哥兒們電影的情感，必須建立在兩個性格極端的男人之間，才能顯示他們的基情可貴——代表這種情感可以跨越階級、膚色與文化。而比對城府深沈、謀定後動的拉慕斯，亞歷鮑德溫必須演出一位靈動、敏捷、依賴天生直覺的反向角色……而且傑克雷恩更特殊的是，他不是武勇派的角色，不能用子彈與擒拿術彰顯自己的男子氣概。這代表著，鮑德溫必須以台詞、表情與情緒去說服觀眾，雷恩夠格與拉慕斯隔空鬥智、互猜心思。《獵殺紅色十月》亞歷鮑德溫。這是導演麥提南主導的結果，因為在小說裡的傑克雷恩，並沒有鮑德溫演得那麼接近書呆子：傑克雷恩是陸戰隊出身，同時又有海軍學院的教授資格，還是 CIA 的頂尖分析師。小說家湯姆克蘭西心中的雷恩，基本上是美國西部牛仔與英國 007 的完美結合，夠聰明、有戰力、還有頭腦能制敵機先。但是我們在《獵殺紅色十月》裡看到的鮑德溫版雷恩，卻像是一位不情願的英雄：如同影評天王羅傑伊伯特的說法，雷恩看來像是一位註定坐辦公室的官僚，不相信自己有一天竟然會親上前線執行任務。《獵殺紅色十月》亞歷鮑德溫。麥提南並不想要在大銀幕上復刻克蘭西的完美美國白人英雄，因為他已經有了完美英雄史恩康納萊，《獵殺紅色十月》裡的傑克雷恩是作為拉慕斯的映照而存在的，比對拉慕斯堅定不移的投誠意志，這裡的雷恩對許多事的看法更加游移。麥提南為了要在 2 小時長的電影裡去製造拉慕斯與雷恩之間的化學反應，刻意將他們兩人之間的差距拉得更大，藉以製造雷恩緊追不捨的效果。這正好與亞歷鮑德溫和史恩康納萊之間的資歷長短互相呼應：鮑德溫將他在片場戰戰兢兢的態度，忠實呈現到了大銀幕之上。《獵殺紅色十月》亞歷鮑德溫。但先將影評對亞歷鮑德溫的不友善評論放到一邊，《獵殺紅色十月》獲得了商業上的巨大成功。觀眾喜歡這部電影，也等同於更多湯姆克蘭西的小說有機會登上銀幕。理論上，亞歷鮑德溫應該會是下一部電影的當然男主角，繼續扮演觀眾喜歡（但影評不喜歡）的傑克雷恩。但是，根據鮑德溫多年後接受專訪表示，他被電影公司無情換角了——因為派拉蒙影業急著去捧另一位巨星的大腿。《獵殺紅色十月》亞歷鮑德溫。|https://news.agentm.tw/241751/|https://news.agentm.tw/wp-content/uploads/cover-1-2077-390x219.jpg|['獵殺', '紅色十月', '愛國', '遊戲', '危機', '電影', '加上', '電影', '悍將', '亞馬遜', '製作', '影集', '傑克雷恩', '作品', '中心', '雷恩', '宇宙', '雷恩', '宇宙裡', '演員', '飾演', '主人公傑克雷恩', '影視版', '傑克雷恩', '答案', '哈里遜福特', '獵殺', '紅色', '亞歷鮑德溫', '雷恩', '電影', '愛國者', '遊戲', '演出', '看看', '換角', '事件', '雷恩', '宇宙', '主因', '獵殺', '紅色', '鮑德溫', '獵殺', '紅色', '主角', '蘇聯', '核潛艇', '艦長', '馬可拉慕斯', '竊取', '蘇聯', '潛艇', '紅色', '十月號', '美國', '蘇聯', '帶槍', '背叛', '行為', '美軍', '拉慕斯', '意圖', '紅色', '十月號', '祕密', '行動', '拉慕斯', '分析師傑克雷恩', '答案', '拉慕斯', '想法', '自己', '拉慕斯', '美蘇海', '戰一觸即發', '時刻', '紅色', '十月號', '獵殺', '紅色十月', '史恩康納萊', '獵殺', '紅色', '影業', '期望', '結果', '康納萊', '片場', '尊榮', '巨星級', '待遇', '看不順眼', '人員', '詹姆士', '龐德', '巨星', '電影', '劇組', '人員', '心情', '參加', '工作', '脾氣', '心理', '準備', '亞歷鮑德溫', '飾演', '傑克雷恩', '電影', '角色', '康納萊', '對手戲', '機會', '電影', '主演', '經驗', '康納萊', '鮑德溫', '菜鳥', '新手', '獵殺', '紅色', '菜鳥', '演出', '獵殺', '紅色', '心情', '電影', '透明人', '康納萊', '身價', '巨星', '獵殺', '紅色', '獵殺', '紅色', '康納萊', '脾氣', '舉世', '康納萊', '性情', '演員', '康納萊', '道德', '人君子', '工作', '標準', '片場經常', '原因', '資歷', '亞歷鮑德溫', '表演', '康納萊', '導演', '約翰麥提南', '鮑德溫', '康納萊', '康納萊', '演員', '康納萊', '表演', '鮑德溫', '獵殺', '紅色', '獵殺', '紅色', '哥兒', '電影', '哥兒們', '電影', '刑偵', '電影', '個性', '警探', '目標', '放下', '歧見', '武器', '福將', '福星', '時刻', '絕地', '戰警', '例子', '打不相識', '動作', '喜劇', '哥兒們', '電影', '標準公式', '槍戰', '毒梟', '獵殺', '紅色', '哥兒們', '電影', '精髓', '男人', '情感', '連結', '默契', '義氣', '英雄', '英雄', '獵殺', '紅色', '拉慕斯', '雷恩', '獵殺', '紅色', '哥兒們', '電影', '情感', '建立', '性格', '男人', '情感', '階級', '膚色', '文化', '比對', '城府', '謀定', '拉慕斯', '亞歷鮑德溫', '演出', '直覺', '角色', '傑克雷恩', '武勇派', '角色', '彰顯', '男子', '氣概', '鮑德溫', '表情與', '情緒', '觀眾', '雷恩', '拉慕斯', '心思', '獵殺', '紅色十月', '亞歷鮑德溫', '導演', '麥提南', '主導', '結果', '小說', '傑克雷恩', '鮑德溫', '接近', '傑克雷恩', '陸戰隊', '海軍', '學院', '教授', '資格', '分析師', '小說', '家湯姆克蘭西', '雷恩', '基本', '美國', '牛仔', '英國', '戰力', '頭腦', '制敵', '獵殺', '紅色', '鮑德溫版', '雷恩', '英雄', '影評', '天王', '傑伊伯特', '說法', '雷恩', '辦公室', '官僚', '前線', '任務', '獵殺', '紅色', '亞歷鮑德溫', '麥提南', '銀幕', '美國', '白人', '英雄', '英雄', '恩康納萊', '獵殺', '紅色', '傑克雷恩', '拉慕斯', '拉慕斯', '雷恩', '看法', '麥提南', '電影', '製造', '拉慕斯', '雷恩', '化學', '反應', '差距', '拉得', '製造', '雷恩', '效果', '亞歷鮑德溫', '史恩康納萊', '資歷', '長短', '呼應', '鮑德溫', '場戰戰兢兢', '態度', '銀幕', '獵殺紅色', '亞歷鮑德溫', '影評', '亞歷鮑德溫', '評論放到', '獵殺', '紅色十月', '商業', '觀眾', '電影', '湯姆克蘭西', '小說', '機會', '銀幕', '理論', '亞歷鮑德溫', '電影', '主角', '扮演', '觀眾', '傑克雷恩', '鮑德溫', '接受', '專訪', '電影', '公司', '換角', '派拉蒙', '影業', '巨星', '大腿', '獵殺', '紅色', '亞歷鮑德溫']|[('獵殺', 21), ('紅色', 20), ('電影', 17), ('雷恩', 12), ('亞歷鮑德溫', 11), ('康納萊', 11), ('拉慕斯', 10), ('傑克雷恩', 8), ('鮑德溫', 8), ('英雄', 5), ('紅色十月', 4), ('哥兒們', 4), ('演員', 3), ('演出', 3), ('蘇聯', 3), ('十月號', 3), ('美國', 3), ('巨星', 3), ('角色', 3), ('情感', 3), ('觀眾', 3), ('麥提南', 3), ('小說', 3), ('銀幕', 3), ('遊戲', 2), ('宇宙', 2), ('飾演', 2), ('答案', 2), ('換角', 2), ('主角', 2), ('時刻', 2), ('史恩康納萊', 2), ('影業', 2), ('結果', 2), ('人員', 2), ('心情', 2), ('工作', 2), ('脾氣', 2), ('機會', 2), ('菜鳥', 2), ('資歷', 2), ('表演', 2), ('導演', 2), ('男人', 2), ('影評', 2), ('製造', 2), ('愛國', 1), ('危機', 1), ('加上', 1), ('悍將', 1), ('亞馬遜', 1), ('製作', 1), ('影集', 1), ('作品', 1), ('中心', 1), ('宇宙裡', 1), ('主人公傑克雷恩', 1), ('影視版', 1), ('哈里遜福特', 1), ('愛國者', 1), ('看看', 1), ('事件', 1), ('主因', 1), ('核潛艇', 1), ('艦長', 1), ('馬可拉慕斯', 1), ('竊取', 1), ('潛艇', 1), ('帶槍', 1), ('背叛', 1), ('行為', 1), ('美軍', 1), ('意圖', 1), ('祕密', 1), ('行動', 1), ('分析師傑克雷恩', 1), ('想法', 1), ('自己', 1), ('美蘇海', 1), ('戰一觸即發', 1), ('期望', 1), ('片場', 1), ('尊榮', 1), ('巨星級', 1), ('待遇', 1), ('看不順眼', 1), ('詹姆士', 1), ('龐德', 1), ('劇組', 1), ('參加', 1), ('心理', 1), ('準備', 1), ('對手戲', 1), ('主演', 1), ('經驗', 1), ('新手', 1), ('透明人', 1), ('身價', 1), ('舉世', 1), ('性情', 1), ('道德', 1), ('人君子', 1), ('標準', 1), ('片場經常', 1), ('原因', 1), ('約翰麥提南', 1), ('哥兒', 1), ('刑偵', 1), ('個性', 1), ('警探', 1), ('目標', 1), ('放下', 1), ('歧見', 1), ('武器', 1), ('福將', 1), ('福星', 1), ('絕地', 1), ('戰警', 1), ('例子', 1), ('打不相識', 1), ('動作', 1), ('喜劇', 1), ('標準公式', 1), ('槍戰', 1), ('毒梟', 1), ('精髓', 1), ('連結', 1), ('默契', 1), ('義氣', 1), ('建立', 1), ('性格', 1), ('階級', 1), ('膚色', 1), ('文化', 1), ('比對', 1), ('城府', 1), ('謀定', 1), ('直覺', 1), ('武勇派', 1), ('彰顯', 1), ('男子', 1), ('氣概', 1), ('表情與', 1), ('情緒', 1), ('心思', 1), ('主導', 1), ('接近', 1), ('陸戰隊', 1), ('海軍', 1), ('學院', 1), ('教授', 1), ('資格', 1), ('分析師', 1), ('家湯姆克蘭西', 1), ('基本', 1), ('牛仔', 1), ('英國', 1), ('戰力', 1), ('頭腦', 1), ('制敵', 1), ('鮑德溫版', 1), ('天王', 1), ('傑伊伯特', 1), ('說法', 1), ('辦公室', 1), ('官僚', 1), ('前線', 1), ('任務', 1), ('白人', 1), ('恩康納萊', 1), ('看法', 1), ('化學', 1), ('反應', 1), ('差距', 1), ('拉得', 1), ('效果', 1), ('長短', 1), ('呼應', 1), ('場戰戰兢兢', 1), ('態度', 1), ('獵殺紅色', 1), ('評論放到', 1), ('商業', 1), ('湯姆克蘭西', 1), ('理論', 1), ('扮演', 1), ('接受', 1), ('專訪', 1), ('公司', 1), ('派拉蒙', 1), ('大腿', 1)]|0.999999988858946|"但是我們在《獵殺紅色十月》裡看到的鮑德溫版雷恩 | 根本不會有人為了我來看《獵殺紅色十月》 | 大家都是為了史恩康納萊去看《獵殺紅色十月》的"
電影專題/電影背後_2022-11-16_127|2022-11-16|《忍者刺客》背後的 80 年代「美國原裝忍者」傳統：超能力與番茄醬大噴發，還有偉大的忍者大師 Sho Kosuki|電影專題|2009 年，華納影業發行了電影《忍者刺客》(Ninja Assassin)，這間好萊塢大廠，已有一段時間沒有發行這樣的 R 級電影──畫面充斥著單純的暴力、血腥、與裸露的器官。它不算成功，卻意義非凡，可以說，它致敬了美國 80 年代流行文化中的「忍者風潮」。所以，故事當然要從那些在 80 年代熱愛忍者的美國孩子身上講起──我們介紹過的好萊塢武林雙傑：大衛雷奇與查德史塔赫斯基，是這部電影背後的主要推手。查德史塔赫斯基（左）與大衛雷奇（右）。內容目錄雷奇與史塔赫斯基是兩位熱愛武術與香港武打電影的年輕人，他們加入了《駭客任務》劇組，成為替身與武術指導。而他們更進一步，從導演華卓斯基 (Wachowski) 兄弟身上，學習如何當個導演。作為華卓斯基的徒弟與工作夥伴，大衛與查德在《駭客任務》系列三部曲之後，仍然持續參與「華卓斯基幫」的其他電影。例如華卓斯基監製的《V 怪客》、華卓斯基執導的卡通風格動作電影《駭速快手》等等。而在《駭速快手》片場，他們認識了一位安靜的韓國年輕人 Rain。《駭速快手》。查德回憶他們與 Rain 相識的過程：「我們在《駭速快手》裡負責編排一些小規模、有點浮誇的對打片段，其中一個演員 Rain 是個英俊的小子，但他很安靜，而那時我們其實不認識他──結果人家是超有名的音樂巨星！導演那時要我們教他幾招拳腳，但他學習的速度實在太快了！所以我們開始給他一些進階訓練，在他還能承受的狀況下測試他的極限。然後 Rain 開始對我們敞開了一點心房，我們才知道，他其實有點合氣道與跆拳道的底子，而他的踢腿看起來也很漂亮。後來我們才從 YouTube 上看到，原來 Rain 是一位很會跳舞的明星，難怪他可以這麼快就記住招式。」《駭速快手》Rain。大衛與查德，他們年輕時就喜歡李小龍與成龍的電影，當然，他們也喜歡忍者──童年曾經經歷過 1985 年的美國孩子，都會愛上忍者。他們打開電視機，卡通《除暴突擊隊》裡的黑衣忍者「蛇眼」與白衣忍者「一陣風」（或譯白幽靈）超帥氣；《忍者龜》說地下道裡有變種烏龜忍者少年；他們喜愛的桌遊《龍與地下城》裡，新增了忍者這個職業；川崎的「忍者 900」重型機車已經在美國上市。1985 年的萬聖節，忍者服是變裝市場上最受歡迎的選擇……而這一切忍者熱的原點，也許是來自一位連考三年大學失敗、差一點自殺的重考生。小杉正一。小杉正一的 17 歲非常胡鬧，他因為喜愛大學棒球聯盟，因此立志要進入日本最難考進的大學之一慶應義塾大學（從沒聽過這種以慶應為第一志願的理由）。而他連續兩年都重考失敗，19 歲那年決定自殺。在他自殺前，姊姊鼓勵他要不要到外國發展──有種與其自殺不如參加大冒險的意味。而他真的只買了單程機票飛向美國，一邊打工、一邊唸書、一邊學習空手道，開始他的新人生。結果，這位半途出家的空手道家，開始參加美國各地的空手道比賽賺取獎金，總計贏了 600 多個空手道冠軍獎盃，因此讓他的空手道場生意也越來越興隆。小杉正一。現在自殺已經不是小杉正一的選項，他以 Sho Kosuki（音同小杉正）之名，在 1981 年電影《忍者潛入》(Enter the Ninja) 裡，飾演了脾氣不太好的傲嬌忍者「長谷川」(Hasegawa)。這部坎農影業 (Cannon Films) 製作的電影，開創了所謂的「忍者三部曲」：加上 1983 年的續集《忍者復仇》(Revenge of the Ninja) 以及 1984 年的第三集《忍者惡靈》(Ninja III: The Domination) 等等。Sho Kosuki 成為了這波忍者電影裡的忍者大師，他有真功夫，在銀幕上把主角踢得人仰馬翻──銀幕下他也是大師，他開立了 Sho Kosuki 道場，開始廣而教授「忍者功夫」。《忍者潛入》Sho Kosuki。Sho Kosuki 的忍者電影，是純粹美國出品的忍者電影，它們與元祖的日本忍者文化大相逕庭。這些美國忍者一樣穿著全黑的夜行服，普通的日本忍者，會使用武士刀、手裏劍、吹箭、炸藥等武器，進行刺殺、毒殺、綁架、竊取情資、分化與敵後破壞等等黑暗活動……但是，比起更近乎於情報員身份的日本忍者，美國忍者更像無敵的超能力殺手：他們還會噴火、召喚怪獸、復活同伴、心靈控制、發射光束、改變氣象、瞬間移動……讓人好奇他們真的有蒙面的必要嗎？他們的超能力強到根本不需要隱密行事。《忍者復仇》。當然，日本觀眾如果有幸觀賞這些美製忍者電影，大概也會猛烈黜臭，他們的國寶竟然變成了超能力反派。但是，就像 1985 年的忍者潮頂峰，美國流行文化已經將忍者內化在不同的娛樂作品之中，反過來外銷到全世界去。對於從小就喜歡打打殺殺的美國孩子們而言，他們有了全新的未來職涯選擇：長大後我也要當個忍者！當然，對大衛雷奇與查德史塔赫斯基而言，他們也是這千千萬小小美國忍者中的一員。《忍者惡靈》：看我的「單手提高爾夫球車之術」！他們長大後，真的成為了某種忍者，而他們發現了來自韓國的忍者奇才。大衛與查德曾經向華卓斯基兄弟開過玩笑，覺得某一天……他們可以再度製作一部 80 年代的唬爛至上美國忍者電影，而現在他們有了現成的男主角。「我們告訴華卓斯基兄弟，我們找到了自己的忍者。所以我們讓 Rain 為他們表演了一段演武……然後大家都驚呼『HOLY SHIT！』這傢伙也太強了吧！在《駭速快手》殺青之後，我們離開劇組去做自己的生意……某天華卓斯基打電話給我們，詢問我們是不是還想製作『美國忍者電影』，於是我們與自己的武行公司『87 Eleven』，一起加入了這個《忍者刺客》計畫。」《忍者刺客》。我們把故事從頭梳理一遍：當 Sho Kosuki 成功帶動了美國影壇的忍者電影風潮，年輕的大衛與查德深受感動（當然熱愛流行宅文化的華卓斯基兄弟也是），而大衛與查德因為參加華卓斯基製作的《駭速快手》，認識了韓國流行樂壇天王 Rain，而他的身手喚醒了這群美國孩子的忍者夢。因此，《忍者刺客》電影因而成真──所以這是一部刻意致敬 80 年代忍者風潮的動作電影、致敬 Sho Kosuki 與那些有著唬爛能力的忍者們的作品。這是你在觀賞《忍者刺客》前，必先擁有的正確觀影心態。《忍者刺客》。所以，《忍者刺客》裡的忍者，不是你熟悉的日本忍者，他們是善於魔法與超能力的美國忍者，還是由高齡 60 歲的 Sho Kosuki 所率領的超能力忍者軍團──這是 Sho Kosuki 睽違影壇 16 年後再度演出美國電影，這完全是為了致敬他為美國忍者電影帶來的貢獻。當然，你也會看到他在電影裡施展「魔法」：他可以快速修復傷口、他可以一拳傷害對手內臟，這些會讓你大喊「忍者才沒那麼唬爛」的誇張設定，其實都是數十年前美國孩子信以為真的東方神秘力量。《忍者刺客》。《忍者刺客》裡有很多這樣的「東方神秘力量」致敬，例如忍者似乎可以在陰影裡瞬間移動……他們可以從任何一道陰影中現身。他們的刀刃鋒利到可以在空中俐落切斷人體、高速飛行的手裏劍可以深刻入骨、而且對切肉斷骨的痛楚毫無感覺。《忍者刺客》。但是《忍者刺客》不只是對超能力美國忍者的致敬而已，它有更多對武術的致敬：這些 80 年代的 B 級動作片裡，有 Sho Kosuki 偷渡的「神道自然流」空手道、還有偷渡自港式武打電影的拳腳招式。那些是在過去好萊塢動作電影裡罕見的動作，他們更輕盈、更靈活、還能漂浮在空中更長的時間，這些都開啟了一個世代美國觀眾的視野。對大衛與查德而言，他們一身的身手，都來自於這些忍者電影帶給他們的童年夢想。《忍者刺客》。因此你可以在《忍者刺客》裡看到大量的武打過招，與隨之而來的斷肢與鮮血。這部電影幾乎是消耗華納影業對華卓斯基兄弟的厚情熱愛──他們為這間電影公司製作了熱賣全球的《駭客任務》三部曲，可以想見，他們如今不再是需要先執導《驚世狂花》(Bound) 以證明自己實力的菜鳥導演。他們可以要求華納影業，發行像《忍者刺客》這樣血腥度超越 B 級電影的「致敬 B 級電影」作品，而且成本還高達 4 千萬美金。《忍者刺客》。很可惜，復古 80 年代的忍者風潮，並沒有感動全球的觀眾，或者說，忍者文化原本在世界各國，就有不同的發展脈絡。在香港 70 年代的動作電影裡，忍者（與武士）通常是中日戰爭裡的日軍象徵；而在台灣社會普遍安裝小耳朵的 90 年代裡，許多家庭直接收看《必殺仕事人‧激突！》或是《暴坊將軍》（暴れん坊将軍）這樣的日本時代劇，當中自然也出現過不少忍者。而這些忍者的形象，都與美國觀眾在《忍者潛入》或《忍者惡靈》這樣的電影裡看到的截然不同。《忍者刺客》。有趣的是，《忍者刺客》裡 Sho Kosuki 飾演的角色 Ozunu，在台灣卻不是被翻譯成「小角」──這個角色本名為「役小角」，名字來自日本神話裡神通廣大的修道者役小角。但這個名字在台灣卻被翻成了「小杉」，而這是 Sho Kosuki 的原本姓氏（小杉正一）。不清楚當年台灣華納的翻譯策略是什麼，難道他們是想喚醒台灣觀眾，對 80 年代小杉主演忍者電影的回憶？這個翻譯形成了一個十分後設的趣味，它明白直覺地點出了小杉正一與《忍者刺客》的脈絡淵源。《忍者刺客》Sho Kosuki。《忍者刺客》在美國市場並沒有喚醒太多人的回憶，這部 4 千萬美金成本的電影，在美國票房並不到 4 千萬，全球票房也僅有 6 千萬美金左右。似乎當年喜愛忍者的成年觀眾們，已經無意進電影院懷念過去。它變成了少數喜愛重口味效果觀眾喜愛的電影、變成了 21 世紀罕見的好萊塢主流忍者電影、變成了華納影業以主流規格發行的罕見血腥電影……而現在，《忍者刺客》在網飛上，成為台灣觀眾喜愛的熱門電影之一。《忍者刺客》。Rain 在韓國仍然是歌壇天王，但看來他的好萊塢星運，並沒有因為《忍者刺客》而大紅大旺，這當然很可惜。大衛雷奇與查德史塔赫斯基已經成為好萊塢動作電影的代表性導演，他們現在也是幾部票房破億大片的導演……也許他們會想再延續《忍者刺客》的美好 80 年代傳統？延伸閱讀 >> 超級英雄影史的失落經典、90 年代最精彩的美國武打電影：不可思議的《忍者龜》|https://news.agentm.tw/222530/|https://news.agentm.tw/wp-content/uploads/938vu98ut4v9b5t94-390x219.png|['華納', '影業', '發行', '電影', '忍者', '刺客', '好萊塢', '時間', '發行', '電影', '畫面', '暴力', '裸露', '器官', '美國', '文化', '忍者', '風潮', '故事', '美國', '孩子', '講起', '好萊塢', '武林', '雙傑', '大衛雷奇', '史塔赫斯基', '電影', '背後', '推手', '查德史塔赫斯基', '大衛雷奇', '內容', '目錄', '雷奇', '史塔赫斯基', '武術', '香港', '年輕人', '加入', '駭客', '任務', '劇組', '替身', '武術', '指導', '導演', '華卓斯基', '兄弟', '學習', '導演', '華卓斯基', '徒弟', '夥伴', '大衛', '查德', '駭客', '任務', '系列', '三部曲', '參與', '華卓斯基幫', '電影', '華卓斯基', '監製', '怪客', '華卓斯基', '執導', '卡通風格', '動作', '電影', '駭速快手', '片場', '韓國', '年輕人', '查德', '過程', '編排', '片段', '演員', '小子', '音樂', '巨星', '導演', '拳腳', '學習', '速度', '訓練', '承受', '狀況', '測試', '極限', '敞開', '心房', '跆拳道', '底子', '明星', '招式', '大衛', '李小龍', '成龍', '電影', '忍者', '童年', '美國', '孩子', '忍者', '打開', '電視機', '卡通', '突擊隊', '黑衣', '忍者', '白衣', '忍者', '幽靈', '忍者', '地下', '道裡', '變種', '烏龜', '忍者', '少年', '地下城', '忍者', '職業', '川崎', '忍者', '重型', '機車', '美國', '忍者', '服是', '市場', '選擇', '忍者', '大學', '重考生', '小杉', '正一', '小杉', '大學', '棒球', '聯盟', '考進', '大學', '慶應', '義塾', '大學', '志願', '理由', '重考', '姊姊', '外國', '發展', '參加', '意味', '單程', '機票', '美國', '學習', '新人生', '半途', '參加', '美國', '空手道', '比賽', '賺取', '獎金', '空手道', '冠軍', '獎盃', '生意', '小杉', '正一', '小杉正一', '選項', '杉正', '電影', '忍者潛入', '飾演', '脾氣', '忍者', '長谷川', '農影業', '製作', '電影', '開創', '忍者', '三部曲', '加上', '續集', '忍者復仇', '忍者惡靈', '電影', '大師', '功夫', '銀幕', '主角', '踢得', '銀幕', '大師', '開立', '道場', '教授', '忍者', '功夫', '忍者', '忍者', '電影', '美國', '出品', '電影', '元祖', '日本', '忍者', '文化', '美國', '忍者', '夜行服', '日本', '忍者', '使用', '武士', '吹箭', '炸藥', '武器', '進行', '刺殺', '毒殺', '綁架', '竊取', '情資', '分化', '破壞', '黑暗', '活動', '情報員', '身份', '日本', '忍者', '美國', '超能力', '殺手', '召喚', '怪獸', '同伴', '心靈', '控制', '發射', '光束', '改變', '氣象', '蒙面', '必要', '超能力', '忍者', '日本', '觀眾', '觀賞', '忍者', '電影', '黜臭', '國寶', '超能力', '反派', '忍者潮頂峰', '美國', '文化', '忍者', '娛樂', '作品', '銷到', '世界', '美國', '孩子', '職涯', '選擇', '忍者', '大衛', '雷奇', '德史塔赫斯基而言', '美國忍者', '忍者惡靈', '忍者', '韓國', '忍者', '奇才', '大衛', '查德', '華卓斯基', '兄弟', '玩笑', '製作', '唬爛', '美國', '忍者', '電影', '主角', '華卓斯基', '兄弟', '找到', '忍者', '表演', '演武', '傢伙', '離開', '劇組', '生意', '華卓斯基', '製作', '美國', '忍者', '電影', '武行', '公司', '加入', '忍者', '刺客', '計畫', '忍者', '刺客', '故事', '梳理', '帶動', '美國', '影壇', '電影', '風潮', '大衛', '查德深', '流行宅', '文化', '華卓斯基', '兄弟', '大衛', '查德', '參加', '華卓斯基', '製作', '韓國', '樂壇', '天王', '身手', '喚醒', '美國', '孩子', '忍者夢', '忍者', '刺客', '電影', '忍者', '風潮', '動作電影', '者們', '作品', '觀賞', '忍者刺客', '觀影', '心態', '忍者刺客》', '忍者', '刺客', '忍者', '日本', '忍者', '魔法', '超能力', '美國', '忍者', '高齡', '超能力', '忍者', '軍團', '演出', '美國', '電影', '美國', '忍者', '電影', '帶來', '貢獻', '電影', '施展', '魔法', '修復', '傷口', '傷害', '對手', '內臟', '忍者', '唬爛', '設定', '美國', '孩子', '力量', '忍者刺客', '忍者', '刺客', '忍者', '陰影', '陰影', '空中', '切斷', '人體', '切肉斷骨', '痛楚', '感覺', '忍者', '刺客', '忍者刺客', '超能力', '美國', '忍者', '武術', '動作片', '神道', '自然', '空手道', '電影', '拳腳招式', '動作', '電影', '動作', '空中', '時間', '開啟', '世代', '美國', '觀眾', '視野', '身手', '忍者', '電影', '童年', '夢想', '忍者', '刺客', '忍者刺客', '鮮血', '電影', '消耗', '華納影', '華卓斯基', '兄弟', '厚情熱愛', '電影', '公司', '製作', '全球', '駭客', '任務', '三部曲', '執導', '實力', '菜鳥', '導演', '華納', '影業', '發行', '忍者刺客', '血腥', '超越', '電影', '電影', '作品', '成本', '美金', '忍者', '刺客', '忍者', '風潮', '全球', '觀眾', '文化', '世界', '發展', '脈絡', '香港', '動作', '電影', '忍者', '武士', '中日戰爭', '日軍', '象徵', '台灣', '社會', '安裝小', '耳朵', '家庭', '仕事人', '暴坊將軍', 'れん坊', '日本', '時代劇', '忍者', '忍者', '形象', '美國', '觀眾', '忍者潛入》', '忍者惡靈》', '電影', '忍者刺客', '忍者刺客', '飾演', '角色', '台灣', '本名', '役小角', '名字', '日本', '神話', '役小角', '名字', '台灣', '小杉', '姓氏', '小杉', '台灣', '華納', '翻譯', '策略', '喚醒', '台灣', '觀眾', '小杉', '主演', '忍者', '電影', '翻譯', '趣味', '小杉', '忍者', '刺客', '脈絡', '淵源', '忍者', '刺客', '忍者', '刺客', '美國', '市場', '喚醒', '美金', '成本', '電影', '美國', '票房', '全球', '票房', '美金', '忍者', '觀眾', '電影院', '效果', '觀眾', '電影', '世紀', '萊塢', '電影', '華納影業', '主流', '規格', '發行', '電影', '忍者', '刺客', '網飛上', '台灣', '觀眾', '電影', '忍者', '刺客', '韓國', '歌壇', '天王', '萊塢星運', '忍者', '刺客', '大衛雷奇與', '德史塔赫斯基', '好萊塢', '動作', '電影', '代表性', '導演', '票房破億大片', '導演', '忍者刺客', '傳統', '閱讀', '英雄', '影史', '經典', '美國', '忍者龜']|[('忍者', 60), ('電影', 35), ('美國', 25), ('刺客', 15), ('華卓斯基', 10), ('觀眾', 8), ('忍者刺客', 8), ('小杉', 7), ('日本', 7), ('導演', 6), ('大衛', 6), ('超能力', 6), ('台灣', 6), ('文化', 5), ('孩子', 5), ('兄弟', 5), ('動作', 5), ('製作', 5), ('發行', 4), ('風潮', 4), ('查德', 4), ('韓國', 4), ('大學', 4), ('華納', 3), ('好萊塢', 3), ('武術', 3), ('駭客', 3), ('任務', 3), ('學習', 3), ('三部曲', 3), ('參加', 3), ('空手道', 3), ('作品', 3), ('喚醒', 3), ('全球', 3), ('美金', 3), ('影業', 2), ('時間', 2), ('故事', 2), ('大衛雷奇', 2), ('史塔赫斯基', 2), ('雷奇', 2), ('香港', 2), ('年輕人', 2), ('加入', 2), ('劇組', 2), ('執導', 2), ('童年', 2), ('市場', 2), ('選擇', 2), ('正一', 2), ('發展', 2), ('生意', 2), ('飾演', 2), ('忍者惡靈', 2), ('大師', 2), ('功夫', 2), ('銀幕', 2), ('主角', 2), ('武士', 2), ('觀賞', 2), ('世界', 2), ('唬爛', 2), ('公司', 2), ('天王', 2), ('身手', 2), ('魔法', 2), ('陰影', 2), ('空中', 2), ('成本', 2), ('脈絡', 2), ('役小角', 2), ('名字', 2), ('翻譯', 2), ('票房', 2), ('畫面', 1), ('暴力', 1), ('裸露', 1), ('器官', 1), ('講起', 1), ('武林', 1), ('雙傑', 1), ('背後', 1), ('推手', 1), ('查德史塔赫斯基', 1), ('內容', 1), ('目錄', 1), ('替身', 1), ('指導', 1), ('徒弟', 1), ('夥伴', 1), ('系列', 1), ('參與', 1), ('華卓斯基幫', 1), ('監製', 1), ('怪客', 1), ('卡通風格', 1), ('駭速快手', 1), ('片場', 1), ('過程', 1), ('編排', 1), ('片段', 1), ('演員', 1), ('小子', 1), ('音樂', 1), ('巨星', 1), ('拳腳', 1), ('速度', 1), ('訓練', 1), ('承受', 1), ('狀況', 1), ('測試', 1), ('極限', 1), ('敞開', 1), ('心房', 1), ('跆拳道', 1), ('底子', 1), ('明星', 1), ('招式', 1), ('李小龍', 1), ('成龍', 1), ('打開', 1), ('電視機', 1), ('卡通', 1), ('突擊隊', 1), ('黑衣', 1), ('白衣', 1), ('幽靈', 1), ('地下', 1), ('道裡', 1), ('變種', 1), ('烏龜', 1), ('少年', 1), ('地下城', 1), ('職業', 1), ('川崎', 1), ('重型', 1), ('機車', 1), ('服是', 1), ('重考生', 1), ('棒球', 1), ('聯盟', 1), ('考進', 1), ('慶應', 1), ('義塾', 1), ('志願', 1), ('理由', 1), ('重考', 1), ('姊姊', 1), ('外國', 1), ('意味', 1), ('單程', 1), ('機票', 1), ('新人生', 1), ('半途', 1), ('比賽', 1), ('賺取', 1), ('獎金', 1), ('冠軍', 1), ('獎盃', 1), ('小杉正一', 1), ('選項', 1), ('杉正', 1), ('忍者潛入', 1), ('脾氣', 1), ('長谷川', 1), ('農影業', 1), ('開創', 1), ('加上', 1), ('續集', 1), ('忍者復仇', 1), ('踢得', 1), ('開立', 1), ('道場', 1), ('教授', 1), ('出品', 1), ('元祖', 1), ('夜行服', 1), ('使用', 1), ('吹箭', 1), ('炸藥', 1), ('武器', 1), ('進行', 1), ('刺殺', 1), ('毒殺', 1), ('綁架', 1), ('竊取', 1), ('情資', 1), ('分化', 1), ('破壞', 1), ('黑暗', 1), ('活動', 1), ('情報員', 1), ('身份', 1), ('殺手', 1), ('召喚', 1), ('怪獸', 1), ('同伴', 1), ('心靈', 1), ('控制', 1)]|0.0|"《忍者刺客》電影因而成真──所以這是一部刻意致敬 80 年代忍者風潮的動作電影、致敬 Sho Kosuki 與那些有著唬爛能力的忍者們的作品 | Sho Kosuki 成為了這波忍者電影裡的忍者大師 | 都與美國觀眾在《忍者潛入》或《忍者惡靈》這樣的電影裡看到的截然不同"
電影專題/電影背後_2022-11-15_128|2022-11-15|【電影背後】為什麼蝙蝠俠戰袍上面有「奶頭」? 蝙蝠裝設計師曝「與古羅馬盔甲有關」!|電影專題|在 1989 年和 1992 年兩部蝙蝠俠真人電影《蝙蝠俠》、《蝙蝠俠大顯神威》後，提姆波頓離開了蝙蝠俠系列電影的導演椅，並交棒給喬伊舒馬克，自此蝙蝠俠褪去了黑暗歌德的奇幻風格，一轉為歡樂有趣的卡通路線。而在服裝設計上，也為蝙蝠俠的戰袍做了一些改變──就是那兩粒乳頭。一些人嘲笑蝙蝠裝上的乳頭很愚蠢，而另一些人則批評這樣很淫穢。總之在蝙蝠裝中上加上乳頭在當時引起了巨大的爭議，甚至《蝙蝠俠》的漫畫原作者鮑勃肯恩也反對在蝙蝠裝上加上乳頭，但華納卻反其道而行，在喬治克隆尼主演的蝙蝠俠電影《蝙蝠俠 4：急凍人》中，蝙蝠裝上的乳頭甚至變得更加明顯了。喬治克隆尼《蝙蝠俠 4：急凍人》有乳頭的蝙蝠裝造型。內容目錄曾為《蝙蝠俠 3》和《蝙蝠俠 4：急凍人》設計蝙蝠裝，好萊塢知名殿堂級電影服裝設計師何塞費南德茲 (José Fernández)，在一次的訪談中，解釋了為什麼要在蝙蝠裝上凸顯乳頭的設計緣由。“Batman & Robin” costume designer Jose Fernandez detailed the strong design decision to “showcase” Batman’s nipples: “It wasn’t fetish to me, it was more informed by Roman armor — like Centurions — it was all about anatomy, and I like to push anatomy.” https://t.co/tSNarhhWlF pic.twitter.com/8YXisT3Cno— IndieWire (@IndieWire) June 10, 2022首先，他澄清這些蝙蝠裝的設計靈感並非戀物癖，而是來自盔甲。靈感取自古羅馬時代的職業軍官百夫長所穿戴的盔甲，結合原作漫畫裡的人物造型設定後再逐漸打造成形──然而這個設計卻引發爭議，並進化成超級英雄電影歷史上一大笑柄。古羅馬軍職百夫長的盔甲，成了 90 年代歡樂蝙蝠俠電影的蝙蝠俠戰袍設計參考。「在《蝙蝠俠 3》中， 方基墨所穿的蝙蝠裝，上面的乳頭是我添加的東西之一。對我來說，這不是戀物癖，而是取材自羅馬盔甲的設計。而且在漫畫書中，那些超級英雄的打扮看起來總像是赤身裸體，或全身被噴漆噴好噴滿──這完全是關於解剖學，我喜歡推廣解剖學。所以當時我不假思索地加上乳頭，並不知道後來會產生那麼多爭議。」《蝙蝠俠 3》方基墨所穿上的蝙蝠裝，可以看到凸顯乳頭的設計。延伸閱讀 >> 力挺延續傳統美學的經典設計！喬伊舒馬克：如果我想要蝙蝠俠有奶頭，他就會有奶頭！這段發言，解開了蝙蝠俠系列電影最大的謎團之一。由於《蝙蝠俠大顯神威》中由蜜雪兒菲佛飾演的貓女，其一襲乳膠緊身戰袍顯然是受到 BDSM 文化所啟發的，因此影迷將蝙蝠裝的乳頭，誤認為是受戀物癖而啟發的設計，也還算可以理解。但是再加上蝙蝠裝身上的胸肌和腹肌紋理，就可以理解大師真的是依照他對解剖學的愛，以及參考古羅馬百夫長的盔甲造型，所打造出匠心獨具的設計。《蝙蝠俠大顯神威》蜜雪兒菲佛。延伸閱讀 >> 貓女學姐給新學妹的關鍵忠告：小心所有超級英雄都害怕的「那個」惡魔！儘管凸顯乳頭的蝙蝠俠戰袍被人們所詬病，但何塞費南德茲這位設計大師，為現今的 DC 及漫威等超級英雄電影設計出多款戰袍，也包括初代黑豹的一身流線勁裝戰袍。Ironhead Studio（@ironhead_studio）分享的貼文而回到蝙蝠俠戰袍的部份，何塞費南德茲共參與過六套蝙蝠俠戰袍的製作與設計工作，最近設計的一件蝙蝠裝，則是《蝙蝠俠對超人：正義曙光》中，班艾佛列克飾演的蝙蝠俠所穿的戰袍。雖然他為蝙蝠俠設計的乳頭蝙蝠裝，看似超前了世人目前的理解太多而反倒為人詬病，但卻也成就出不一樣的經典。Ironhead Studio（@ironhead_studio）分享的貼文延伸閱讀 >> 從蝙蝠俠到 NASA 太空人！SpaceX 太空衣背後的男人——好萊塢服裝設計大師何塞費南德茲|https://news.agentm.tw/224375/|https://news.agentm.tw/wp-content/uploads/Val-Kilmer-George-Clooney-Batman-600x338-1-390x220.jpg|['蝙蝠俠', '真人', '電影', '蝙蝠俠', '蝙蝠俠', '大顯神威', '提姆波頓', '離開', '蝙蝠俠', '系列', '電影', '導演', '喬伊舒馬克', '蝙蝠俠', '歌德', '風格', '卡通', '路線', '服裝', '設計', '蝙蝠俠', '戰袍', '改變', '乳頭', '嘲笑', '蝙蝠', '裝上', '乳頭', '批評', '蝙蝠', '裝中上', '乳頭', '引起', '爭議', '蝙蝠俠', '漫畫', '作者', '鮑勃肯恩', '蝙蝠', '裝上加上', '乳頭', '華納', '喬治克隆尼', '主演', '蝙蝠俠', '電影', '蝙蝠俠', '急凍人', '蝙蝠', '裝上', '乳頭', '喬治克隆尼', '蝙蝠俠', '急凍人', '乳頭的', '蝙蝠裝', '造型', '內容', '目錄', '蝙蝠俠', '蝙蝠俠', '急凍人', '設計', '蝙蝠裝，好萊塢', '電影', '服裝', '設計師', '何塞費南德茲 ', '訪談', '蝙蝠', '裝上', '乳頭', '設計', '緣由', '蝙蝠裝', '設計', '靈感', '盔甲', '靈感', '羅馬', '時代', '職業', '軍官', '穿戴', '盔甲', '漫畫', '人物', '造型', '設定', '設計', '引發', '爭議', '英雄', '電影', '歷史', '古羅馬', '軍職', '盔甲', '蝙蝠俠', '電影', '蝙蝠俠', '戰袍', '設計', '參考', '蝙蝠俠 3', '蝙蝠裝', '乳頭', '添加', '東西', '戀物癖', '盔甲', '設計', '漫畫', '英雄', '打扮', '噴滿', '解剖學', '加上', '乳頭', '爭議', '蝙蝠俠', ' 3', '方基墨', '穿上', '蝙蝠裝', '乳頭', '設計', '閱讀', '力挺', '美學', '經典', '設計', '喬伊舒馬克', '蝙蝠俠', '奶頭', '奶頭', '發言', '解開', '蝙蝠俠', '系列', '電影', '謎團', '蝙蝠俠', '大顯神威', '蜜雪兒菲佛', '飾演', '貓女', '乳膠', '戰袍', '文化', '啟發', '影迷', '蝙蝠裝', '乳頭', '戀物癖', '啟發', '設計', '加上', '蝙蝠裝', '胸肌', '腹肌', '紋理', '大師', '解剖學', '參考', '羅馬百夫長', '盔甲', '造型', '打造', '設計', '蝙蝠俠', '大顯神威', '雪兒', '菲佛', '閱讀', '學姐', '學妹', '關鍵', '忠告：', '英雄', '惡魔', '蝙蝠俠', '戰袍', '人們', '設計', '大師', '英雄', '電影', '設計出', '戰袍', '黑豹', '勁裝', '戰袍', '貼文', '蝠俠', '戰袍', '何塞費南德茲共', '參與', '蝙蝠俠', '戰袍', '設計', '工作', '設計', '蝙蝠裝', '蝙蝠俠', '超人', '正義', '曙光', '班艾佛列克', '飾演', '蝙蝠俠', '戰袍', '蝙蝠俠', '設計', '乳頭', '蝙蝠裝', '世人', '成就出', '經典', '貼文', '閱讀', '蝙蝠俠', '太空人', '太空衣', '背後', '男人', '好萊塢', '服裝', '設計', '大師', '何塞費南德茲']|[('蝙蝠俠', 25), ('設計', 16), ('乳頭', 11), ('戰袍', 9), ('電影', 8), ('蝙蝠裝', 8), ('蝙蝠', 5), ('盔甲', 5), ('英雄', 4), ('大顯神威', 3), ('服裝', 3), ('裝上', 3), ('爭議', 3), ('漫畫', 3), ('急凍人', 3), ('造型', 3), ('閱讀', 3), ('大師', 3), ('系列', 2), ('喬伊舒馬克', 2), ('喬治克隆尼', 2), ('靈感', 2), ('參考', 2), ('戀物癖', 2), ('解剖學', 2), ('加上', 2), ('經典', 2), ('奶頭', 2), ('飾演', 2), ('啟發', 2), ('貼文', 2), ('真人', 1), ('提姆波頓', 1), ('離開', 1), ('導演', 1), ('歌德', 1), ('風格', 1), ('卡通', 1), ('路線', 1), ('改變', 1), ('嘲笑', 1), ('批評', 1), ('裝中上', 1), ('引起', 1), ('作者', 1), ('鮑勃肯恩', 1), ('裝上加上', 1), ('華納', 1), ('主演', 1), ('乳頭的', 1), ('內容', 1), ('目錄', 1), ('蝙蝠裝，好萊塢', 1), ('設計師', 1), ('何塞費南德茲 ', 1), ('訪談', 1), ('緣由', 1), ('羅馬', 1), ('時代', 1), ('職業', 1), ('軍官', 1), ('穿戴', 1), ('人物', 1), ('設定', 1), ('引發', 1), ('歷史', 1), ('古羅馬', 1), ('軍職', 1), ('蝙蝠俠 3', 1), ('添加', 1), ('東西', 1), ('打扮', 1), ('噴滿', 1), (' 3', 1), ('方基墨', 1), ('穿上', 1), ('力挺', 1), ('美學', 1), ('發言', 1), ('解開', 1), ('謎團', 1), ('蜜雪兒菲佛', 1), ('貓女', 1), ('乳膠', 1), ('文化', 1), ('影迷', 1), ('胸肌', 1), ('腹肌', 1), ('紋理', 1), ('羅馬百夫長', 1), ('打造', 1), ('雪兒', 1), ('菲佛', 1), ('學姐', 1), ('學妹', 1), ('關鍵', 1), ('忠告：', 1), ('惡魔', 1), ('人們', 1), ('設計出', 1), ('黑豹', 1), ('勁裝', 1), ('蝠俠', 1), ('何塞費南德茲共', 1), ('參與', 1), ('工作', 1), ('超人', 1), ('正義', 1), ('曙光', 1), ('班艾佛列克', 1), ('世人', 1), ('成就出', 1), ('太空人', 1), ('太空衣', 1), ('背後', 1), ('男人', 1), ('好萊塢', 1), ('何塞費南德茲', 1)]|4.279280707564226e-09|"解釋了為什麼要在蝙蝠裝上凸顯乳頭的設計緣由 | 雖然他為蝙蝠俠設計的乳頭蝙蝠裝 | 甚至《蝙蝠俠》的漫畫原作者鮑勃肯恩也反對在蝙蝠裝上加上乳頭"
電影專題/電影背後_2022-10-24_129|2022-10-24|【電影背後】三位蜘蛛人的「蛛絲發射器」是如何煉成的？復古的學生手作、花俏的掌中煙火……還有手腕上的小洞洞？|電影專題|在《蜘蛛人：無家日戲院加長版》的加長片段裡，蜘蛛人安德魯加菲爾德問蜘蛛人陶比麥奎爾……你的蛛絲是怎麼發射的？你是用意念控制發射的嗎？我可以按下我掌心的小按鈕發射蛛絲……但你呢？陶比看來有點小慌張，畢竟從來沒人跟他討論過，他是如何從手腕上的一個小洞，噴出白白黏稠的絲狀物質的。陶比最後說，這是天生的，我啥都沒想。也許我們可以來幫忙陶比想一想：索尼影業的三套《蜘蛛人》電影系列裡的「蛛絲發射器」，到底是如何煉成的？《蜘蛛人：無家日》。內容目錄蜘蛛人是漫威世界長久以來最受人喜愛的英雄之一，為什麼？有很多原因，但其中一個明顯的原因是：彼得帕克是一位有多重能力的超級英雄。一位超級英雄通常都只有一種超能力，有些超級英雄除了這項超能力以外，他身體的其他功能甚至還有些缺陷。但是彼得不同，他的身體可以黏在大多數的牆面上；他還有可以偵測威脅的蜘蛛感應；他的力量自然不小；而更犯規的是，他還能噴射蜘蛛網：一種極黏、強韌、具有某種延展性的絲狀物質，它可以變成繩索、球狀物、或是一片防止墜落的安全網。其實過去漫畫或動畫裡蜘蛛人的噴絲手勢有百百種。在蜘蛛人誕生以來的 60 個年頭裡，大多數時候，蜘蛛人的蛛絲，與發射它們的蛛絲發射器，是彼得帕克的課餘科學小研究。這種物質是他設計出來的化學合成物，而發射器也是他設計並打造的手工藝品。嚴格地說，承載彼得在紐約街頭高速擺盪的蛛絲，並不算是傳統定義裡的「天生神力」，它是純粹人工產物，而且任何取得它的人都能使用……當然你也可以說，能做出這種神奇物質的彼得，擁有一顆比地球大多數材料科學家都聰明的天才頭腦……這也算是某種智商超能力了。漫畫裡的經典發射器。在陶比麥奎爾、安德魯加菲德與湯姆霍蘭德三位索尼蜘蛛人裡，我們要先來談談小學弟湯姆。即便《蜘蛛人：返校日》開始的湯姆三部曲，是幾乎所有蜘蛛人作品裡最刻意忽略起源的作品──它從未交待彼得獲得超能力的過程、與他成為蜘蛛人前的生活、班叔也從未出現。但是，看來有點反傳統的湯姆蜘蛛人，他手上的蛛絲發射器，卻是這整個索尼蜘蛛人宇宙裡最致敬原典的部份之一。彼得自製發射器。湯姆的蛛絲發射器構造簡單，這個發射器有一個小小的噴射口，發射器連接著護腕，可以牢牢綁在手上，而噴射口的位置正位於測量脈搏的位置，噴射口後方有個夾槽，可以裝上兩管蛛絲液彈匣；發射器連出一條線路延伸到掌心，在末端有一個啟動按鈕。當彼得用中指與無名指按下按鈕，同時將掌底抬高，腕部的噴射口就能噴出蛛絲。《美國隊長 3：英雄內戰》。《蜘蛛人：返校日》系列的道具人員，製作了許多組相同構造、但在作工精細度上不斷提昇的多組發射器，這同時呼應了彼得帕克在這三部電影（與其他漫威宇宙電影）裡的冒險歷程。他在自己房間打造的初版發射器，看來是用手邊材料拼湊而成，談不上防水防電的安保高標準；但當他接受東尼史塔克的資源援助後，我們看到蛛絲發射器外型變得更圓潤了，上頭甚至還有裝飾用的網狀花紋。但無論湯姆霍蘭德的發射器是否變得越來越時尚，不變的是，這是一款基於真實性與易用程度考量所設計的虛構道具。優化版的發射器。湯姆霍蘭德本人對此非常讚賞：「……我喜愛彼得在學校時做的手工版發射器，它很酷，雖然它看起來很大又有點笨重，但它是真的有機械內構的，如果你真的按下那個按鈕，它是能夠真實運作的……這是我喜歡彼得初版發射器的原因，因為它們盡可能地符合現實。我知道雖然真實生活裡不是每個人都有能力製作這種東西，但是，如果你拿這個發射器去與安德魯加菲德的版本比較看看，他的發射器既小又精簡……那讓我覺得實在是太唬爛了，但像這個又大又笨重的發射器，這才像是一個孩子會在房間裡自造的道具。」湯姆版發射器。當然，湯姆蜘蛛人其實沒太多資格說別人，有富爸爸東尼撐腰的他，發射器只會變得越來越浮誇：在《蜘蛛人：返校日》裡由東尼親自設計的發射器，可以與他製作的蜘蛛人戰衣無線通訊，讓彼得透過戰衣內建的 AI ，瀏覽調配發射器內的蛛絲成份，組合出超過 500 種特殊性質的蛛絲，隨時噴出蛛網手榴彈、跳彈網、電擊蛛絲等等新奇的玩意。有趣的是 70 年代東映製作的日本《蜘蛛人》影集裡，發射器也是這麼多功能，它不只是發射器，還是通訊設備、個人數位助理、而且可以召喚巨大機器人。日本《蜘蛛人》影集。但是不管東尼史塔克的黑科技有多麼天馬行空，整體湯姆霍蘭德蜘蛛人系列的發射器硬體設計，仍然是符合人體工學與機構組裝可能性的──你如果仔細看看蜘蛛人的腰帶，上頭甚至還有放置蛛絲液彈匣的小空間。當然，在史塔克開始全面擁抱奈米科技後，他也幫乾兒子彼得做了一整套基於奈米科技的新發射器，那個有如鐐銬一般的發射器，現在變成了手腕上的小徽章，你在電影裡幾乎很難看到它。湯姆霍蘭德的發射器變得越來越不真實──在《蜘蛛人：無家日》裡，他甚至還有魔法加持後的發射器。不過，這也是因為湯姆蜘蛛人的人脈很廣……這樣說來，《蜘蛛人：驚奇再起》裡無父無母無叔無友的安德魯蜘蛛人，他的發射器才是真正的黑科技。《蜘蛛人：驚奇再起》。就像湯姆霍蘭德幹譙的一樣，安德魯加菲德版本的發射器，實在是太酷炫了：這個號稱自手錶改造而來的發射器，上頭仍有代表手錶結構的微小齒輪。雖然我們無法理解這些齒輪是要怎麼噴出蛛絲，但至少這種設計，看起來有一種蒸氣龐克風格的古拙新穎感。《蜘蛛人：驚奇再起》。當然你可能會質疑，發射器這個理應不能讓太多人瞧見的小東西，為什麼要刻意打造得這麼……花俏？但安德魯版本的發射器還有更多花枝招展的部份呢：它的腕帶可是真皮製作、它的「錶面」還會顯示蛛絲液目前存量……整個發射器還是紅藍塗裝，正好與安德魯的戰衣色系維持統一。《蜘蛛人：驚奇再起》發射器。但是安德魯發射器最花俏之處，是在於它極度強調存在感的這一點：安德魯蜘蛛人每一次發射蛛網，這個小小的發射器都會閃出紅光、同時噴出一縷輕煙。這看來非常不適合用在間諜行動當中，但仔細想想，安德魯加菲德飾演的彼得帕克，其實是所有彼得帕克之中，最不在意「保密」的一位蜘蛛人：他甚至主動在關史黛西面前顯露他的祕密身份。《蜘蛛人：驚奇再起》。安德魯蜘蛛人是最接近蜘蛛人「賤嘴」形象的一個版本，像是《蜘蛛人：驚奇再起》裡的一幕，當他在阻止偷車賊行竊時，幾乎是以嘲諷的方式在玩弄惡徒，他在渾然不知自己身份的壞蛋面前，先露出弱小無辜的模樣求饒，說學逗唱好不熱鬧，然後再用蛛絲將對方的四肢黏在牆上……甚至也給了對方重要部位一網。《蜘蛛人：驚奇再起》。這種活跳浮誇的性格，與彼得在《蜘蛛人：驚奇再起》裡必須面對親人之死的自咎，形成巨大的落差，也許說，套上蜘蛛人面罩的彼得，才能借用這個神秘身份，以脫軌滑稽的形式去抒發內心的憤怒與痛苦──蒙面義警對彼得來說，像是用表演形式在間接自我治療，而花俏的發射器也是他表演裡的一部分。看到彼得在蜥蜴人身邊擺盪迴旋，雙手快速連噴蛛絲，同時雙手手腕紅光連發，將蜥蜴人包成一團大繭，這種戰鬥方式有著華麗的戲劇效果，很少蜘蛛人能夠超越。《蜘蛛人：驚奇再起》。而最不可思議的發射器，仍然是陶比麥奎爾 2002 年電影《蜘蛛人》的版本：他根本不需要機器裝置的發射器。這位神奇的蜘蛛人，他的體內可以自動製造蛛絲，然後透過手腕上的小洞噴出。這是極其大膽的設計，在一部主流電影裡，顛覆了過去數十年《蜘蛛人》漫畫的傳統，讓彼得成為正宗的變種人類，意味著他的體內有一整套產製、傳輸、與噴射蛛絲的完整生理系統。《蜘蛛人》。可是，《蜘蛛人》原本並不想這麼離經叛道，劇本原案裡確實讓彼得「遵照古法」，自己研究蛛絲液與製作發射器。但最後，劇組決定「回歸自然」，讓這一套噴絲玩意，完全「內建」在彼得體內。《蜘蛛人》。理論上，陶比蜘蛛人的蛛絲，應該與人類的眼淚或血液一樣會持續自動產生。但更奇妙的是，這位彼得的超能力，卻可能被他的心理狀態影響。當他在《蜘蛛人 2》裡陷入了信心危機……他的能力竟然一夕全失。尷尬的是，電影裡彼得帕克居然跑去看醫生，他難道不擔心一張小小的 X 光片，就會被醫生發現他體內不同於常人的生理系統嗎？彼得的生理系統不太一樣。在《蜘蛛人：無家日戲院加長版》裡，當學弟都對學長的特殊生理感到好奇，陶比有點不好意思地回答：「這就好像在問我們是如何呼吸的……這全是自然而然的。」《蜘蛛人》。也許未來的蜘蛛人故事，會有更新奇的蛛絲發射器──也許它還會有自主意識呢。但無論控制器是生體系統、還是學生手作，它永遠都會幫助蜘蛛人達成任務……只是在意想不到的時刻，給他一個突如其來的驚嚇。延伸閱讀 >>《奇異博士》的「施法手勢」是如何煉成的？來點麥可傑克森、一點劉家輝、再加些《孔雀王》|https://news.agentm.tw/234867/|https://news.agentm.tw/wp-content/uploads/cover-1-1974-390x219.jpg|['蜘蛛人', '戲院', '加長版', '片段', '蜘蛛人', '安德魯加菲爾德', '蜘蛛人', '陶比', '麥奎爾', '蛛絲', '發射', '意念', '控制', '發射', '按下', '按鈕', '發射', '蛛絲…', '陶比', '手腕', '噴出', '絲狀', '物質', '陶比', '幫忙', '陶比', '索尼', '影業', '蜘蛛人', '電影', '系列', '蛛絲', '發射器', '蛛人', '內容', '目錄', '蜘蛛人', '英雄', '原因', '原因', '彼得帕克', '能力', '英雄', '英雄', '能力', '英雄', '超能力', '身體', '缺陷', '身體', '黏在', '牆面', '偵測', '威脅', '蜘蛛', '感應', '力量', '噴射', '蜘蛛網', '延展性', '絲狀', '物質', '繩索', '球狀物', '漫畫', '動畫', '蜘蛛人', '噴絲手勢', '蜘蛛人誕生', '時候', '蜘蛛人', '蛛絲', '發射', '蛛絲', '發射器', '彼得帕', '科學', '物質', '設計', '化學', '合成物', '發射器', '設計', '打造', '手工', '藝品', '承載', '彼得', '紐約', '街頭', '蛛絲', '定義', '神力', '人工', '產物', '取得', '使用', '做出', '物質', '彼得', '地球', '材料', '科學家', '天才', '頭腦', '智商', '超能力', '漫畫', '經典', '發射器', '陶比麥奎爾', '德魯加菲德', '湯姆霍蘭德', '索尼', '蜘蛛人', '湯姆', '蜘蛛人', '湯姆', '三部曲', '蜘蛛人', '作品', '起源', '作品', '待彼得', '超能力', '過程', '蛛人', '生活', '班叔', '湯姆', '蜘蛛人', '蛛絲', '發射器', '索尼', '蜘蛛', '宇宙', '彼得自製', '發射器', '湯姆的', '蛛絲', '發射器', '構造', '發射器', '噴射口', '發射器', '護腕', '噴射口', '位置', '測量', '脈搏', '位置', '噴射口', '夾槽', '裝上', '蛛絲液', '彈匣', '發射器', '線路', '延伸到', '掌心', '啟動', '按鈕', '彼得用中指', '無名指', '按下', '按鈕', '掌底', '抬高', '腕部', '噴射口', '噴出蛛絲', '美國', '隊長', '英雄', '內戰', '蜘蛛人', '系列', '道具', '人員', '製作', '構造', '精細度', '提昇', '發射器', '呼應', '彼得帕克', '電影', '宇宙', '電影', '歷程', '房間', '打造', '初版', '發射器', '手邊', '材料', '拼湊', '安保', '標準', '接受', '東尼', '史塔克', '資源', '援助', '蛛絲發射器', '外型', '裝飾用', '網狀', '花紋', '湯姆霍蘭德', '發射器', '時尚', '真實性', '程度', '設計', '虛構', '道具', '優化版', '發射器', '湯姆霍蘭德', '彼得', '學校', '手工版', '發射器', '機械', '內構', '按下', '按鈕', '彼得', '初版發射器', '原因', '現實', '生活', '製作', '東西', '發射器', '安德魯加菲德', '版本', '看看', '發射器', '發射器', '孩子', '房間', '自造', '道具', '湯姆版', '發射器', '湯姆', '蜘蛛人', '資格', '富爸爸', '東尼', '發射', '蜘蛛人', '東尼', '設計', '發射器', '製作', '蜘蛛人', '戰衣無線', '通訊', '彼得', '戰衣', '內建', '瀏覽', '調配', '發射器', '蛛絲', '成份', '組合', '出超', '性質', '蛛絲', '噴出', '蛛網', '手榴彈', '彈網', '電擊', '蛛絲', '玩意', '製作', '日本', '蜘蛛人', '影集', '發射器', '功能', '發射器', '通訊', '設備', '助理', '召喚', '機器人', '日本', '蜘蛛人', '影集', '東尼史塔克', '科技', '整體', '湯姆霍蘭德', '蜘蛛人', '系列', '發射器', '硬體', '設計', '人體', '工學', '機構', '組裝', '可能性', '看看', '蜘蛛人', '腰帶', '放置', '蛛絲液', '彈匣', '空間', '史塔克', '擁抱', '奈米', '科技', '乾兒子', '彼得', '奈米', '科技', '發射器', '手腕上', '電影', '湯姆霍蘭德', '發射器', '蜘蛛人：', '魔法', '加持', '發射器', '湯姆', '蛛人', '蜘蛛人', '安德魯', '蜘蛛人', '發射器', '科技', '蜘蛛人', '湯姆', '霍蘭德', '安德魯加菲德', '版本', '發射器', '手錶', '改造', '發射器', '代表', '手錶', '結構', '齒輪', '齒輪', '噴出', '蛛絲', '設計', '蒸氣', '風格', '新穎感', '蜘蛛人', '發射器', '東西', '打造', '安德魯', '版本', '發射器', '招展', '真皮', '製作', '錶面', '蛛絲液', '存量', '發射器', '塗裝', '安德魯', '蜘蛛人', '發射器', '安德魯', '發射器', '安德魯', '蜘蛛', '發射', '蛛網', '發射器', '噴出', '間諜行動', '安德魯加菲德', '飾演', '彼得帕克', '彼得', '帕克', '蜘蛛人', '史黛西', '面前', '祕密', '身份', '安德魯', '蜘蛛人是', '蜘蛛人', '形象', '版本', '蜘蛛人', '阻止', '嘲諷', '方式', '玩弄', '惡徒', '身份', '壞蛋', '面前', '露出', '模樣', '唱好', '蛛絲', '四肢', '部位', '蜘蛛人', '性格', '彼得', '蜘蛛人', '面對', '親人', '自咎', '落差', '套上', '蜘蛛人', '面罩', '彼得', '借用', '身份', '形式', '抒發', '內心', '義警', '彼得', '形式', '治療', '發射器', '表演', '彼得', '蜥蜴人', '身邊', '迴旋', '雙手', '蛛絲', '雙手', '手腕', '蜥蜴人', '方式', '戲劇', '效果', '蜘蛛人', '超越', '蜘蛛人', '發射器', '陶比麥奎爾', '電影', '蜘蛛人', '版本', '機器', '裝置', '發射器', '蜘蛛人', '體內', '製造', '蛛絲', '手腕', '噴出', '設計', '主流', '電影', '顛覆', '蛛人', '漫畫', '傳統', '正宗', '人類', '產製', '傳輸', '噴射', '蛛絲', '系統', '蜘蛛人》', '蛛人', '劇本', '原案', '彼得', '遵照', '古法', '蛛絲液', '製作', '發射器', '劇組', '自然', '噴絲', '玩意', '內建', '彼得', '蜘蛛人', '理論', '陶比', '蜘蛛人', '蛛絲', '人類', '眼淚', '血液', '超能力', '心理', '狀態', '影響', '蜘蛛人', '信心', '危機', '能力', '電影', '彼得帕克', '醫生', '醫生', '常人', '生理', '系統', '彼得', '生理', '系統', '蜘蛛人', '加長版', '學弟', '學長', '生理', '陶比', '意思', '呼吸', '蛛人', '蜘蛛人', '故事', '蛛絲', '發射器', '意識', '控制器', '系統', '學生', '手作', '幫助', '蜘蛛人', '達成', '任務', '時刻', '驚嚇', '閱讀', '手勢', '孔雀王']|[('發射器', 41), ('蜘蛛人', 40), ('蛛絲', 17), ('彼得', 14), ('電影', 7), ('設計', 7), ('陶比', 6), ('發射', 6), ('蛛人', 6), ('湯姆', 6), ('製作', 6), ('安德魯', 6), ('噴出', 5), ('英雄', 5), ('湯姆霍蘭德', 5), ('版本', 5), ('按鈕', 4), ('物質', 4), ('彼得帕克', 4), ('超能力', 4), ('噴射口', 4), ('蛛絲液', 4), ('科技', 4), ('系統', 4), ('按下', 3), ('手腕', 3), ('索尼', 3), ('系列', 3), ('原因', 3), ('能力', 3), ('蜘蛛', 3), ('漫畫', 3), ('打造', 3), ('道具', 3), ('東尼', 3), ('安德魯加菲德', 3), ('身份', 3), ('生理', 3), ('加長版', 2), ('絲狀', 2), ('身體', 2), ('噴射', 2), ('材料', 2), ('陶比麥奎爾', 2), ('作品', 2), ('生活', 2), ('宇宙', 2), ('構造', 2), ('位置', 2), ('彈匣', 2), ('房間', 2), ('史塔克', 2), ('東西', 2), ('看看', 2), ('通訊', 2), ('內建', 2), ('蛛網', 2), ('玩意', 2), ('日本', 2), ('影集', 2), ('奈米', 2), ('手錶', 2), ('齒輪', 2), ('面前', 2), ('方式', 2), ('形式', 2), ('蜥蜴人', 2), ('雙手', 2), ('人類', 2), ('醫生', 2), ('戲院', 1), ('片段', 1), ('安德魯加菲爾德', 1), ('麥奎爾', 1), ('意念', 1), ('控制', 1), ('蛛絲…', 1), ('幫忙', 1), ('影業', 1), ('內容', 1), ('目錄', 1), ('缺陷', 1), ('黏在', 1), ('牆面', 1), ('偵測', 1), ('威脅', 1), ('感應', 1), ('力量', 1), ('蜘蛛網', 1), ('延展性', 1), ('繩索', 1), ('球狀物', 1), ('動畫', 1), ('噴絲手勢', 1), ('蜘蛛人誕生', 1), ('時候', 1), ('彼得帕', 1), ('科學', 1), ('化學', 1), ('合成物', 1), ('手工', 1), ('藝品', 1), ('承載', 1), ('紐約', 1), ('街頭', 1), ('定義', 1), ('神力', 1), ('人工', 1), ('產物', 1), ('取得', 1), ('使用', 1), ('做出', 1), ('地球', 1), ('科學家', 1), ('天才', 1), ('頭腦', 1), ('智商', 1), ('經典', 1), ('德魯加菲德', 1), ('三部曲', 1), ('起源', 1), ('待彼得', 1), ('過程', 1), ('班叔', 1), ('彼得自製', 1), ('湯姆的', 1), ('護腕', 1), ('測量', 1), ('脈搏', 1), ('夾槽', 1), ('裝上', 1), ('線路', 1), ('延伸到', 1), ('掌心', 1), ('啟動', 1), ('彼得用中指', 1), ('無名指', 1), ('掌底', 1), ('抬高', 1), ('腕部', 1), ('噴出蛛絲', 1), ('美國', 1), ('隊長', 1), ('內戰', 1), ('人員', 1), ('精細度', 1), ('提昇', 1), ('呼應', 1), ('歷程', 1), ('初版', 1), ('手邊', 1), ('拼湊', 1), ('安保', 1), ('標準', 1), ('接受', 1), ('資源', 1), ('援助', 1), ('蛛絲發射器', 1), ('外型', 1), ('裝飾用', 1), ('網狀', 1), ('花紋', 1), ('時尚', 1), ('真實性', 1), ('程度', 1), ('虛構', 1), ('優化版', 1), ('學校', 1), ('手工版', 1), ('機械', 1), ('內構', 1), ('初版發射器', 1), ('現實', 1), ('孩子', 1), ('自造', 1), ('湯姆版', 1), ('資格', 1), ('富爸爸', 1), ('戰衣無線', 1), ('戰衣', 1), ('瀏覽', 1), ('調配', 1), ('成份', 1), ('組合', 1), ('出超', 1), ('性質', 1), ('手榴彈', 1), ('彈網', 1), ('電擊', 1), ('功能', 1), ('設備', 1), ('助理', 1), ('召喚', 1), ('機器人', 1), ('東尼史塔克', 1), ('整體', 1), ('硬體', 1), ('人體', 1), ('工學', 1), ('機構', 1)]|1.0|"湯姆霍蘭德的發射器變得越來越不真實──在《蜘蛛人：無家日》裡 | 發射器只會變得越來越浮誇：在《蜘蛛人：返校日》裡由東尼親自設計的發射器 | 也許我們可以來幫忙陶比想一想：索尼影業的三套《蜘蛛人》電影系列裡的「蛛絲發射器」"
